!========================================================================================================================!
!                                                                                                                        !
!                                                       VELOXCHEM                                                        !
!                                              AN ELECTRONIC STRUCTURE CODE                                              !
!                                                                                                                        !
!                                        Copyright 2018-2025 VeloxChem developers                                        !
!========================================================================================================================!
!                                VeloxChem execution started at Mon Jun 15 12:20:10 2026.                                !
!========================================================================================================================!
                                                                                                                          
* Info * Using 32 OpenMP threads per MPI process.                                                                         
                                                                                                                          
* Info * Reading input file alanine-cpp.inp...                                                                            
                                                                                                                          
* Info * @jobs                                                                                                            
* Info * task: response                                                                                                   
* Info * @end                                                                                                             
                                                                                                                          
* Info * @method_settings                                                                                                 
* Info * xcfun: cam-b3lyp                                                                                                 
* Info * basis: def2-svp                                                                                                  
* Info * @end                                                                                                             
                                                                                                                          
* Info * @response                                                                                                        
* Info * property: absorption (cpp)                                                                                       
* Info * frequencies: 0.20-0.35 (0.0025)                                                                                  
* Info * damping: 0.0045563                                                                                               
* Info * @end                                                                                                             
                                                                                                                          
                                              Molecular Geometry (Angstroms)                                              
                                             ================================                                             
                                                                                                                          
                          Atom         Coordinate X          Coordinate Y          Coordinate Z                           
                                                                                                                          
                           O           1.454000000000       -1.046300000000       -0.260000000000                         
                           O           1.249700000000        1.118200000000        0.400500000000                         
                           N          -1.412800000000        1.150100000000       -0.173400000000                         
                           C          -0.709300000000       -0.111500000000       -0.395100000000                         
                           C          -1.329100000000       -1.203800000000        0.466000000000                         
                           C           0.747500000000        0.093300000000       -0.038000000000                         
                           H          -0.777200000000       -0.369800000000       -1.456900000000                         
                           H          -2.399700000000       -1.308900000000        0.258300000000                         
                           H          -0.859000000000       -2.173600000000        0.269500000000                         
                           H          -1.207100000000       -0.993000000000        1.534900000000                         
                           H          -0.975000000000        1.892300000000       -0.717500000000                         
                           H          -1.341800000000        1.425100000000        0.805500000000                         
                           H           2.401500000000       -0.939500000000       -0.029400000000                         
                                                                                                                          
                          Molecular charge            : 0                                                                 
                          Spin multiplicity           : 1                                                                 
                          Number of atoms             : 13                                                                
                          Number of alpha electrons   : 24                                                                
                          Number of beta  electrons   : 24                                                                
                                                                                                                          
* Info * Reading basis set from file: /home/linares/miniconda3/envs/vlxsrc/lib/python3.13/site-packages/veloxchem/basis/DEF2-SVP
                                                                                                                          
                                              Molecular Basis (Atomic Basis)                                              
                                             ================================                                             
                                                                                                                          
                               Basis: DEF2-SVP                                                                            
                                                                                                                          
                               Atom Contracted GTOs           Primitive GTOs                                              
                                                                                                                          
                               O     (3S,2P,1D)                (7S,4P,1D)                                                 
                               N     (3S,2P,1D)                (7S,4P,1D)                                                 
                               C     (3S,2P,1D)                (7S,4P,1D)                                                 
                               H     (2S,1P)                   (4S,1P)                                                    
                                                                                                                          
                               Contracted Basis Functions : 119                                                           
                               Primitive Basis Functions  : 193                                                           
                                                                                                                          
                                                                                                                          
                                            Self Consistent Field Driver Setup                                            
                                           ====================================                                           
                                                                                                                          
                   Wave Function Model             : Spin-Restricted Kohn-Sham                                            
                   Initial Guess Model             : Superposition of Atomic Densities                                    
                   Convergence Accelerator         : Two Level Direct Inversion of Iterative Subspace                     
                   Max. Number of Iterations       : 50                                                                   
                   Max. Number of Error Vectors    : 10                                                                   
                   Convergence Threshold           : 1.0e-06                                                              
                   ERI Screening Threshold         : 1.0e-12                                                              
                   Linear Dependence Threshold     : 1.0e-06                                                              
                   Exchange-Correlation Functional : CAM-B3LYP                                                            
                   Molecular Grid Level            : 4                                                                    
                                                                                                                          
* Info * Nuclear repulsion energy: 249.6976169002 a.u.                                                                    
                                                                                                                          
* Info * Using the CAM-B3LYP functional.                                                                                  
                                                                                                                          
         T. Yanai, D. P. Tew, and N. C. Handy.,  Chem. Phys. Lett. 393, 51 (2004)
                                                                                                                          
* Info * Using the Libxc library (v7.0.0).                                                                                
                                                                                                                          
         S. Lehtola, C. Steigemann, M. J.T. Oliveira, and M. A.L. Marques.,  SoftwareX 7, 1–5 (2018)
                                                                                                                          
* Info * Using the following algorithm for XC numerical integration.                                                      
                                                                                                                          
         J. Kussmann, H. Laqua and C. Ochsenfeld, J. Chem. Theory Comput. 2021, 17, 1512-1521
                                                                                                                          
* Info * Molecular grid with 176425 points generated in 0.10 sec.                                                         
                                                                                                                          
* Info * Overlap matrix computed in 0.00 sec.                                                                             
                                                                                                                          
* Info * Kinetic energy matrix computed in 0.00 sec.                                                                      
                                                                                                                          
* Info * Nuclear potential matrix computed in 0.00 sec.                                                                   
                                                                                                                          
* Info * Orthogonalization matrix computed in 0.00 sec.                                                                   
                                                                                                                          
* Info * Starting Reduced Basis SCF calculation...                                                                        
* Info * ...done. SCF energy in reduced basis set: -321.446718411529 a.u. Time: 0.21 sec.                                 
                                                                                                                          
* Info * Overlap matrix computed in 0.00 sec.                                                                             
                                                                                                                          
* Info * Kinetic energy matrix computed in 0.00 sec.                                                                      
                                                                                                                          
* Info * Nuclear potential matrix computed in 0.00 sec.                                                                   
                                                                                                                          
* Info * Orthogonalization matrix computed in 0.00 sec.                                                                   
                                                                                                                          
                                                                                                                          
               Iter. |    Kohn-Sham Energy | Energy Change | Gradient Norm | Max. Gradient | Density Change               
               --------------------------------------------------------------------------------------------               
                  1      -323.349201776253    0.0000000000      0.37713802      0.02587604      0.00000000                
                  2      -323.357339882426   -0.0081381062      0.26733595      0.01415404      0.22903416                
                  3      -323.363741498068   -0.0064016156      0.09636886      0.00653746      0.09887562                
                  4      -323.364536071908   -0.0007945738      0.02171320      0.00114730      0.03171999                
                  5      -323.364579140498   -0.0000430686      0.00670046      0.00043388      0.00873684                
                  6      -323.364583616165   -0.0000044757      0.00190709      0.00011058      0.00256802                
                  7      -323.364584098696   -0.0000004825      0.00029242      0.00001487      0.00109467                
                  8      -323.364584120021   -0.0000000213      0.00016375      0.00000736      0.00029076                
                  9      -323.364584124119   -0.0000000041      0.00003515      0.00000127      0.00010119                
                 10      -323.364584124324   -0.0000000002      0.00001073      0.00000042      0.00002641                
                 11      -323.364584124337   -0.0000000000      0.00000467      0.00000017      0.00000586                
                 12      -323.364584124340   -0.0000000000      0.00000073      0.00000003      0.00000245                
                                                                                                                          
* Info * Checkpoint written to file: alanine-cpp_scf.h5                                                                   
                                                                                                                          
* Info * SCF results written to file: alanine-cpp.h5                                                                      
                                                                                                                          
               *** SCF converged in 12 iterations. Time: 4.17 sec.                                                        
                                                                                                                          
               Spin-Restricted Kohn-Sham:                                                                                 
               --------------------------                                                                                 
               Total Energy                       :     -323.3645841243 a.u.                                              
               Electronic Energy                  :     -573.0622010245 a.u.                                              
               Nuclear Repulsion Energy           :      249.6976169002 a.u.                                              
               ------------------------------------                                                                       
               Gradient Norm                      :        0.0000007264 a.u.                                              
                                                                                                                          
                                                                                                                          
               Ground State Information                                                                                   
               ------------------------                                                                                   
               Charge of Molecule            :  0.0                                                                       
               Multiplicity (2S+1)           :  1                                                                         
               Magnetic Quantum Number (M_S) :  0.0                                                                       
                                                                                                                          
                                                                                                                          
                                                 Spin Restricted Orbitals                                                 
                                                 ------------------------                                                 
                                                                                                                          
               Molecular Orbital No.  20:                                                                                 
               --------------------------                                                                                 
               Occupation: 2.000 Energy:   -0.43746 a.u.                                                                  
               (   3 N   1p-1:     0.25) (   4 C   1p-1:     0.27) (   5 C   1p-1:    -0.37)                              
               (   5 C   2p-1:    -0.15) (   9 H   1s  :     0.31) (  11 H   1s  :    -0.18)                              
                                                                                                                          
               Molecular Orbital No.  21:                                                                                 
               --------------------------                                                                                 
               Occupation: 2.000 Energy:   -0.42824 a.u.                                                                  
               (   4 C   1p0 :     0.33) (   5 C   1p0 :    -0.30) (   7 H   1s  :    -0.29)                              
               (  10 H   1s  :    -0.25)                                                                                  
                                                                                                                          
               Molecular Orbital No.  22:                                                                                 
               --------------------------                                                                                 
               Occupation: 2.000 Energy:   -0.38978 a.u.                                                                  
               (   1 O   1p0 :     0.42) (   1 O   2p0 :     0.33) (   2 O   1p0 :    -0.41)                              
               (   2 O   2p0 :    -0.29)                                                                                  
                                                                                                                          
               Molecular Orbital No.  23:                                                                                 
               --------------------------                                                                                 
               Occupation: 2.000 Energy:   -0.34770 a.u.                                                                  
               (   1 O   1p-1:    -0.23) (   1 O   2p-1:    -0.18) (   2 O   1p+1:     0.51)                              
               (   2 O   1p-1:    -0.25) (   2 O   2p+1:     0.36) (   2 O   2p-1:    -0.17)                              
               (   4 C   3s  :     0.27) (   4 C   1p+1:     0.17) (   4 C   2p+1:     0.16)                              
                                                                                                                          
               Molecular Orbital No.  24:                                                                                 
               --------------------------                                                                                 
               Occupation: 2.000 Energy:   -0.30509 a.u.                                                                  
               (   3 N   2s  :     0.17) (   3 N   3s  :     0.20) (   3 N   1p+1:     0.52)                              
               (   3 N   2p+1:    -0.43) (   6 C   1p+1:    -0.17)                                                        
                                                                                                                          
               Molecular Orbital No.  25:                                                                                 
               --------------------------                                                                                 
               Occupation: 0.000 Energy:    0.05252 a.u.                                                                  
               (   1 O   1p0 :     0.21) (   1 O   2p0 :     0.22) (   2 O   1p0 :     0.35)                              
               (   2 O   2p0 :     0.36) (   4 C   2p+1:     0.16) (   4 C   2p0 :    -0.31)                              
               (   5 C   3s  :     0.75) (   5 C   2p-1:     0.21) (   6 C   1p-1:     0.17)                              
               (   6 C   1p0 :    -0.50) (   6 C   2p0 :    -0.44) (   7 H   2s  :    -0.47)                              
               (   8 H   2s  :    -0.36) (  10 H   2s  :    -0.23)                                                        
                                                                                                                          
               Molecular Orbital No.  26:                                                                                 
               --------------------------                                                                                 
               Occupation: 0.000 Energy:    0.09139 a.u.                                                                  
               (   1 O   2s  :     0.17) (   1 O   3s  :     0.66) (   1 O   1p+1:     0.21)                              
               (   1 O   2p+1:     0.33) (   2 O   3s  :     0.16) (   3 N   2p-1:     0.19)                              
               (   4 C   3s  :     1.14) (   4 C   2p+1:     0.18) (   5 C   3s  :     0.55)                              
               (   5 C   2p-1:    -0.29) (   6 C   3s  :    -0.53) (   6 C   2p+1:     0.29)                              
               (   7 H   2s  :    -0.41) (   8 H   2s  :    -0.23) (   9 H   2s  :    -0.49)                              
               (  10 H   2s  :    -0.35) (  11 H   2s  :    -0.25) (  12 H   2s  :    -0.21)                              
               (  13 H   2s  :    -1.20)                                                                                  
                                                                                                                          
               Molecular Orbital No.  27:                                                                                 
               --------------------------                                                                                 
               Occupation: 0.000 Energy:    0.11254 a.u.                                                                  
               (   1 O   3s  :    -0.16) (   1 O   2p+1:    -0.22) (   2 O   3s  :     0.17)                              
               (   3 N   3s  :     1.09) (   3 N   2p+1:     0.20) (   3 N   2p-1:     0.17)                              
               (   4 C   3s  :     0.48) (   4 C   2p-1:    -0.38) (   4 C   2p0 :    -0.35)                              
               (   5 C   3s  :     0.88) (   5 C   2p-1:    -0.18) (   5 C   2p0 :     0.30)                              
               (   6 C   3s  :    -0.40) (   6 C   2p+1:    -0.22) (   7 H   2s  :    -0.67)                              
               (   8 H   2s  :    -0.38) (   9 H   2s  :    -0.50) (  10 H   2s  :    -0.54)                              
               (  11 H   2s  :    -0.72) (  12 H   2s  :    -0.62) (  13 H   2s  :     0.71)                              
                                                                                                                          
               Molecular Orbital No.  28:                                                                                 
               --------------------------                                                                                 
               Occupation: 0.000 Energy:    0.13704 a.u.                                                                  
               (   3 N   2p0 :     0.26) (   4 C   3s  :    -1.40) (   4 C   1p0 :     0.17)                              
               (   4 C   2p-1:     0.33) (   4 C   2p0 :     0.51) (   5 C   3s  :     1.56)                              
               (   5 C   1p0 :     0.17) (   5 C   2p-1:     0.20) (   5 C   2p0 :     0.37)                              
               (   7 H   2s  :     1.47) (   8 H   2s  :    -0.34) (  10 H   2s  :    -1.33)                              
               (  11 H   2s  :     0.47) (  12 H   2s  :    -0.62)                                                        
                                                                                                                          
               Molecular Orbital No.  29:                                                                                 
               --------------------------                                                                                 
               Occupation: 0.000 Energy:    0.14901 a.u.                                                                  
               (   3 N   3s  :    -1.08) (   3 N   2p+1:    -0.18) (   3 N   2p-1:    -0.16)                              
               (   4 C   3s  :     0.17) (   4 C   2p-1:     0.27) (   4 C   2p0 :    -0.42)                              
               (   5 C   3s  :     2.09) (   5 C   2p-1:    -0.26) (   7 H   2s  :    -0.66)                              
               (   8 H   2s  :    -1.08) (   9 H   2s  :    -0.99) (  10 H   2s  :    -0.61)                              
               (  11 H   2s  :     0.68) (  12 H   2s  :     0.74) (  13 H   2s  :     0.24)                              
                                                                                                                          
                                                                                                                          
                                                Ground State Dipole Moment                                                
                                               ----------------------------                                               
                                                                                                                          
                                   X   :         0.324034 a.u.         0.823613 Debye                                     
                                   Y   :        -0.550144 a.u.        -1.398326 Debye                                     
                                   Z   :        -0.060688 a.u.        -0.154254 Debye                                     
                                 Total :         0.641357 a.u.         1.630168 Debye                                     
                                                                                                                          
                                                                                                                          
                                              Complex Response Solver Setup                                               
                                             ===============================                                              
                                                                                                                          
                               Number of Frequencies           : 61                                                       
                               Max. Number of Iterations       : 150                                                      
                               Convergence Threshold           : 1.0e-04                                                  
                               ERI Screening Threshold         : 1.0e-12                                                  
                               Exchange-Correlation Functional : CAM-B3LYP                                                
                               Molecular Grid Level            : 4                                                        
                                                                                                                          
* Info * Using the CAM-B3LYP functional.                                                                                  
                                                                                                                          
         T. Yanai, D. P. Tew, and N. C. Handy.,  Chem. Phys. Lett. 393, 51 (2004)
                                                                                                                          
* Info * Using the Libxc library (v7.0.0).                                                                                
                                                                                                                          
         S. Lehtola, C. Steigemann, M. J.T. Oliveira, and M. A.L. Marques.,  SoftwareX 7, 1–5 (2018)
                                                                                                                          
* Info * Using the following algorithm for XC numerical integration.                                                      
                                                                                                                          
         J. Kussmann, H. Laqua and C. Ochsenfeld, J. Chem. Theory Comput. 2021, 17, 1512-1521
                                                                                                                          
* Info * Molecular grid with 176425 points generated in 0.09 sec.                                                         
                                                                                                                          
* Info * Processing 14 Fock builds...                                                                                     
                                                                                                                          
* Info * 13 gerade trial vectors in reduced space                                                                         
* Info * 14 ungerade trial vectors in reduced space                                                                       
                                                                                                                          
* Info * 18.82 MB of memory used for subspace procedure on the master node                                                
* Info * 112.33 GB of memory available for the solver on the master node                                                  
                                                                                                                          
               *** Iteration:   1 * Residuals (Max,Min): 7.40e-01 and 1.30e-01                                            
                                                                                                                          
               Operator:  electric dipole (xyz)                                                                           
                                                                                                                          
               <<x;x>>_0.2000 :    -50.20798157     -0.43052719j   Residual Norm: 0.45396509                              
               <<x;x>>_0.2025 :    -50.44754489     -0.44629301j   Residual Norm: 0.45037230                              
               <<x;x>>_0.2050 :    -50.69583228     -0.46377292j   Residual Norm: 0.44639513                              
               <<x;x>>_0.2075 :    -50.95366202     -0.48370653j   Residual Norm: 0.44184667                              
               <<x;x>>_0.2100 :    -51.22203098     -0.50744855j   Residual Norm: 0.43639163                              
               <<x;x>>_0.2125 :    -51.50197922     -0.53767491j   Residual Norm: 0.42939824                              
               <<x;x>>_0.2150 :    -51.79360526     -0.57999738j   Residual Norm: 0.41965853                              
               <<x;x>>_0.2175 :    -52.09096621     -0.64568409j   Residual Norm: 0.40518207                              
               <<x;x>>_0.2200 :    -52.36311721     -0.74466799j   Residual Norm: 0.38561880                              
               <<x;x>>_0.2225 :    -52.56061159     -0.81712333j   Residual Norm: 0.37324146                              
               <<x;x>>_0.2250 :    -52.78044174     -0.77957033j   Residual Norm: 0.38092090                              
               <<x;x>>_0.2275 :    -53.09485171     -0.73381163j   Residual Norm: 0.39144776                              
               <<x;x>>_0.2300 :    -53.44543917     -0.72695676j   Residual Norm: 0.39500043                              
               <<x;x>>_0.2325 :    -53.79777188     -0.73919815j   Residual Norm: 0.39546151                              
               <<x;x>>_0.2350 :    -54.16090291     -0.74466728j   Residual Norm: 0.39775000                              
               <<x;x>>_0.2375 :    -54.55057509     -0.75339459j   Residual Norm: 0.39878401                              
               <<x;x>>_0.2400 :    -54.96006052     -0.77252474j   Residual Norm: 0.39740663                              
               <<x;x>>_0.2425 :    -55.38632085     -0.79950302j   Residual Norm: 0.39455019                              
               <<x;x>>_0.2450 :    -55.83031362     -0.83231478j   Residual Norm: 0.39083621                              
               <<x;x>>_0.2475 :    -56.29403969     -0.87021370j   Residual Norm: 0.38654954                              
               <<x;x>>_0.2500 :    -56.77983571     -0.91318046j   Residual Norm: 0.38181386                              
               <<x;x>>_0.2525 :    -57.29031452     -0.96164847j   Residual Norm: 0.37667560                              
               <<x;x>>_0.2550 :    -57.82845173     -1.01642730j   Residual Norm: 0.37113803                              
               <<x;x>>_0.2575 :    -58.39772317     -1.07874223j   Residual Norm: 0.36517383                              
               <<x;x>>_0.2600 :    -59.00228903     -1.15037538j   Residual Norm: 0.35872697                              
               <<x;x>>_0.2625 :    -59.64724471     -1.23394563j   Residual Norm: 0.35170709                              
               <<x;x>>_0.2650 :    -60.33896949     -1.33343338j   Residual Norm: 0.34397578                              
               <<x;x>>_0.2675 :    -61.08560307     -1.45519098j   Residual Norm: 0.33532114                              
               <<x;x>>_0.2700 :    -61.89761717     -1.60999567j   Residual Norm: 0.32541339                              
               <<x;x>>_0.2725 :    -62.78809097     -1.81748769j   Residual Norm: 0.31373269                              
               <<x;x>>_0.2750 :    -63.77053448     -2.11629558j   Residual Norm: 0.29947425                              
               <<x;x>>_0.2775 :    -64.84352461     -2.58694677j   Residual Norm: 0.28154839                              
               <<x;x>>_0.2800 :    -65.91230115     -3.38665701j   Residual Norm: 0.25933126                              
               <<x;x>>_0.2825 :    -66.51860305     -4.61188095j   Residual Norm: 0.23619500                              
               <<x;x>>_0.2850 :    -66.10475206     -5.32144358j   Residual Norm: 0.22436471                              
               <<x;x>>_0.2875 :    -66.15564208     -4.63792345j   Residual Norm: 0.23088634                              
               <<x;x>>_0.2900 :    -67.37610213     -3.97323495j   Residual Norm: 0.24209971                              
               <<x;x>>_0.2925 :    -69.06742914     -3.78882966j   Residual Norm: 0.24727360                              
               <<x;x>>_0.2950 :    -70.96723506     -3.94026640j   Residual Norm: 0.24593339                              
               <<x;x>>_0.2975 :    -73.07087489     -4.33849726j   Residual Norm: 0.24010731                              
               <<x;x>>_0.3000 :    -75.44400910     -4.97972619j   Residual Norm: 0.23133815                              
               <<x;x>>_0.3025 :    -78.18445025     -5.92689288j   Residual Norm: 0.22051705                              
               <<x;x>>_0.3050 :    -81.42381269     -7.32259140j   Residual Norm: 0.20814943                              
               <<x;x>>_0.3075 :    -85.33646035     -9.44505569j   Residual Norm: 0.19457054                              
               <<x;x>>_0.3100 :    -90.13067259    -12.84642776j   Residual Norm: 0.18010577                              
               <<x;x>>_0.3125 :    -95.92363352    -18.67907487j   Residual Norm: 0.16523187                              
               <<x;x>>_0.3150 :   -102.02509719    -29.39032376j   Residual Norm: 0.15079530                              
               <<x;x>>_0.3175 :   -103.64812005    -49.04851145j   Residual Norm: 0.13831641                              
               <<x;x>>_0.3200 :    -85.27335668    -73.59187488j   Residual Norm: 0.13025128                              
               <<x;x>>_0.3225 :    -49.48063113    -70.67528535j   Residual Norm: 0.12965347                              
               <<x;x>>_0.3250 :    -36.48672944    -46.32642764j   Residual Norm: 0.13855997                              
               <<x;x>>_0.3275 :    -40.68383990    -29.63080817j   Residual Norm: 0.15613680                              
               <<x;x>>_0.3300 :    -48.47233297    -21.44665254j   Residual Norm: 0.17883170                              
               <<x;x>>_0.3325 :    -56.39328457    -18.05348060j   Residual Norm: 0.20215710                              
               <<x;x>>_0.3350 :    -64.20399266    -17.66420146j   Residual Norm: 0.22238306                              
               <<x;x>>_0.3375 :    -72.29352483    -19.96997214j   Residual Norm: 0.23751536                              
               <<x;x>>_0.3400 :    -80.99397706    -25.92952538j   Residual Norm: 0.24740385                              
               <<x;x>>_0.3425 :    -89.61480781    -38.36728454j   Residual Norm: 0.25314581                              
               <<x;x>>_0.3450 :    -92.38145092    -62.37373117j   Residual Norm: 0.25630211                              
               <<x;x>>_0.3475 :    -69.67382345    -93.56811246j   Residual Norm: 0.25833848                              
               <<x;x>>_0.3500 :    -22.50470848    -90.63148888j   Residual Norm: 0.26037176                              
               <<y;y>>_0.2000 :    -48.15132713     -0.30553186j   Residual Norm: 0.73999477                              
               <<y;y>>_0.2025 :    -48.32102058     -0.31948620j   Residual Norm: 0.73219042                              
               <<y;y>>_0.2050 :    -48.49826695     -0.33664982j   Residual Norm: 0.72229940                              
               <<y;y>>_0.2075 :    -48.68449465     -0.35887213j   Residual Norm: 0.70928185                              
               <<y;y>>_0.2100 :    -48.88156604     -0.38959266j   Residual Norm: 0.69142415                              
               <<y;y>>_0.2125 :    -49.09144901     -0.43565720j   Residual Norm: 0.66589529                              
               <<y;y>>_0.2150 :    -49.31375235     -0.51145900j   Residual Norm: 0.62835354                              
               <<y;y>>_0.2175 :    -49.53288064     -0.64594098j   Residual Norm: 0.57444669                              
               <<y;y>>_0.2200 :    -49.67018823     -0.86524272j   Residual Norm: 0.51081853                              
               <<y;y>>_0.2225 :    -49.60025701     -1.02066781j   Residual Norm: 0.47734366                              
               <<y;y>>_0.2250 :    -49.56632557     -0.90660873j   Residual Norm: 0.50261449                              
               <<y;y>>_0.2275 :    -49.74357850     -0.79072699j   Residual Norm: 0.53452571                              
               <<y;y>>_0.2300 :    -49.95370604     -0.80352345j   Residual Norm: 0.53261146                              
               <<y;y>>_0.2325 :    -50.05154679     -0.84285440j   Residual Norm: 0.52254434                              
               <<y;y>>_0.2350 :    -50.14138552     -0.74193482j   Residual Norm: 0.55415328                              
               <<y;y>>_0.2375 :    -50.35507200     -0.61959101j   Residual Norm: 0.60310452                              
               <<y;y>>_0.2400 :    -50.61865545     -0.55199039j   Residual Norm: 0.63877839                              
               <<y;y>>_0.2425 :    -50.88998845     -0.52107971j   Residual Norm: 0.66004423                              
               <<y;y>>_0.2450 :    -51.16183950     -0.50956349j   Residual Norm: 0.67187018                              
               <<y;y>>_0.2475 :    -51.43514729     -0.50895721j   Residual Norm: 0.67782392                              
               <<y;y>>_0.2500 :    -51.71208299     -0.51533125j   Residual Norm: 0.67992891                              
               <<y;y>>_0.2525 :    -51.99479456     -0.52690297j   Residual Norm: 0.67927270                              
               <<y;y>>_0.2550 :    -52.28531627     -0.54300804j   Residual Norm: 0.67640223                              
               <<y;y>>_0.2575 :    -52.58570044     -0.56369606j   Residual Norm: 0.67152641                              
               <<y;y>>_0.2600 :    -52.89819601     -0.58963116j   Residual Norm: 0.66460592                              
               <<y;y>>_0.2625 :    -53.22546003     -0.62220122j   Residual Norm: 0.65537447                              
               <<y;y>>_0.2650 :    -53.57082448     -0.66386682j   Residual Norm: 0.64330864                              
               <<y;y>>_0.2675 :    -53.93864355     -0.71891926j   Residual Norm: 0.62754725                              
               <<y;y>>_0.2700 :    -54.33469471     -0.79508312j   Residual Norm: 0.60675548                              
               <<y;y>>_0.2725 :    -54.76631468     -0.90703852j   Residual Norm: 0.57894949                              
               <<y;y>>_0.2750 :    -55.24052374     -1.08452052j   Residual Norm: 0.54141719                              
               <<y;y>>_0.2775 :    -55.75146147     -1.39071702j   Residual Norm: 0.49133307                              
               <<y;y>>_0.2800 :    -56.21686614     -1.95021941j   Residual Norm: 0.42903435                              
               <<y;y>>_0.2825 :    -56.25964309     -2.83783975j   Residual Norm: 0.36768195                              
               <<y;y>>_0.2850 :    -55.42070375     -3.28954809j   Residual Norm: 0.34227679                              
               <<y;y>>_0.2875 :    -54.88796260     -2.59134131j   Residual Norm: 0.37422485                              
               <<y;y>>_0.2900 :    -55.21643824     -1.87560320j   Residual Norm: 0.43183357                              
               <<y;y>>_0.2925 :    -55.82373939     -1.50405445j   Residual Norm: 0.48096525                              
               <<y;y>>_0.2950 :    -56.47405406     -1.34419115j   Residual Norm: 0.51172661                              
               <<y;y>>_0.2975 :    -57.13162692     -1.30018912j   Residual Norm: 0.52568127                              
               <<y;y>>_0.3000 :    -57.80596730     -1.33157270j   Residual Norm: 0.52620652                              
               <<y;y>>_0.3025 :    -58.51603132     -1.42807408j   Residual Norm: 0.51568533                              
               <<y;y>>_0.3050 :    -59.28477809     -1.59990432j   Residual Norm: 0.49524575                              
               <<y;y>>_0.3075 :    -60.13973061     -1.88060225j   Residual Norm: 0.46511161                              
               <<y;y>>_0.3100 :    -61.11190895     -2.34419430j   Residual Norm: 0.42515031                              
               <<y;y>>_0.3125 :    -62.21850569     -3.14989322j   Residual Norm: 0.37580122                              
               <<y;y>>_0.3150 :    -63.36247854     -4.63898160j   Residual Norm: 0.31996858                              
               <<y;y>>_0.3175 :    -63.87096139     -7.38014556j   Residual Norm: 0.26687175                              
               <<y;y>>_0.3200 :    -61.56394164    -10.80069537j   Residual Norm: 0.23686274                              
               <<y;y>>_0.3225 :    -56.79995946    -10.35793880j   Residual Norm: 0.25220013                              
               <<y;y>>_0.3250 :    -55.21740831     -6.89237058j   Residual Norm: 0.30778055                              
               <<y;y>>_0.3275 :    -56.02154044     -4.47720441j   Residual Norm: 0.37918110                              
               <<y;y>>_0.3300 :    -57.29248893     -3.21906978j   Residual Norm: 0.44859446                              
               <<y;y>>_0.3325 :    -58.52831527     -2.57190477j   Residual Norm: 0.50791052                              
               <<y;y>>_0.3350 :    -59.67179626     -2.24084139j   Residual Norm: 0.55451879                              
               <<y;y>>_0.3375 :    -60.74918688     -2.09609023j   Residual Norm: 0.58789821                              
               <<y;y>>_0.3400 :    -61.79290295     -2.09177880j   Residual Norm: 0.60726124                              
               <<y;y>>_0.3425 :    -62.81638768     -2.23935299j   Residual Norm: 0.60977038                              
               <<y;y>>_0.3450 :    -63.75480672     -2.59835503j   Residual Norm: 0.59084519                              
               <<y;y>>_0.3475 :    -64.33899510     -3.09896648j   Residual Norm: 0.55742388                              
               <<y;y>>_0.3500 :    -64.59942522     -3.13941403j   Residual Norm: 0.55127572                              
               <<z;z>>_0.2000 :    -39.22598144     -0.28163994j   Residual Norm: 0.41062554                              
               <<z;z>>_0.2025 :    -39.38256469     -0.29986489j   Residual Norm: 0.40456174                              
               <<z;z>>_0.2050 :    -39.54891369     -0.32344723j   Residual Norm: 0.39692733                              
               <<z;z>>_0.2075 :    -39.72737918     -0.35559296j   Residual Norm: 0.38700991                              
               <<z;z>>_0.2100 :    -39.92104863     -0.40228875j   Residual Norm: 0.37372503                              
               <<z;z>>_0.2125 :    -40.13315765     -0.47548894j   Residual Norm: 0.35548682                              
               <<z;z>>_0.2150 :    -40.36273121     -0.60038810j   Residual Norm: 0.33031409                              
               <<z;z>>_0.2175 :    -40.58191992     -0.82770891j   Residual Norm: 0.29710478                              
               <<z;z>>_0.2200 :    -40.65163289     -1.20298413j   Residual Norm: 0.26026595                              
               <<z;z>>_0.2225 :    -40.35028206     -1.46297093j   Residual Norm: 0.23608134                              
               <<z;z>>_0.2250 :    -40.10657161     -1.24291612j   Residual Norm: 0.23875992                              
               <<z;z>>_0.2275 :    -40.23144419     -1.01013596j   Residual Norm: 0.25172469                              
               <<z;z>>_0.2300 :    -40.42230778     -0.98972834j   Residual Norm: 0.25122847                              
               <<z;z>>_0.2325 :    -40.44619147     -1.02290106j   Residual Norm: 0.24458376                              
               <<z;z>>_0.2350 :    -40.45211887     -0.85722118j   Residual Norm: 0.25947645                              
               <<z;z>>_0.2375 :    -40.63314659     -0.66325772j   Residual Norm: 0.28863883                              
               <<z;z>>_0.2400 :    -40.88084479     -0.55090373j   Residual Norm: 0.31400936                              
               <<z;z>>_0.2425 :    -41.13334441     -0.49263486j   Residual Norm: 0.33180342                              
               <<z;z>>_0.2450 :    -41.37980927     -0.46239642j   Residual Norm: 0.34365793                              
               <<z;z>>_0.2475 :    -41.62118128     -0.44719649j   Residual Norm: 0.35148231                              
               <<z;z>>_0.2500 :    -41.85998939     -0.44073736j   Residual Norm: 0.35661152                              
               <<z;z>>_0.2525 :    -42.09847641     -0.43979210j   Residual Norm: 0.35990194                              
               <<z;z>>_0.2550 :    -42.33840785     -0.44260257j   Residual Norm: 0.36190118                              
               <<z;z>>_0.2575 :    -42.58117068     -0.44816225j   Residual Norm: 0.36296632                              
               <<z;z>>_0.2600 :    -42.82788974     -0.45587692j   Residual Norm: 0.36333620                              
               <<z;z>>_0.2625 :    -43.07951831     -0.46539491j   Residual Norm: 0.36317455                              
               <<z;z>>_0.2650 :    -43.33690362     -0.47651912j   Residual Norm: 0.36259594                              
               <<z;z>>_0.2675 :    -43.60083474     -0.48916289j   Residual Norm: 0.36168113                              
               <<z;z>>_0.2700 :    -43.87207884     -0.50333432j   Residual Norm: 0.36048525                              
               <<z;z>>_0.2725 :    -44.15140744     -0.51914886j   Residual Norm: 0.35903829                              
               <<z;z>>_0.2750 :    -44.43960114     -0.53688736j   Residual Norm: 0.35733115                              
               <<z;z>>_0.2775 :    -44.73736244     -0.55714488j   Residual Norm: 0.35526075                              
               <<z;z>>_0.2800 :    -45.04480149     -0.58106253j   Residual Norm: 0.35245817                              
               <<z;z>>_0.2825 :    -45.35962758     -0.60939921j   Residual Norm: 0.34806442                              
               <<z;z>>_0.2850 :    -45.67894545     -0.63594118j   Residual Norm: 0.34250998                              
               <<z;z>>_0.2875 :    -46.01372333     -0.65493534j   Residual Norm: 0.33936647                              
               <<z;z>>_0.2900 :    -46.36976479     -0.67610878j   Residual Norm: 0.33783970                              
               <<z;z>>_0.2925 :    -46.74352123     -0.70281282j   Residual Norm: 0.33612074                              
               <<z;z>>_0.2950 :    -47.13452751     -0.73435184j   Residual Norm: 0.33394068                              
               <<z;z>>_0.2975 :    -47.54422214     -0.77044827j   Residual Norm: 0.33137978                              
               <<z;z>>_0.3000 :    -47.97471152     -0.81144356j   Residual Norm: 0.32851074                              
               <<z;z>>_0.3025 :    -48.42854595     -0.85816320j   Residual Norm: 0.32536381                              
               <<z;z>>_0.3050 :    -48.90877143     -0.91196949j   Residual Norm: 0.32192671                              
               <<z;z>>_0.3075 :    -49.41904782     -0.97504466j   Residual Norm: 0.31813146                              
               <<z;z>>_0.3100 :    -49.96371001     -1.05107789j   Residual Norm: 0.31380863                              
               <<z;z>>_0.3125 :    -50.54732235     -1.14684662j   Residual Norm: 0.30856845                              
               <<z;z>>_0.3150 :    -51.17153925     -1.27553386j   Residual Norm: 0.30153287                              
               <<z;z>>_0.3175 :    -51.82012240     -1.45838612j   Residual Norm: 0.29109733                              
               <<z;z>>_0.3200 :    -52.42856015     -1.67982971j   Residual Norm: 0.27755889                              
               <<z;z>>_0.3225 :    -53.01785161     -1.79458053j   Residual Norm: 0.27065951                              
               <<z;z>>_0.3250 :    -53.78547012     -1.83645254j   Residual Norm: 0.27314501                              
               <<z;z>>_0.3275 :    -54.72015930     -1.94830406j   Residual Norm: 0.27580188                              
               <<z;z>>_0.3300 :    -55.77812085     -2.14610003j   Residual Norm: 0.27628877                              
               <<z;z>>_0.3325 :    -56.96860699     -2.43045596j   Residual Norm: 0.27539047                              
               <<z;z>>_0.3350 :    -58.32434632     -2.82059682j   Residual Norm: 0.27387177                              
               <<z;z>>_0.3375 :    -59.89285660     -3.35945591j   Residual Norm: 0.27220735                              
               <<z;z>>_0.3400 :    -61.73634890     -4.12698792j   Residual Norm: 0.27067738                              
               <<z;z>>_0.3425 :    -63.92330617     -5.27158365j   Residual Norm: 0.26938541                              
               <<z;z>>_0.3450 :    -66.46702195     -7.05420446j   Residual Norm: 0.26814511                              
               <<z;z>>_0.3475 :    -69.17794002     -9.72313759j   Residual Norm: 0.26659838                              
               <<z;z>>_0.3500 :    -72.22496963    -13.21546769j   Residual Norm: 0.26621824                              
                                                                                                                          
* Info * Processing 19 Fock builds...                                                                                     
                                                                                                                          
* Info * 32 gerade trial vectors in reduced space                                                                         
* Info * 33 ungerade trial vectors in reduced space                                                                       
                                                                                                                          
* Info * 20.21 MB of memory used for subspace procedure on the master node                                                
* Info * 112.30 GB of memory available for the solver on the master node                                                  
                                                                                                                          
               *** Iteration:   2 * Residuals (Max,Min): 1.24e-01 and 4.94e-02                                            
                                                                                                                          
               Operator:  electric dipole (xyz)                                                                           
                                                                                                                          
               <<x;x>>_0.2000 :    -53.85280156     -0.53671760j   Residual Norm: 0.10352009                              
               <<x;x>>_0.2025 :    -54.14932513     -0.56853169j   Residual Norm: 0.10234557                              
               <<x;x>>_0.2050 :    -54.45915300     -0.61250555j   Residual Norm: 0.10064703                              
               <<x;x>>_0.2075 :    -54.77873191     -0.68022046j   Residual Norm: 0.09799041                              
               <<x;x>>_0.2100 :    -55.08356124     -0.78919052j   Residual Norm: 0.09390607                              
               <<x;x>>_0.2125 :    -55.30350255     -0.90916358j   Residual Norm: 0.08971773                              
               <<x;x>>_0.2150 :    -55.47909941     -0.89776678j   Residual Norm: 0.08977470                              
               <<x;x>>_0.2175 :    -55.77376082     -0.81542592j   Residual Norm: 0.09286868                              
               <<x;x>>_0.2200 :    -56.14478119     -0.77294763j   Residual Norm: 0.09516000                              
               <<x;x>>_0.2225 :    -56.54023982     -0.76763637j   Residual Norm: 0.09611320                              
               <<x;x>>_0.2250 :    -56.94697000     -0.78605019j   Residual Norm: 0.09609309                              
               <<x;x>>_0.2275 :    -57.35750085     -0.82188798j   Residual Norm: 0.09544010                              
               <<x;x>>_0.2300 :    -57.76339973     -0.85729691j   Residual Norm: 0.09504982                              
               <<x;x>>_0.2325 :    -58.18935004     -0.87385075j   Residual Norm: 0.09547884                              
               <<x;x>>_0.2350 :    -58.65148017     -0.89348235j   Residual Norm: 0.09569327                              
               <<x;x>>_0.2375 :    -59.14015371     -0.92497493j   Residual Norm: 0.09545451                              
               <<x;x>>_0.2400 :    -59.65253268     -0.96610659j   Residual Norm: 0.09494120                              
               <<x;x>>_0.2425 :    -60.19052371     -1.01557228j   Residual Norm: 0.09426265                              
               <<x;x>>_0.2450 :    -60.75751496     -1.07365393j   Residual Norm: 0.09346417                              
               <<x;x>>_0.2475 :    -61.35775189     -1.14184354j   Residual Norm: 0.09256030                              
               <<x;x>>_0.2500 :    -61.99646783     -1.22291940j   Residual Norm: 0.09154933                              
               <<x;x>>_0.2525 :    -62.68026441     -1.32153575j   Residual Norm: 0.09041810                              
               <<x;x>>_0.2550 :    -63.41764652     -1.44559204j   Residual Norm: 0.08914219                              
               <<x;x>>_0.2575 :    -64.21956142     -1.60919606j   Residual Norm: 0.08768416                              
               <<x;x>>_0.2600 :    -65.09905840     -1.83930212j   Residual Norm: 0.08599289                              
               <<x;x>>_0.2625 :    -66.06553566     -2.19107770j   Residual Norm: 0.08401509                              
               <<x;x>>_0.2650 :    -67.09139784     -2.78049180j   Residual Norm: 0.08175783                              
               <<x;x>>_0.2675 :    -67.95852034     -3.79985135j   Residual Norm: 0.07949314                              
               <<x;x>>_0.2700 :    -67.94736774     -5.06289437j   Residual Norm: 0.07806033                              
               <<x;x>>_0.2725 :    -67.18257873     -5.05875231j   Residual Norm: 0.07832531                              
               <<x;x>>_0.2750 :    -67.55765343     -4.06803837j   Residual Norm: 0.07960653                              
               <<x;x>>_0.2775 :    -68.82462493     -3.45891977j   Residual Norm: 0.08050889                              
               <<x;x>>_0.2800 :    -70.36000335     -3.27798131j   Residual Norm: 0.08061221                              
               <<x;x>>_0.2825 :    -72.01918466     -3.35675390j   Residual Norm: 0.08012350                              
               <<x;x>>_0.2850 :    -73.81374941     -3.61675252j   Residual Norm: 0.07930494                              
               <<x;x>>_0.2875 :    -75.79388067     -4.04437335j   Residual Norm: 0.07834472                              
               <<x;x>>_0.2900 :    -78.02793038     -4.66975018j   Residual Norm: 0.07737954                              
               <<x;x>>_0.2925 :    -80.60499718     -5.56876061j   Residual Norm: 0.07652988                              
               <<x;x>>_0.2950 :    -83.64340963     -6.88801609j   Residual Norm: 0.07592605                              
               <<x;x>>_0.2975 :    -87.29696850     -8.90809183j   Residual Norm: 0.07572695                              
               <<x;x>>_0.3000 :    -91.73104453    -12.19140990j   Residual Norm: 0.07613230                              
               <<x;x>>_0.3025 :    -96.93150231    -17.92278294j   Residual Norm: 0.07738356                              
               <<x;x>>_0.3050 :   -101.69663683    -28.51177667j   Residual Norm: 0.07973425                              
               <<x;x>>_0.3075 :    -99.75706683    -46.45555771j   Residual Norm: 0.08332551                              
               <<x;x>>_0.3100 :    -79.78004330    -60.63295903j   Residual Norm: 0.08778342                              
               <<x;x>>_0.3125 :    -59.59334353    -51.68412304j   Residual Norm: 0.09154890                              
               <<x;x>>_0.3150 :    -56.40642223    -39.99600230j   Residual Norm: 0.09164149                              
               <<x;x>>_0.3175 :    -55.57029670    -35.49679475j   Residual Norm: 0.08742075                              
               <<x;x>>_0.3200 :    -53.68774461    -28.93384054j   Residual Norm: 0.08592599                              
               <<x;x>>_0.3225 :    -57.27870628    -22.42240953j   Residual Norm: 0.08917433                              
               <<x;x>>_0.3250 :    -63.36195416    -20.65236583j   Residual Norm: 0.09225863                              
               <<x;x>>_0.3275 :    -68.23400252    -23.99889748j   Residual Norm: 0.09200899                              
               <<x;x>>_0.3300 :    -66.66765802    -30.69291590j   Residual Norm: 0.08906989                              
               <<x;x>>_0.3325 :    -58.03207674    -30.03064026j   Residual Norm: 0.08679693                              
               <<x;x>>_0.3350 :    -55.87744442    -21.60340865j   Residual Norm: 0.08792322                              
               <<x;x>>_0.3375 :    -59.85275953    -15.55448338j   Residual Norm: 0.09233760                              
               <<x;x>>_0.3400 :    -65.22714749    -12.64534345j   Residual Norm: 0.09838683                              
               <<x;x>>_0.3425 :    -70.74786324    -11.58093711j   Residual Norm: 0.10471627                              
               <<x;x>>_0.3450 :    -76.38346654    -11.69304331j   Residual Norm: 0.11071459                              
               <<x;x>>_0.3475 :    -82.37242593    -12.80693958j   Residual Norm: 0.11626990                              
               <<x;x>>_0.3500 :    -89.03692762    -15.09356369j   Residual Norm: 0.12150080                              
               <<y;y>>_0.2000 :    -55.66922169     -0.53152652j   Residual Norm: 0.11300126                              
               <<y;y>>_0.2025 :    -55.96123946     -0.57361486j   Residual Norm: 0.11108734                              
               <<y;y>>_0.2050 :    -56.26925381     -0.63607916j   Residual Norm: 0.10819994                              
               <<y;y>>_0.2075 :    -56.58728891     -0.73859410j   Residual Norm: 0.10370078                              
               <<y;y>>_0.2100 :    -56.87440862     -0.91097637j   Residual Norm: 0.09720520                              
               <<y;y>>_0.2125 :    -57.01343308     -1.10343051j   Residual Norm: 0.09129226                              
               <<y;y>>_0.2150 :    -57.07280243     -1.07913376j   Residual Norm: 0.09191922                              
               <<y;y>>_0.2175 :    -57.32700580     -0.94240223j   Residual Norm: 0.09676176                              
               <<y;y>>_0.2200 :    -57.70525000     -0.88522957j   Residual Norm: 0.09974512                              
               <<y;y>>_0.2225 :    -58.11854389     -0.91692362j   Residual Norm: 0.09933841                              
               <<y;y>>_0.2250 :    -58.52651331     -1.04279921j   Residual Norm: 0.09539674                              
               <<y;y>>_0.2275 :    -58.83341842     -1.27335418j   Residual Norm: 0.08868817                              
               <<y;y>>_0.2300 :    -58.90644807     -1.41704875j   Residual Norm: 0.08477994                              
               <<y;y>>_0.2325 :    -59.04069927     -1.25107124j   Residual Norm: 0.08912989                              
               <<y;y>>_0.2350 :    -59.41918119     -1.06679808j   Residual Norm: 0.09609901                              
               <<y;y>>_0.2375 :    -59.88793559     -0.97761398j   Residual Norm: 0.10109520                              
               <<y;y>>_0.2400 :    -60.37893131     -0.94866680j   Residual Norm: 0.10401744                              
               <<y;y>>_0.2425 :    -60.88168682     -0.95238345j   Residual Norm: 0.10559533                              
               <<y;y>>_0.2450 :    -61.39879767     -0.97619117j   Residual Norm: 0.10633776                              
               <<y;y>>_0.2475 :    -61.93525629     -1.01521658j   Residual Norm: 0.10652058                              
               <<y;y>>_0.2500 :    -62.49665849     -1.06867657j   Residual Norm: 0.10627563                              
               <<y;y>>_0.2525 :    -63.08928917     -1.13880020j   Residual Norm: 0.10564476                              
               <<y;y>>_0.2550 :    -63.72063509     -1.23132595j   Residual Norm: 0.10460197                              
               <<y;y>>_0.2575 :    -64.39991734     -1.35778147j   Residual Norm: 0.10305539                              
               <<y;y>>_0.2600 :    -65.13781008     -1.54118198j   Residual Norm: 0.10083910                              
               <<y;y>>_0.2625 :    -65.94131644     -1.82954060j   Residual Norm: 0.09772216                              
               <<y;y>>_0.2650 :    -66.78411974     -2.32468407j   Residual Norm: 0.09354119                              
               <<y;y>>_0.2675 :    -67.47022041     -3.19592928j   Residual Norm: 0.08876497                              
               <<y;y>>_0.2700 :    -67.35787608     -4.27621549j   Residual Norm: 0.08561687                              
               <<y;y>>_0.2725 :    -66.55357833     -4.22230619j   Residual Norm: 0.08718801                              
               <<y;y>>_0.2750 :    -66.73238603     -3.28001926j   Residual Norm: 0.09263203                              
               <<y;y>>_0.2775 :    -67.66705938     -2.65905695j   Residual Norm: 0.09820187                              
               <<y;y>>_0.2800 :    -68.79464945     -2.39421449j   Residual Norm: 0.10216843                              
               <<y;y>>_0.2825 :    -69.97378309     -2.32628424j   Residual Norm: 0.10463950                              
               <<y;y>>_0.2850 :    -71.19677839     -2.37085023j   Residual Norm: 0.10610824                              
               <<y;y>>_0.2875 :    -72.48305752     -2.49261628j   Residual Norm: 0.10696345                              
               <<y;y>>_0.2900 :    -73.85767693     -2.68039474j   Residual Norm: 0.10745359                              
               <<y;y>>_0.2925 :    -75.34881894     -2.93680631j   Residual Norm: 0.10773317                              
               <<y;y>>_0.2950 :    -76.98936029     -3.27576273j   Residual Norm: 0.10790186                              
               <<y;y>>_0.2975 :    -78.81948514     -3.72501251j   Residual Norm: 0.10802526                              
               <<y;y>>_0.3000 :    -80.88901501     -4.33481802j   Residual Norm: 0.10813193                              
               <<y;y>>_0.3025 :    -83.25458487     -5.19799572j   Residual Norm: 0.10815202                              
               <<y;y>>_0.3050 :    -85.94751134     -6.48782651j   Residual Norm: 0.10765164                              
               <<y;y>>_0.3075 :    -88.83409463     -8.45009906j   Residual Norm: 0.10501489                              
               <<y;y>>_0.3100 :    -91.60264679    -10.98306905j   Residual Norm: 0.09753871                              
               <<y;y>>_0.3125 :    -94.83323616    -14.04122825j   Residual Norm: 0.08871759                              
               <<y;y>>_0.3150 :    -98.06627719    -19.29690137j   Residual Norm: 0.08407891                              
               <<y;y>>_0.3175 :    -97.94301713    -25.74629011j   Residual Norm: 0.08123329                              
               <<y;y>>_0.3200 :    -97.12152469    -27.80511554j   Residual Norm: 0.07962897                              
               <<y;y>>_0.3225 :   -102.40041463    -30.35604943j   Residual Norm: 0.08049062                              
               <<y;y>>_0.3250 :   -110.69147051    -40.79408393j   Residual Norm: 0.08246374                              
               <<y;y>>_0.3275 :   -114.30849227    -64.16322999j   Residual Norm: 0.08424713                              
               <<y;y>>_0.3300 :    -93.06138893    -96.88523446j   Residual Norm: 0.08576775                              
               <<y;y>>_0.3325 :    -44.03318200    -96.97784694j   Residual Norm: 0.08735260                              
               <<y;y>>_0.3350 :    -22.19371737    -63.64861989j   Residual Norm: 0.08937181                              
               <<y;y>>_0.3375 :    -25.60044020    -38.84607324j   Residual Norm: 0.09217632                              
               <<y;y>>_0.3400 :    -34.40190548    -25.81975653j   Residual Norm: 0.09607330                              
               <<y;y>>_0.3425 :    -42.98364101    -19.20255223j   Residual Norm: 0.10127798                              
               <<y;y>>_0.3450 :    -50.66806586    -16.00186111j   Residual Norm: 0.10784607                              
               <<y;y>>_0.3475 :    -57.74455056    -14.98581474j   Residual Norm: 0.11561978                              
               <<y;y>>_0.3500 :    -64.59124687    -15.91194492j   Residual Norm: 0.12423263                              
               <<z;z>>_0.2000 :    -41.73535509     -0.41968812j   Residual Norm: 0.08413375                              
               <<z;z>>_0.2025 :    -41.96018323     -0.48737480j   Residual Norm: 0.08236906                              
               <<z;z>>_0.2050 :    -42.20581483     -0.59907123j   Residual Norm: 0.07952066                              
               <<z;z>>_0.2075 :    -42.45762648     -0.79877537j   Residual Norm: 0.07496881                              
               <<z;z>>_0.2100 :    -42.62177116     -1.15317381j   Residual Norm: 0.06819419                              
               <<z;z>>_0.2125 :    -42.43181115     -1.54864586j   Residual Norm: 0.05992073                              
               <<z;z>>_0.2150 :    -42.04035881     -1.44817614j   Residual Norm: 0.05333607                              
               <<z;z>>_0.2175 :    -42.06519463     -1.08407695j   Residual Norm: 0.05130346                              
               <<z;z>>_0.2200 :    -42.34378774     -0.88345579j   Residual Norm: 0.05221331                              
               <<z;z>>_0.2225 :    -42.67501770     -0.85320731j   Residual Norm: 0.05283140                              
               <<z;z>>_0.2250 :    -42.98352407     -0.97723556j   Residual Norm: 0.05159866                              
               <<z;z>>_0.2275 :    -43.13290237     -1.25777152j   Residual Norm: 0.04941400                              
               <<z;z>>_0.2300 :    -42.93778923     -1.42152328j   Residual Norm: 0.04999489                              
               <<z;z>>_0.2325 :    -42.81002076     -1.15441251j   Residual Norm: 0.05521478                              
               <<z;z>>_0.2350 :    -43.00456164     -0.86118694j   Residual Norm: 0.06182460                              
               <<z;z>>_0.2375 :    -43.30562349     -0.69871285j   Residual Norm: 0.06722329                              
               <<z;z>>_0.2400 :    -43.61683687     -0.61712868j   Residual Norm: 0.07108989                              
               <<z;z>>_0.2425 :    -43.92160839     -0.57663444j   Residual Norm: 0.07382338                              
               <<z;z>>_0.2450 :    -44.22095780     -0.55803925j   Residual Norm: 0.07581436                              
               <<z;z>>_0.2475 :    -44.51843905     -0.55227409j   Residual Norm: 0.07733006                              
               <<z;z>>_0.2500 :    -44.81736059     -0.55487428j   Residual Norm: 0.07854160                              
               <<z;z>>_0.2525 :    -45.12049132     -0.56360510j   Residual Norm: 0.07955990                              
               <<z;z>>_0.2550 :    -45.43021102     -0.57745363j   Residual Norm: 0.08045973                              
               <<z;z>>_0.2575 :    -45.74869722     -0.59624482j   Residual Norm: 0.08129309                              
               <<z;z>>_0.2600 :    -46.07804971     -0.62064483j   Residual Norm: 0.08209222                              
               <<z;z>>_0.2625 :    -46.42018786     -0.65260458j   Residual Norm: 0.08285349                              
               <<z;z>>_0.2650 :    -46.77572185     -0.69649669j   Residual Norm: 0.08346073                              
               <<z;z>>_0.2675 :    -47.13842494     -0.75966789j   Residual Norm: 0.08342997                              
               <<z;z>>_0.2700 :    -47.48395915     -0.83582854j   Residual Norm: 0.08171354                              
               <<z;z>>_0.2725 :    -47.81914645     -0.87052216j   Residual Norm: 0.07919126                              
               <<z;z>>_0.2750 :    -48.21588372     -0.87507019j   Residual Norm: 0.07887773                              
               <<z;z>>_0.2775 :    -48.66841196     -0.90096944j   Residual Norm: 0.07998730                              
               <<z;z>>_0.2800 :    -49.15807442     -0.95205009j   Residual Norm: 0.08132654                              
               <<z;z>>_0.2825 :    -49.68485806     -1.02522928j   Residual Norm: 0.08262676                              
               <<z;z>>_0.2850 :    -50.25606212     -1.12218965j   Residual Norm: 0.08389437                              
               <<z;z>>_0.2875 :    -50.88267821     -1.24938305j   Residual Norm: 0.08517585                              
               <<z;z>>_0.2900 :    -51.57964126     -1.41892214j   Residual Norm: 0.08651236                              
               <<z;z>>_0.2925 :    -52.36736158     -1.65181261j   Residual Norm: 0.08793202                              
               <<z;z>>_0.2950 :    -53.27390886     -1.98520495j   Residual Norm: 0.08944602                              
               <<z;z>>_0.2975 :    -54.33672063     -2.48821593j   Residual Norm: 0.09104056                              
               <<z;z>>_0.3000 :    -55.59782926     -3.29782562j   Residual Norm: 0.09266122                              
               <<z;z>>_0.3025 :    -57.06242581     -4.70161843j   Residual Norm: 0.09418395                              
               <<z;z>>_0.3050 :    -58.47633681     -7.29517151j   Residual Norm: 0.09536354                              
               <<z;z>>_0.3075 :    -58.41896147    -11.83967004j   Residual Norm: 0.09579539                              
               <<z;z>>_0.3100 :    -53.64941937    -16.23752659j   Residual Norm: 0.09538601                              
               <<z;z>>_0.3125 :    -47.07981207    -14.29208402j   Residual Norm: 0.09517378                              
               <<z;z>>_0.3150 :    -45.50939960     -9.46198516j   Residual Norm: 0.09489821                              
               <<z;z>>_0.3175 :    -46.73644005     -6.45444172j   Residual Norm: 0.09417274                              
               <<z;z>>_0.3200 :    -48.45958429     -4.97605801j   Residual Norm: 0.09289845                              
               <<z;z>>_0.3225 :    -50.24028303     -4.43563204j   Residual Norm: 0.09070775                              
               <<z;z>>_0.3250 :    -51.93272386     -4.71763954j   Residual Norm: 0.08858376                              
               <<z;z>>_0.3275 :    -53.17620527     -5.97999768j   Residual Norm: 0.08744098                              
               <<z;z>>_0.3300 :    -52.73419268     -7.93517352j   Residual Norm: 0.08737937                              
               <<z;z>>_0.3325 :    -50.45327294     -7.85182025j   Residual Norm: 0.08763168                              
               <<z;z>>_0.3350 :    -49.89383608     -5.66170978j   Residual Norm: 0.08732537                              
               <<z;z>>_0.3375 :    -50.94834371     -4.05441934j   Residual Norm: 0.08625593                              
               <<z;z>>_0.3400 :    -52.35384627     -3.23412509j   Residual Norm: 0.08477358                              
               <<z;z>>_0.3425 :    -53.76224136     -2.85430884j   Residual Norm: 0.08337233                              
               <<z;z>>_0.3450 :    -55.14309946     -2.72499140j   Residual Norm: 0.08253989                              
               <<z;z>>_0.3475 :    -56.52931253     -2.77438103j   Residual Norm: 0.08282455                              
               <<z;z>>_0.3500 :    -57.96119861     -3.00240036j   Residual Norm: 0.08498630                              
                                                                                                                          
* Info * Processing 21 Fock builds...                                                                                     
                                                                                                                          
* Info * 53 gerade trial vectors in reduced space                                                                         
* Info * 54 ungerade trial vectors in reduced space                                                                       
                                                                                                                          
* Info * 21.74 MB of memory used for subspace procedure on the master node                                                
* Info * 112.21 GB of memory available for the solver on the master node                                                  
                                                                                                                          
               *** Iteration:   3 * Residuals (Max,Min): 9.41e-02 and 1.17e-02                                            
                                                                                                                          
               Operator:  electric dipole (xyz)                                                                           
                                                                                                                          
               <<x;x>>_0.2000 :    -54.19201389     -0.55260063j   Residual Norm: 0.01631815                              
               <<x;x>>_0.2025 :    -54.49679238     -0.58730098j   Residual Norm: 0.01623224                              
               <<x;x>>_0.2050 :    -54.81516077     -0.63633057j   Residual Norm: 0.01607713                              
               <<x;x>>_0.2075 :    -55.14130833     -0.71336955j   Residual Norm: 0.01580624                              
               <<x;x>>_0.2100 :    -55.44146026     -0.83502500j   Residual Norm: 0.01541490                              
               <<x;x>>_0.2125 :    -55.64190479     -0.94459534j   Residual Norm: 0.01519890                              
               <<x;x>>_0.2150 :    -55.83425167     -0.90406764j   Residual Norm: 0.01555242                              
               <<x;x>>_0.2175 :    -56.15581911     -0.82256946j   Residual Norm: 0.01607100                              
               <<x;x>>_0.2200 :    -56.54173935     -0.78681421j   Residual Norm: 0.01641536                              
               <<x;x>>_0.2225 :    -56.94856579     -0.78612238j   Residual Norm: 0.01660225                              
               <<x;x>>_0.2250 :    -57.36616044     -0.80810388j   Residual Norm: 0.01668291                              
               <<x;x>>_0.2275 :    -57.78678375     -0.84649117j   Residual Norm: 0.01669305                              
               <<x;x>>_0.2300 :    -58.20448327     -0.88090625j   Residual Norm: 0.01674990                              
               <<x;x>>_0.2325 :    -58.64748402     -0.89829127j   Residual Norm: 0.01692172                              
               <<x;x>>_0.2350 :    -59.12651263     -0.92168690j   Residual Norm: 0.01708303                              
               <<x;x>>_0.2375 :    -59.63231674     -0.95713772j   Residual Norm: 0.01720421                              
               <<x;x>>_0.2400 :    -60.16330229     -1.00244966j   Residual Norm: 0.01730323                              
               <<x;x>>_0.2425 :    -60.72197375     -1.05677818j   Residual Norm: 0.01739239                              
               <<x;x>>_0.2450 :    -61.31223170     -1.12090351j   Residual Norm: 0.01747739                              
               <<x;x>>_0.2475 :    -61.93896619     -1.19699192j   Residual Norm: 0.01756033                              
               <<x;x>>_0.2500 :    -62.60829511     -1.28890759j   Residual Norm: 0.01764088                              
               <<x;x>>_0.2525 :    -63.32803910     -1.40323459j   Residual Norm: 0.01771611                              
               <<x;x>>_0.2550 :    -64.10828624     -1.55157076j   Residual Norm: 0.01777902                              
               <<x;x>>_0.2575 :    -64.96150932     -1.75563450j   Residual Norm: 0.01781512                              
               <<x;x>>_0.2600 :    -65.89945080     -2.05904125j   Residual Norm: 0.01779595                              
               <<x;x>>_0.2625 :    -66.91300695     -2.55365705j   Residual Norm: 0.01766913                              
               <<x;x>>_0.2650 :    -67.87262781     -3.41342597j   Residual Norm: 0.01735876                              
               <<x;x>>_0.2675 :    -68.22206133     -4.67911372j   Residual Norm: 0.01684097                              
               <<x;x>>_0.2700 :    -67.52422652     -5.17383483j   Residual Norm: 0.01635571                              
               <<x;x>>_0.2725 :    -67.52624562     -4.29739384j   Residual Norm: 0.01632560                              
               <<x;x>>_0.2750 :    -68.63727639     -3.56848119j   Residual Norm: 0.01676338                              
               <<x;x>>_0.2775 :    -70.12896638     -3.30763440j   Residual Norm: 0.01738170                              
               <<x;x>>_0.2800 :    -71.76453539     -3.34618413j   Residual Norm: 0.01801854                              
               <<x;x>>_0.2825 :    -73.53450124     -3.58714447j   Residual Norm: 0.01864828                              
               <<x;x>>_0.2850 :    -75.48589325     -4.01033708j   Residual Norm: 0.01929480                              
               <<x;x>>_0.2875 :    -77.68772697     -4.64878149j   Residual Norm: 0.01999443                              
               <<x;x>>_0.2900 :    -80.23022410     -5.59237399j   Residual Norm: 0.02078742                              
               <<x;x>>_0.2925 :    -83.22942429     -7.02337956j   Residual Norm: 0.02171774                              
               <<x;x>>_0.2950 :    -86.81639194     -9.30889187j   Residual Norm: 0.02283310                              
               <<x;x>>_0.2975 :    -91.03131899    -13.21884738j   Residual Norm: 0.02418061                              
               <<x;x>>_0.3000 :    -95.24348327    -20.34494434j   Residual Norm: 0.02579004                              
               <<x;x>>_0.3025 :    -95.74274704    -32.73992027j   Residual Norm: 0.02762724                              
               <<x;x>>_0.3050 :    -84.05313394    -44.61126472j   Residual Norm: 0.02948075                              
               <<x;x>>_0.3075 :    -69.69696044    -40.36236083j   Residual Norm: 0.03071848                              
               <<x;x>>_0.3100 :    -68.40622450    -32.74411262j   Residual Norm: 0.03032723                              
               <<x;x>>_0.3125 :    -70.11264129    -33.08977846j   Residual Norm: 0.02848253                              
               <<x;x>>_0.3150 :    -64.92933737    -34.73929044j   Residual Norm: 0.02748509                              
               <<x;x>>_0.3175 :    -60.59748388    -28.13250213j   Residual Norm: 0.02854577                              
               <<x;x>>_0.3200 :    -63.98574072    -21.97687588j   Residual Norm: 0.03037998                              
               <<x;x>>_0.3225 :    -69.83675356    -20.97579373j   Residual Norm: 0.03179054                              
               <<x;x>>_0.3250 :    -73.90629843    -24.90124140j   Residual Norm: 0.03329052                              
               <<x;x>>_0.3275 :    -71.53763537    -29.80622078j   Residual Norm: 0.03702468                              
               <<x;x>>_0.3300 :    -67.64652105    -27.33256818j   Residual Norm: 0.04395002                              
               <<x;x>>_0.3325 :    -70.38148351    -23.86350997j   Residual Norm: 0.05143287                              
               <<x;x>>_0.3350 :    -74.69871563    -25.44555508j   Residual Norm: 0.05589984                              
               <<x;x>>_0.3375 :    -74.52025328    -29.15304354j   Residual Norm: 0.05636521                              
               <<x;x>>_0.3400 :    -73.23581148    -27.50732207j   Residual Norm: 0.05670460                              
               <<x;x>>_0.3425 :    -78.10186004    -25.46623196j   Residual Norm: 0.06216017                              
               <<x;x>>_0.3450 :    -86.10077865    -28.86279328j   Residual Norm: 0.07214520                              
               <<x;x>>_0.3475 :    -93.14583600    -40.04092633j   Residual Norm: 0.08353106                              
               <<x;x>>_0.3500 :    -90.47754081    -60.01234639j   Residual Norm: 0.09409864                              
               <<y;y>>_0.2000 :    -56.01189357     -0.54918647j   Residual Norm: 0.01630874                              
               <<y;y>>_0.2025 :    -56.31298339     -0.59466119j   Residual Norm: 0.01623019                              
               <<y;y>>_0.2050 :    -56.63019384     -0.66314767j   Residual Norm: 0.01604423                              
               <<y;y>>_0.2075 :    -56.95429484     -0.77680476j   Residual Norm: 0.01567481                              
               <<y;y>>_0.2100 :    -57.23156736     -0.96270003j   Residual Norm: 0.01508316                              
               <<y;y>>_0.2125 :    -57.34476803     -1.13134726j   Residual Norm: 0.01458225                              
               <<y;y>>_0.2150 :    -57.44078637     -1.06435392j   Residual Norm: 0.01474427                              
               <<y;y>>_0.2175 :    -57.73975781     -0.93952015j   Residual Norm: 0.01525364                              
               <<y;y>>_0.2200 :    -58.13888664     -0.90277627j   Residual Norm: 0.01555365                              
               <<y;y>>_0.2225 :    -58.56577422     -0.95331286j   Residual Norm: 0.01549284                              
               <<y;y>>_0.2250 :    -58.97988582     -1.10294822j   Residual Norm: 0.01506035                              
               <<y;y>>_0.2275 :    -59.26660322     -1.35391322j   Residual Norm: 0.01449608                              
               <<y;y>>_0.2300 :    -59.31648479     -1.46393056j   Residual Norm: 0.01464858                              
               <<y;y>>_0.2325 :    -59.48884791     -1.26862598j   Residual Norm: 0.01577736                              
               <<y;y>>_0.2350 :    -59.90073821     -1.08997159j   Residual Norm: 0.01695515                              
               <<y;y>>_0.2375 :    -60.39164131     -1.00836829j   Residual Norm: 0.01778686                              
               <<y;y>>_0.2400 :    -60.90306218     -0.98491512j   Residual Norm: 0.01835102                              
               <<y;y>>_0.2425 :    -61.42738156     -0.99337499j   Residual Norm: 0.01875889                              
               <<y;y>>_0.2450 :    -61.96803030     -1.02212696j   Residual Norm: 0.01907576                              
               <<y;y>>_0.2475 :    -62.53048361     -1.06695472j   Residual Norm: 0.01933353                              
               <<y;y>>_0.2500 :    -63.12085570     -1.12779469j   Residual Norm: 0.01954433                              
               <<y;y>>_0.2525 :    -63.74609233     -1.20801696j   Residual Norm: 0.01970679                              
               <<y;y>>_0.2550 :    -64.41447281     -1.31553359j   Residual Norm: 0.01980703                              
               <<y;y>>_0.2575 :    -65.13576859     -1.46645350j   Residual Norm: 0.01981590                              
               <<y;y>>_0.2600 :    -65.91884196     -1.69409773j   Residual Norm: 0.01968452                              
               <<y;y>>_0.2625 :    -66.75592459     -2.06946620j   Residual Norm: 0.01934942                              
               <<y;y>>_0.2650 :    -67.54475776     -2.72756233j   Residual Norm: 0.01879675                              
               <<y;y>>_0.2675 :    -67.84923199     -3.69910135j   Residual Norm: 0.01829523                              
               <<y;y>>_0.2700 :    -67.32573713     -4.06307112j   Residual Norm: 0.01856615                              
               <<y;y>>_0.2725 :    -67.33634976     -3.34842418j   Residual Norm: 0.01988527                              
               <<y;y>>_0.2750 :    -68.19667562     -2.73865223j   Residual Norm: 0.02153243                              
               <<y;y>>_0.2775 :    -69.33199754     -2.47966613j   Residual Norm: 0.02297197                              
               <<y;y>>_0.2800 :    -70.54936659     -2.43278063j   Residual Norm: 0.02415689                              
               <<y;y>>_0.2825 :    -71.83006924     -2.51133755j   Residual Norm: 0.02518482                              
               <<y;y>>_0.2850 :    -73.19460336     -2.68178545j   Residual Norm: 0.02614593                              
               <<y;y>>_0.2875 :    -74.67338972     -2.93961374j   Residual Norm: 0.02710382                              
               <<y;y>>_0.2900 :    -76.30318201     -3.30082221j   Residual Norm: 0.02810338                              
               <<y;y>>_0.2925 :    -78.12866991     -3.80510489j   Residual Norm: 0.02917674                              
               <<y;y>>_0.2950 :    -80.20259063     -4.53226532j   Residual Norm: 0.03033907                              
               <<y;y>>_0.2975 :    -82.57004287     -5.64328965j   Residual Norm: 0.03155955                              
               <<y;y>>_0.3000 :    -85.17101781     -7.46053956j   Residual Norm: 0.03266297                              
               <<y;y>>_0.3025 :    -87.42443059    -10.42070081j   Residual Norm: 0.03307909                              
               <<y;y>>_0.3050 :    -87.92957556    -13.66248165j   Residual Norm: 0.03168989                              
               <<y;y>>_0.3075 :    -88.39475039    -14.74331886j   Residual Norm: 0.02847757                              
               <<y;y>>_0.3100 :    -91.43122474    -16.41779401j   Residual Norm: 0.02631565                              
               <<y;y>>_0.3125 :    -94.21292727    -21.26417939j   Residual Norm: 0.02633182                              
               <<y;y>>_0.3150 :    -93.21085077    -26.16957856j   Residual Norm: 0.02686152                              
               <<y;y>>_0.3175 :    -93.71575507    -26.81697120j   Residual Norm: 0.02707961                              
               <<y;y>>_0.3200 :    -99.87053282    -30.16617629j   Residual Norm: 0.02784972                              
               <<y;y>>_0.3225 :   -107.21356727    -42.06727425j   Residual Norm: 0.02964683                              
               <<y;y>>_0.3250 :   -106.10307502    -66.09883343j   Residual Norm: 0.03219815                              
               <<y;y>>_0.3275 :    -77.70484198    -88.69618327j   Residual Norm: 0.03533266                              
               <<y;y>>_0.3300 :    -42.75854196    -74.73764299j   Residual Norm: 0.03905070                              
               <<y;y>>_0.3325 :    -36.55585707    -50.18625100j   Residual Norm: 0.04316945                              
               <<y;y>>_0.3350 :    -41.99152804    -38.26927501j   Residual Norm: 0.04655334                              
               <<y;y>>_0.3375 :    -44.50463741    -34.06259424j   Residual Norm: 0.04732917                              
               <<y;y>>_0.3400 :    -45.11296227    -27.61303527j   Residual Norm: 0.04682113                              
               <<y;y>>_0.3425 :    -50.11669159    -21.42433192j   Residual Norm: 0.04836112                              
               <<y;y>>_0.3450 :    -57.14204863    -19.09538357j   Residual Norm: 0.05270492                              
               <<y;y>>_0.3475 :    -64.20035931    -20.63475181j   Residual Norm: 0.05968943                              
               <<y;y>>_0.3500 :    -69.58739800    -26.63288616j   Residual Norm: 0.06958144                              
               <<z;z>>_0.2000 :    -41.86924638     -0.44254686j   Residual Norm: 0.01573641                              
               <<z;z>>_0.2025 :    -42.10401223     -0.52146488j   Residual Norm: 0.01549617                              
               <<z;z>>_0.2050 :    -42.35998681     -0.65435123j   Residual Norm: 0.01507008                              
               <<z;z>>_0.2075 :    -42.61299934     -0.89507668j   Residual Norm: 0.01437863                              
               <<z;z>>_0.2100 :    -42.72908431     -1.30924747j   Residual Norm: 0.01340825                              
               <<z;z>>_0.2125 :    -42.41752500     -1.67503123j   Residual Norm: 0.01239229                              
               <<z;z>>_0.2150 :    -42.03703921     -1.45219983j   Residual Norm: 0.01181621                              
               <<z;z>>_0.2175 :    -42.12600209     -1.07310165j   Residual Norm: 0.01185705                              
               <<z;z>>_0.2200 :    -42.42821784     -0.88645635j   Residual Norm: 0.01213903                              
               <<z;z>>_0.2225 :    -42.76701364     -0.86835736j   Residual Norm: 0.01224667                              
               <<z;z>>_0.2250 :    -43.07183719     -1.00565550j   Residual Norm: 0.01202784                              
               <<z;z>>_0.2275 :    -43.19198320     -1.28694654j   Residual Norm: 0.01174291                              
               <<z;z>>_0.2300 :    -42.98597438     -1.39108298j   Residual Norm: 0.01208968                              
               <<z;z>>_0.2325 :    -42.92022602     -1.10123940j   Residual Norm: 0.01325358                              
               <<z;z>>_0.2350 :    -43.14635104     -0.83287639j   Residual Norm: 0.01459294                              
               <<z;z>>_0.2375 :    -43.45537233     -0.68873308j   Residual Norm: 0.01569707                              
               <<z;z>>_0.2400 :    -43.77008991     -0.61699677j   Residual Norm: 0.01653949                              
               <<z;z>>_0.2425 :    -44.07871260     -0.58219539j   Residual Norm: 0.01719733                              
               <<z;z>>_0.2450 :    -44.38310428     -0.56746490j   Residual Norm: 0.01773937                              
               <<z;z>>_0.2475 :    -44.68692415     -0.56484158j   Residual Norm: 0.01821174                              
               <<z;z>>_0.2500 :    -44.99351882     -0.57045620j   Residual Norm: 0.01864376                              
               <<z;z>>_0.2525 :    -45.30576120     -0.58249754j   Residual Norm: 0.01905420                              
               <<z;z>>_0.2550 :    -45.62622594     -0.60039760j   Residual Norm: 0.01945482                              
               <<z;z>>_0.2575 :    -45.95736235     -0.62464723j   Residual Norm: 0.01985098                              
               <<z;z>>_0.2600 :    -46.30148225     -0.65715770j   Residual Norm: 0.02023767                              
               <<z;z>>_0.2625 :    -46.65990321     -0.70243642j   Residual Norm: 0.02058307                              
               <<z;z>>_0.2650 :    -47.02824486     -0.76918527j   Residual Norm: 0.02078124                              
               <<z;z>>_0.2675 :    -47.38175455     -0.85992182j   Residual Norm: 0.02061491                              
               <<z;z>>_0.2700 :    -47.70176613     -0.91869512j   Residual Norm: 0.02024809                              
               <<z;z>>_0.2725 :    -48.07549341     -0.91776082j   Residual Norm: 0.02052230                              
               <<z;z>>_0.2750 :    -48.52626633     -0.93215269j   Residual Norm: 0.02127885                              
               <<z;z>>_0.2775 :    -49.02347477     -0.97987691j   Residual Norm: 0.02210633                              
               <<z;z>>_0.2800 :    -49.56156642     -1.05654880j   Residual Norm: 0.02292590                              
               <<z;z>>_0.2825 :    -50.14786080     -1.16319375j   Residual Norm: 0.02375752                              
               <<z;z>>_0.2850 :    -50.79514311     -1.30781072j   Residual Norm: 0.02463001                              
               <<z;z>>_0.2875 :    -51.52121424     -1.50670019j   Residual Norm: 0.02556736                              
               <<z;z>>_0.2900 :    -52.35050620     -1.78951971j   Residual Norm: 0.02658753                              
               <<z;z>>_0.2925 :    -53.31596544     -2.21122988j   Residual Norm: 0.02770040                              
               <<z;z>>_0.2950 :    -54.45724632     -2.87933567j   Residual Norm: 0.02890270                              
               <<z;z>>_0.2975 :    -55.79613238     -4.01704228j   Residual Norm: 0.03016867                              
               <<z;z>>_0.3000 :    -57.19663200     -6.09505639j   Residual Norm: 0.03144030                              
               <<z;z>>_0.3025 :    -57.73991449     -9.87301336j   Residual Norm: 0.03265215                              
               <<z;z>>_0.3050 :    -54.60389464    -14.58821175j   Residual Norm: 0.03391125                              
               <<z;z>>_0.3075 :    -47.97637906    -14.53815876j   Residual Norm: 0.03535027                              
               <<z;z>>_0.3100 :    -45.14964815     -9.93839123j   Residual Norm: 0.03636725                              
               <<z;z>>_0.3125 :    -45.93760233     -6.50152992j   Residual Norm: 0.03680406                              
               <<z;z>>_0.3150 :    -47.51618835     -4.76962643j   Residual Norm: 0.03699741                              
               <<z;z>>_0.3175 :    -49.12192077     -3.96043643j   Residual Norm: 0.03664724                              
               <<z;z>>_0.3200 :    -50.69080783     -3.78933204j   Residual Norm: 0.03560180                              
               <<z;z>>_0.3225 :    -52.11981986     -4.27685501j   Residual Norm: 0.03469287                              
               <<z;z>>_0.3250 :    -52.93715652     -5.56599877j   Residual Norm: 0.03517110                              
               <<z;z>>_0.3275 :    -52.05497917     -6.81100109j   Residual Norm: 0.03795486                              
               <<z;z>>_0.3300 :    -50.74720933     -5.87213601j   Residual Norm: 0.04236388                              
               <<z;z>>_0.3325 :    -51.17013092     -4.27315128j   Residual Norm: 0.04682663                              
               <<z;z>>_0.3350 :    -52.39105809     -3.36998313j   Residual Norm: 0.05046041                              
               <<z;z>>_0.3375 :    -53.73564943     -2.99726476j   Residual Norm: 0.05324068                              
               <<z;z>>_0.3400 :    -55.09411196     -2.92986703j   Residual Norm: 0.05651257                              
               <<z;z>>_0.3425 :    -56.50214243     -3.13050182j   Residual Norm: 0.06141914                              
               <<z;z>>_0.3450 :    -57.95968963     -3.69684327j   Residual Norm: 0.06794331                              
               <<z;z>>_0.3475 :    -59.31517481     -4.87246361j   Residual Norm: 0.07596161                              
               <<z;z>>_0.3500 :    -59.84340657     -6.84362816j   Residual Norm: 0.08430706                              
                                                                                                                          
* Info * Processing 24 Fock builds...                                                                                     
                                                                                                                          
* Info * 76 gerade trial vectors in reduced space                                                                         
* Info * 78 ungerade trial vectors in reduced space                                                                       
                                                                                                                          
* Info * 23.45 MB of memory used for subspace procedure on the master node                                                
* Info * 112.23 GB of memory available for the solver on the master node                                                  
                                                                                                                          
               *** Iteration:   4 * Residuals (Max,Min): 8.37e-02 and 2.00e-03                                            
                                                                                                                          
               Operator:  electric dipole (xyz)                                                                           
                                                                                                                          
               <<x;x>>_0.2000 :    -54.19833708     -0.55310632j   Residual Norm: 0.00200237                              
               <<x;x>>_0.2025 :    -54.50336624     -0.58793081j   Residual Norm: 0.00201593                              
               <<x;x>>_0.2050 :    -54.82198286     -0.63718724j   Residual Norm: 0.00202679                              
               <<x;x>>_0.2075 :    -55.14824104     -0.71464893j   Residual Norm: 0.00203129                              
               <<x;x>>_0.2100 :    -55.44786575     -0.83677260j   Residual Norm: 0.00202479                              
               <<x;x>>_0.2125 :    -55.64733489     -0.94534196j   Residual Norm: 0.00201580                              
               <<x;x>>_0.2150 :    -55.84093506     -0.90344029j   Residual Norm: 0.00203391                              
               <<x;x>>_0.2175 :    -56.16378026     -0.82229918j   Residual Norm: 0.00207384                              
               <<x;x>>_0.2200 :    -56.55023959     -0.78703559j   Residual Norm: 0.00211381                              
               <<x;x>>_0.2225 :    -56.95742040     -0.78666555j   Residual Norm: 0.00214910                              
               <<x;x>>_0.2250 :    -57.37533292     -0.80890422j   Residual Norm: 0.00218186                              
               <<x;x>>_0.2275 :    -57.79617944     -0.84747993j   Residual Norm: 0.00221744                              
               <<x;x>>_0.2300 :    -58.21417546     -0.88180334j   Residual Norm: 0.00226226                              
               <<x;x>>_0.2325 :    -58.65781000     -0.89917380j   Residual Norm: 0.00230701                              
               <<x;x>>_0.2350 :    -59.13747377     -0.92272463j   Residual Norm: 0.00234586                              
               <<x;x>>_0.2375 :    -59.64391879     -0.95834766j   Residual Norm: 0.00238360                              
               <<x;x>>_0.2400 :    -60.17560973     -1.00384399j   Residual Norm: 0.00242299                              
               <<x;x>>_0.2425 :    -60.73507877     -1.05838804j   Residual Norm: 0.00246507                              
               <<x;x>>_0.2450 :    -61.32624952     -1.12278122j   Residual Norm: 0.00251049                              
               <<x;x>>_0.2475 :    -61.95404040     -1.19921865j   Residual Norm: 0.00255992                              
               <<x;x>>_0.2500 :    -62.62460756     -1.29161143j   Residual Norm: 0.00261427                              
               <<x;x>>_0.2525 :    -63.34582306     -1.40662787j   Residual Norm: 0.00267486                              
               <<x;x>>_0.2550 :    -64.12783803     -1.55602987j   Residual Norm: 0.00274376                              
               <<x;x>>_0.2575 :    -64.98317041     -1.76187967j   Residual Norm: 0.00282428                              
               <<x;x>>_0.2600 :    -65.92341904     -2.06855456j   Residual Norm: 0.00292179                              
               <<x;x>>_0.2625 :    -66.93828830     -2.56954100j   Residual Norm: 0.00304428                              
               <<x;x>>_0.2650 :    -67.89231409     -3.44032461j   Residual Norm: 0.00319975                              
               <<x;x>>_0.2675 :    -68.21586919     -4.70681276j   Residual Norm: 0.00338224                              
               <<x;x>>_0.2700 :    -67.51181402     -5.15892214j   Residual Norm: 0.00355161                              
               <<x;x>>_0.2725 :    -67.55339641     -4.27158809j   Residual Norm: 0.00366670                              
               <<x;x>>_0.2750 :    -68.68343388     -3.55864464j   Residual Norm: 0.00374645                              
               <<x;x>>_0.2775 :    -70.18220268     -3.31024307j   Residual Norm: 0.00383394                              
               <<x;x>>_0.2800 :    -71.82388679     -3.35792069j   Residual Norm: 0.00395231                              
               <<x;x>>_0.2825 :    -73.60210143     -3.60791340j   Residual Norm: 0.00410986                              
               <<x;x>>_0.2850 :    -75.56518252     -4.04277485j   Residual Norm: 0.00431167                              
               <<x;x>>_0.2875 :    -77.78344084     -4.69895075j   Residual Norm: 0.00456453                              
               <<x;x>>_0.2900 :    -80.34867625     -5.67238886j   Residual Norm: 0.00487845                              
               <<x;x>>_0.2925 :    -83.37789689     -7.15789206j   Residual Norm: 0.00526712                              
               <<x;x>>_0.2950 :    -86.99703771     -9.55065271j   Residual Norm: 0.00574754                              
               <<x;x>>_0.2975 :    -91.20739965    -13.68358375j   Residual Norm: 0.00633792                              
               <<x;x>>_0.3000 :    -95.17755256    -21.24499543j   Residual Norm: 0.00705077                              
               <<x;x>>_0.3025 :    -94.52501818    -33.94515596j   Residual Norm: 0.00787415                              
               <<x;x>>_0.3050 :    -81.54221482    -43.80674087j   Residual Norm: 0.00872881                              
               <<x;x>>_0.3075 :    -69.47693015    -37.89634619j   Residual Norm: 0.00938759                              
               <<x;x>>_0.3100 :    -69.70702102    -31.64537928j   Residual Norm: 0.00952787                              
               <<x;x>>_0.3125 :    -70.91888864    -33.28434925j   Residual Norm: 0.00929255                              
               <<x;x>>_0.3150 :    -64.81876465    -34.46615100j   Residual Norm: 0.00944045                              
               <<x;x>>_0.3175 :    -61.19069729    -27.34348542j   Residual Norm: 0.01020299                              
               <<x;x>>_0.3200 :    -65.05982717    -21.66512499j   Residual Norm: 0.01106047                              
               <<x;x>>_0.3225 :    -70.86828532    -21.19106533j   Residual Norm: 0.01163426                              
               <<x;x>>_0.3250 :    -74.36364143    -25.27248461j   Residual Norm: 0.01233604                              
               <<x;x>>_0.3275 :    -72.08216149    -28.79006329j   Residual Norm: 0.01438256                              
               <<x;x>>_0.3300 :    -71.00894774    -26.61807748j   Residual Norm: 0.01803056                              
               <<x;x>>_0.3325 :    -74.67515741    -26.58508984j   Residual Norm: 0.02232823                              
               <<x;x>>_0.3350 :    -76.34586023    -30.94702046j   Residual Norm: 0.02890274                              
               <<x;x>>_0.3375 :    -74.34820596    -33.49894143j   Residual Norm: 0.04019661                              
               <<x;x>>_0.3400 :    -73.83915329    -34.65907160j   Residual Norm: 0.04992725                              
               <<x;x>>_0.3425 :    -72.38978826    -36.53106691j   Residual Norm: 0.05209550                              
               <<x;x>>_0.3450 :    -70.87016038    -36.58368473j   Residual Norm: 0.04666240                              
               <<x;x>>_0.3475 :    -71.72972278    -35.69324009j   Residual Norm: 0.04199937                              
               <<x;x>>_0.3500 :    -76.02195427    -39.26235511j   Residual Norm: 0.04151676                              
               <<y;y>>_0.2000 :    -56.01709109     -0.54977487j   Residual Norm: 0.00237937                              
               <<y;y>>_0.2025 :    -56.31845862     -0.59543374j   Residual Norm: 0.00238505                              
               <<y;y>>_0.2050 :    -56.63593555     -0.66426576j   Residual Norm: 0.00237892                              
               <<y;y>>_0.2075 :    -56.96007608     -0.77857711j   Residual Norm: 0.00235040                              
               <<y;y>>_0.2100 :    -57.23636602     -0.96519411j   Residual Norm: 0.00228871                              
               <<y;y>>_0.2125 :    -57.34787204     -1.13222118j   Residual Norm: 0.00221922                              
               <<y;y>>_0.2150 :    -57.44574358     -1.06303441j   Residual Norm: 0.00221567                              
               <<y;y>>_0.2175 :    -57.74657938     -0.93878884j   Residual Norm: 0.00226586                              
               <<y;y>>_0.2200 :    -58.14635823     -0.90288144j   Residual Norm: 0.00230620                              
               <<y;y>>_0.2225 :    -58.57350355     -0.95407121j   Residual Norm: 0.00231488                              
               <<y;y>>_0.2250 :    -58.98742774     -1.10436611j   Residual Norm: 0.00230013                              
               <<y;y>>_0.2275 :    -59.27281589     -1.35512878j   Residual Norm: 0.00231556                              
               <<y;y>>_0.2300 :    -59.32297681     -1.46200347j   Residual Norm: 0.00245258                              
               <<y;y>>_0.2325 :    -59.49902136     -1.26614022j   Residual Norm: 0.00266618                              
               <<y;y>>_0.2350 :    -59.91274033     -1.08906338j   Residual Norm: 0.00283637                              
               <<y;y>>_0.2375 :    -60.40438162     -1.00857576j   Residual Norm: 0.00294925                              
               <<y;y>>_0.2400 :    -60.91641350     -0.98579160j   Residual Norm: 0.00303022                              
               <<y;y>>_0.2425 :    -61.44145098     -0.99471743j   Residual Norm: 0.00309665                              
               <<y;y>>_0.2450 :    -61.98297267     -1.02386363j   Residual Norm: 0.00315692                              
               <<y;y>>_0.2475 :    -62.54647083     -1.06908492j   Residual Norm: 0.00321470                              
               <<y;y>>_0.2500 :    -63.13807879     -1.13037031j   Residual Norm: 0.00327135                              
               <<y;y>>_0.2525 :    -63.76477010     -1.21115064j   Residual Norm: 0.00332691                              
               <<y;y>>_0.2550 :    -64.43485843     -1.31943828j   Residual Norm: 0.00338044                              
               <<y;y>>_0.2575 :    -65.15813315     -1.47154425j   Residual Norm: 0.00343015                              
               <<y;y>>_0.2600 :    -65.94333738     -1.70123760j   Residual Norm: 0.00347402                              
               <<y;y>>_0.2625 :    -66.78185267     -2.08045952j   Residual Norm: 0.00351283                              
               <<y;y>>_0.2650 :    -67.56734799     -2.74479646j   Residual Norm: 0.00356084                              
               <<y;y>>_0.2675 :    -67.85541143     -3.71328452j   Residual Norm: 0.00366518                              
               <<y;y>>_0.2700 :    -67.33516991     -4.04342822j   Residual Norm: 0.00388589                              
               <<y;y>>_0.2725 :    -67.38272471     -3.32483393j   Residual Norm: 0.00419526                              
               <<y;y>>_0.2750 :    -68.26071551     -2.73170348j   Residual Norm: 0.00450459                              
               <<y;y>>_0.2775 :    -69.40394402     -2.48518738j   Residual Norm: 0.00478428                              
               <<y;y>>_0.2800 :    -70.62903273     -2.44740981j   Residual Norm: 0.00505050                              
               <<y;y>>_0.2825 :    -71.91993402     -2.53456770j   Residual Norm: 0.00532432                              
               <<y;y>>_0.2850 :    -73.29827265     -2.71519520j   Residual Norm: 0.00562205                              
               <<y;y>>_0.2875 :    -74.79561364     -2.98692507j   Residual Norm: 0.00595695                              
               <<y;y>>_0.2900 :    -76.45026896     -3.36898288j   Residual Norm: 0.00634153                              
               <<y;y>>_0.2925 :    -78.30886254     -3.90702453j   Residual Norm: 0.00678862                              
               <<y;y>>_0.2950 :    -80.42518064     -4.69312178j   Residual Norm: 0.00730983                              
               <<y;y>>_0.2975 :    -82.83720865     -5.91464472j   Residual Norm: 0.00790646                              
               <<y;y>>_0.3000 :    -85.43437929     -7.94202677j   Residual Norm: 0.00853696                              
               <<y;y>>_0.3025 :    -87.43783557    -11.18441262j   Residual Norm: 0.00903118                              
               <<y;y>>_0.3050 :    -87.43941581    -14.25589868j   Residual Norm: 0.00904339                              
               <<y;y>>_0.3075 :    -88.03722629    -14.95317968j   Residual Norm: 0.00858603                              
               <<y;y>>_0.3100 :    -91.24539353    -16.79717856j   Residual Norm: 0.00844038                              
               <<y;y>>_0.3125 :    -93.71500548    -21.85752078j   Residual Norm: 0.00879984                              
               <<y;y>>_0.3150 :    -92.40708040    -26.27025985j   Residual Norm: 0.00896234                              
               <<y;y>>_0.3175 :    -93.52792988    -26.78467576j   Residual Norm: 0.00855873                              
               <<y;y>>_0.3200 :    -99.90321077    -30.94052095j   Residual Norm: 0.00838705                              
               <<y;y>>_0.3225 :   -106.36212389    -44.15676627j   Residual Norm: 0.00913285                              
               <<y;y>>_0.3250 :   -101.44819381    -68.50096981j   Residual Norm: 0.01069465                              
               <<y;y>>_0.3275 :    -70.29648480    -83.58026381j   Residual Norm: 0.01297863                              
               <<y;y>>_0.3300 :    -44.60766320    -65.78936026j   Residual Norm: 0.01629613                              
               <<y;y>>_0.3325 :    -42.94318482    -47.86533723j   Residual Norm: 0.02126662                              
               <<y;y>>_0.3350 :    -44.63535334    -40.99860028j   Residual Norm: 0.02770674                              
               <<y;y>>_0.3375 :    -43.31435154    -33.84523979j   Residual Norm: 0.03434889                              
               <<y;y>>_0.3400 :    -46.55155262    -25.68248492j   Residual Norm: 0.03935659                              
               <<y;y>>_0.3425 :    -52.40279831    -21.15624763j   Residual Norm: 0.03962398                              
               <<y;y>>_0.3450 :    -58.78725568    -19.55088102j   Residual Norm: 0.03937847                              
               <<y;y>>_0.3475 :    -65.43671293    -20.93602756j   Residual Norm: 0.04121217                              
               <<y;y>>_0.3500 :    -71.30554808    -26.70304138j   Residual Norm: 0.04310582                              
               <<z;z>>_0.2000 :    -41.87433293     -0.44363022j   Residual Norm: 0.00239395                              
               <<z;z>>_0.2025 :    -42.10955157     -0.52308450j   Residual Norm: 0.00237380                              
               <<z;z>>_0.2050 :    -42.36595241     -0.65700185j   Residual Norm: 0.00232849                              
               <<z;z>>_0.2075 :    -42.61878147     -0.89971877j   Residual Norm: 0.00224924                              
               <<z;z>>_0.2100 :    -42.73184698     -1.31637065j   Residual Norm: 0.00213978                              
               <<z;z>>_0.2125 :    -42.41462523     -1.67874701j   Residual Norm: 0.00203989                              
               <<z;z>>_0.2150 :    -42.03702749     -1.44991832j   Residual Norm: 0.00201434                              
               <<z;z>>_0.2175 :    -42.12974937     -1.07132046j   Residual Norm: 0.00207253                              
               <<z;z>>_0.2200 :    -42.43308354     -0.88604936j   Residual Norm: 0.00215614                              
               <<z;z>>_0.2225 :    -42.77212657     -0.86896912j   Residual Norm: 0.00221296                              
               <<z;z>>_0.2250 :    -43.07649788     -1.00725361j   Residual Norm: 0.00222915                              
               <<z;z>>_0.2275 :    -43.19455164     -1.28843601j   Residual Norm: 0.00224308                              
               <<z;z>>_0.2300 :    -42.98829963     -1.38850413j   Residual Norm: 0.00233938                              
               <<z;z>>_0.2325 :    -42.92676851     -1.09768088j   Residual Norm: 0.00253445                              
               <<z;z>>_0.2350 :    -43.15483785     -0.83110576j   Residual Norm: 0.00275011                              
               <<z;z>>_0.2375 :    -43.46438334     -0.68820908j   Residual Norm: 0.00293738                              
               <<z;z>>_0.2400 :    -43.77939863     -0.61716329j   Residual Norm: 0.00309374                              
               <<z;z>>_0.2425 :    -44.08837833     -0.58278550j   Residual Norm: 0.00322946                              
               <<z;z>>_0.2450 :    -44.39323591     -0.56836317j   Residual Norm: 0.00335367                              
               <<z;z>>_0.2475 :    -44.69763778     -0.56600550j   Residual Norm: 0.00347259                              
               <<z;z>>_0.2500 :    -45.00493538     -0.57188370j   Residual Norm: 0.00359033                              
               <<z;z>>_0.2525 :    -45.31801206     -0.58421622j   Residual Norm: 0.00370962                              
               <<z;z>>_0.2550 :    -45.63946000     -0.60246653j   Residual Norm: 0.00383231                              
               <<z;z>>_0.2575 :    -45.97175199     -0.62717189j   Residual Norm: 0.00395931                              
               <<z;z>>_0.2600 :    -46.31721909     -0.66032838j   Residual Norm: 0.00408976                              
               <<z;z>>_0.2625 :    -46.67713694     -0.70661094j   Residual Norm: 0.00421757                              
               <<z;z>>_0.2650 :    -47.04676582     -0.77495442j   Residual Norm: 0.00432124                              
               <<z;z>>_0.2675 :    -47.40030488     -0.86720900j   Residual Norm: 0.00435373                              
               <<z;z>>_0.2700 :    -47.72076318     -0.92491601j   Residual Norm: 0.00434121                              
               <<z;z>>_0.2725 :    -48.09808511     -0.92360748j   Residual Norm: 0.00445578                              
               <<z;z>>_0.2750 :    -48.55278059     -0.93936364j   Residual Norm: 0.00467638                              
               <<z;z>>_0.2775 :    -49.05425132     -0.98910112j   Residual Norm: 0.00492280                              
               <<z;z>>_0.2800 :    -49.59752578     -1.06855632j   Residual Norm: 0.00517865                              
               <<z;z>>_0.2825 :    -50.19040066     -1.17924705j   Residual Norm: 0.00544950                              
               <<z;z>>_0.2850 :    -50.84624985     -1.33001350j   Residual Norm: 0.00574533                              
               <<z;z>>_0.2875 :    -51.58369970     -1.53868694j   Residual Norm: 0.00607848                              
               <<z;z>>_0.2900 :    -52.42829641     -1.83790344j   Residual Norm: 0.00646462                              
               <<z;z>>_0.2925 :    -53.41413460     -2.28879848j   Residual Norm: 0.00692415                              
               <<z;z>>_0.2950 :    -54.58021084     -3.01246759j   Residual Norm: 0.00748314                              
               <<z;z>>_0.2975 :    -55.93620944     -4.26287574j   Residual Norm: 0.00817306                              
               <<z;z>>_0.3000 :    -57.27617035     -6.57047175j   Residual Norm: 0.00903137                              
               <<z;z>>_0.3025 :    -57.39253217    -10.67365572j   Residual Norm: 0.01011983                              
               <<z;z>>_0.3050 :    -53.22936373    -14.95361767j   Residual Norm: 0.01156377                              
               <<z;z>>_0.3075 :    -46.92485540    -13.39506426j   Residual Norm: 0.01331505                              
               <<z;z>>_0.3100 :    -45.28976229     -8.78658784j   Residual Norm: 0.01512348                              
               <<z;z>>_0.3125 :    -46.43724954     -5.85297893j   Residual Norm: 0.01700506                              
               <<z;z>>_0.3150 :    -48.05321456     -4.42060255j   Residual Norm: 0.01907979                              
               <<z;z>>_0.3175 :    -49.65110325     -3.79218097j   Residual Norm: 0.02103644                              
               <<z;z>>_0.3200 :    -51.19670521     -3.75614940j   Residual Norm: 0.02241389                              
               <<z;z>>_0.3225 :    -52.57112102     -4.36545207j   Residual Norm: 0.02312109                              
               <<z;z>>_0.3250 :    -53.20968073     -5.69321807j   Residual Norm: 0.02379469                              
               <<z;z>>_0.3275 :    -52.29477374     -6.53673079j   Residual Norm: 0.02702155                              
               <<z;z>>_0.3300 :    -51.71313784     -5.51250004j   Residual Norm: 0.03564195                              
               <<z;z>>_0.3325 :    -52.62470762     -4.53913820j   Residual Norm: 0.04888102                              
               <<z;z>>_0.3350 :    -53.96003053     -4.47419291j   Residual Norm: 0.06367399                              
               <<z;z>>_0.3375 :    -54.92825260     -5.15138140j   Residual Norm: 0.07505347                              
               <<z;z>>_0.3400 :    -55.10668628     -5.94997554j   Residual Norm: 0.08021216                              
               <<z;z>>_0.3425 :    -54.62973302     -6.03253750j   Residual Norm: 0.08368199                              
               <<z;z>>_0.3450 :    -54.82719193     -5.08573090j   Residual Norm: 0.08210610                              
               <<z;z>>_0.3475 :    -56.05277648     -4.50042561j   Residual Norm: 0.07462914                              
               <<z;z>>_0.3500 :    -57.47805854     -4.77098104j   Residual Norm: 0.06603712                              
                                                                                                                          
* Info * Processing 26 Fock builds...                                                                                     
                                                                                                                          
* Info * 100 gerade trial vectors in reduced space                                                                        
* Info * 104 ungerade trial vectors in reduced space                                                                      
                                                                                                                          
* Info * 25.28 MB of memory used for subspace procedure on the master node                                                
* Info * 112.27 GB of memory available for the solver on the master node                                                  
                                                                                                                          
               *** Iteration:   5 * Residuals (Max,Min): 2.28e-02 and 2.48e-04                                            
                                                                                                                          
               Operator:  electric dipole (xyz)                                                                           
                                                                                                                          
               <<x;x>>_0.2000 :    -54.19846356     -0.55312264j   Residual Norm: 0.00024820                              
               <<x;x>>_0.2025 :    -54.50350077     -0.58795197j   Residual Norm: 0.00025268                              
               <<x;x>>_0.2050 :    -54.82212578     -0.63721707j   Residual Norm: 0.00025734                              
               <<x;x>>_0.2075 :    -55.14838860     -0.71469488j   Residual Norm: 0.00026174                              
               <<x;x>>_0.2100 :    -55.44799827     -0.83683956j   Residual Norm: 0.00026448                              
               <<x;x>>_0.2125 :    -55.64743150     -0.94539063j   Residual Norm: 0.00026368                              
               <<x;x>>_0.2150 :    -55.84105174     -0.90344840j   Residual Norm: 0.00026252                              
               <<x;x>>_0.2175 :    -56.16392751     -0.82230759j   Residual Norm: 0.00026549                              
               <<x;x>>_0.2200 :    -56.55040297     -0.78705145j   Residual Norm: 0.00027116                              
               <<x;x>>_0.2225 :    -56.95759588     -0.78668729j   Residual Norm: 0.00027787                              
               <<x;x>>_0.2250 :    -57.37551936     -0.80893170j   Residual Norm: 0.00028538                              
               <<x;x>>_0.2275 :    -57.79637383     -0.84751187j   Residual Norm: 0.00029412                              
               <<x;x>>_0.2300 :    -58.21438036     -0.88183183j   Residual Norm: 0.00030331                              
               <<x;x>>_0.2325 :    -58.65803569     -0.89920216j   Residual Norm: 0.00031078                              
               <<x;x>>_0.2350 :    -59.13772003     -0.92275842j   Residual Norm: 0.00031780                              
               <<x;x>>_0.2375 :    -59.64418592     -0.95838757j   Residual Norm: 0.00032556                              
               <<x;x>>_0.2400 :    -60.17590012     -1.00389066j   Residual Norm: 0.00033425                              
               <<x;x>>_0.2425 :    -60.73539584     -1.05844285j   Residual Norm: 0.00034396                              
               <<x;x>>_0.2450 :    -61.32659764     -1.12284639j   Residual Norm: 0.00035482                              
               <<x;x>>_0.2475 :    -61.95442510     -1.19929762j   Residual Norm: 0.00036707                              
               <<x;x>>_0.2500 :    -62.62503596     -1.29170965j   Residual Norm: 0.00038111                              
               <<x;x>>_0.2525 :    -63.34630442     -1.40675447j   Residual Norm: 0.00039752                              
               <<x;x>>_0.2550 :    -64.12838417     -1.55620116j   Residual Norm: 0.00041719                              
               <<x;x>>_0.2575 :    -64.98379468     -1.76212724j   Residual Norm: 0.00044146                              
               <<x;x>>_0.2600 :    -65.92412722     -2.06894401j   Residual Norm: 0.00047224                              
               <<x;x>>_0.2625 :    -66.93902879     -2.57021001j   Residual Norm: 0.00051173                              
               <<x;x>>_0.2650 :    -67.89275634     -3.44147066j   Residual Norm: 0.00056042                              
               <<x;x>>_0.2675 :    -68.21508562     -4.70789591j   Residual Norm: 0.00061132                              
               <<x;x>>_0.2700 :    -67.51088214     -5.15792880j   Residual Norm: 0.00064620                              
               <<x;x>>_0.2725 :    -67.55442710     -4.27018995j   Residual Norm: 0.00065396                              
               <<x;x>>_0.2750 :    -68.68535870     -3.55809391j   Residual Norm: 0.00064858                              
               <<x;x>>_0.2775 :    -70.18444824     -3.31034546j   Residual Norm: 0.00064834                              
               <<x;x>>_0.2800 :    -71.82642041     -3.35851966j   Residual Norm: 0.00066072                              
               <<x;x>>_0.2825 :    -73.60504592     -3.60902925j   Residual Norm: 0.00068697                              
               <<x;x>>_0.2850 :    -75.56873264     -4.04459046j   Residual Norm: 0.00072725                              
               <<x;x>>_0.2875 :    -77.78786639     -4.70187266j   Residual Norm: 0.00078255                              
               <<x;x>>_0.2900 :    -80.35433311     -5.67723937j   Residual Norm: 0.00085505                              
               <<x;x>>_0.2925 :    -83.38515721     -7.16637943j   Residual Norm: 0.00094817                              
               <<x;x>>_0.2950 :    -87.00576587     -9.56650470j   Residual Norm: 0.00106646                              
               <<x;x>>_0.2975 :    -91.21417317    -13.71504171j   Residual Norm: 0.00121517                              
               <<x;x>>_0.3000 :    -95.16264455    -21.30631027j   Residual Norm: 0.00139886                              
               <<x;x>>_0.3025 :    -94.41897556    -34.01643744j   Residual Norm: 0.00161747                              
               <<x;x>>_0.3050 :    -81.36579688    -43.70739993j   Residual Norm: 0.00185706                              
               <<x;x>>_0.3075 :    -69.49315299    -37.70390032j   Residual Norm: 0.00207194                              
               <<x;x>>_0.3100 :    -69.82145534    -31.57169353j   Residual Norm: 0.00219818                              
               <<x;x>>_0.3125 :    -70.97722857    -33.30285531j   Residual Norm: 0.00227818                              
               <<x;x>>_0.3150 :    -64.81449571    -34.42032234j   Residual Norm: 0.00247853                              
               <<x;x>>_0.3175 :    -61.27175837    -27.26309895j   Residual Norm: 0.00283296                              
               <<x;x>>_0.3200 :    -65.18976865    -21.63986462j   Residual Norm: 0.00321171                              
               <<x;x>>_0.3225 :    -71.00127372    -21.22076666j   Residual Norm: 0.00350412                              
               <<x;x>>_0.3250 :    -74.46698436    -25.32178398j   Residual Norm: 0.00376984                              
               <<x;x>>_0.3275 :    -72.25874625    -28.77174508j   Residual Norm: 0.00437761                              
               <<x;x>>_0.3300 :    -71.42054762    -26.79428804j   Residual Norm: 0.00565021                              
               <<x;x>>_0.3325 :    -75.00143530    -27.24909545j   Residual Norm: 0.00720303                              
               <<x;x>>_0.3350 :    -76.03932196    -31.89528892j   Residual Norm: 0.00873947                              
               <<x;x>>_0.3375 :    -73.42888946    -34.18743430j   Residual Norm: 0.01033553                              
               <<x;x>>_0.3400 :    -72.08902982    -34.36603861j   Residual Norm: 0.01141569                              
               <<x;x>>_0.3425 :    -72.26728497    -34.79743107j   Residual Norm: 0.01129079                              
               <<x;x>>_0.3450 :    -71.57377176    -36.00795505j   Residual Norm: 0.01076208                              
               <<x;x>>_0.3475 :    -73.04039941    -35.75140614j   Residual Norm: 0.01100847                              
               <<x;x>>_0.3500 :    -76.71373659    -41.69803463j   Residual Norm: 0.01195671                              
               <<y;y>>_0.2000 :    -56.01723858     -0.54979680j   Residual Norm: 0.00029665                              
               <<y;y>>_0.2025 :    -56.31861668     -0.59546286j   Residual Norm: 0.00029907                              
               <<y;y>>_0.2050 :    -56.63610452     -0.66430797j   Residual Norm: 0.00030049                              
               <<y;y>>_0.2075 :    -56.96024992     -0.77864381j   Residual Norm: 0.00030021                              
               <<y;y>>_0.2100 :    -57.23651384     -0.96529239j   Residual Norm: 0.00029797                              
               <<y;y>>_0.2125 :    -57.34796234     -1.13228872j   Residual Norm: 0.00029676                              
               <<y;y>>_0.2150 :    -57.44586586     -1.06303864j   Residual Norm: 0.00030130                              
               <<y;y>>_0.2175 :    -57.74674813     -0.93879637j   Residual Norm: 0.00030845                              
               <<y;y>>_0.2200 :    -58.14654887     -0.90290458j   Residual Norm: 0.00031345                              
               <<y;y>>_0.2225 :    -58.57370672     -0.95411066j   Residual Norm: 0.00031585                              
               <<y;y>>_0.2250 :    -58.98762914     -1.10442658j   Residual Norm: 0.00031890                              
               <<y;y>>_0.2275 :    -59.27297677     -1.35518652j   Residual Norm: 0.00033224                              
               <<y;y>>_0.2300 :    -59.32314259     -1.46196476j   Residual Norm: 0.00036447                              
               <<y;y>>_0.2325 :    -59.49929965     -1.26608015j   Residual Norm: 0.00040056                              
               <<y;y>>_0.2350 :    -59.91307830     -1.08904855j   Residual Norm: 0.00042525                              
               <<y;y>>_0.2375 :    -60.40474730     -1.00859412j   Residual Norm: 0.00044114                              
               <<y;y>>_0.2400 :    -60.91680369     -0.98583089j   Residual Norm: 0.00045341                              
               <<y;y>>_0.2425 :    -61.44186971     -0.99477251j   Residual Norm: 0.00046476                              
               <<y;y>>_0.2450 :    -61.98342575     -1.02393329j   Residual Norm: 0.00047633                              
               <<y;y>>_0.2475 :    -62.54696504     -1.06917033j   Residual Norm: 0.00048860                              
               <<y;y>>_0.2500 :    -63.13862200     -1.13047467j   Residual Norm: 0.00050183                              
               <<y;y>>_0.2525 :    -63.76537172     -1.21127988j   Residual Norm: 0.00051619                              
               <<y;y>>_0.2550 :    -64.43552968     -1.31960307j   Residual Norm: 0.00053185                              
               <<y;y>>_0.2575 :    -65.15888628     -1.47176502j   Residual Norm: 0.00054906                              
               <<y;y>>_0.2600 :    -65.94417903     -1.70155642j   Residual Norm: 0.00056825                              
               <<y;y>>_0.2625 :    -66.78274834     -2.08096374j   Residual Norm: 0.00059029                              
               <<y;y>>_0.2650 :    -67.56806597     -2.74559907j   Residual Norm: 0.00061687                              
               <<y;y>>_0.2675 :    -67.85533065     -3.71392338j   Residual Norm: 0.00065022                              
               <<y;y>>_0.2700 :    -67.33528232     -4.04244899j   Residual Norm: 0.00069025                              
               <<y;y>>_0.2725 :    -67.38460865     -3.32371580j   Residual Norm: 0.00073251                              
               <<y;y>>_0.2750 :    -68.26344116     -2.73141238j   Residual Norm: 0.00077444                              
               <<y;y>>_0.2775 :    -69.40706536     -2.48553131j   Residual Norm: 0.00081816                              
               <<y;y>>_0.2800 :    -70.63256357     -2.44825020j   Residual Norm: 0.00086664                              
               <<y;y>>_0.2825 :    -71.92402428     -2.53591638j   Residual Norm: 0.00092220                              
               <<y;y>>_0.2850 :    -73.30314163     -2.71718755j   Residual Norm: 0.00098691                              
               <<y;y>>_0.2875 :    -74.80155891     -2.98984267j   Residual Norm: 0.00106298                              
               <<y;y>>_0.2900 :    -76.45769577     -3.37334570j   Residual Norm: 0.00115313                              
               <<y;y>>_0.2925 :    -78.31830495     -3.91380904j   Residual Norm: 0.00126060                              
               <<y;y>>_0.2950 :    -80.43721107     -4.70426017j   Residual Norm: 0.00138892                              
               <<y;y>>_0.2975 :    -82.85172226     -5.93413138j   Residual Norm: 0.00154011                              
               <<y;y>>_0.3000 :    -85.44690149     -7.97743620j   Residual Norm: 0.00170828                              
               <<y;y>>_0.3025 :    -87.42807500    -11.23922007j   Residual Norm: 0.00186198                              
               <<y;y>>_0.3050 :    -87.39383651    -14.29167089j   Residual Norm: 0.00193385                              
               <<y;y>>_0.3075 :    -88.00716550    -14.96539229j   Residual Norm: 0.00192933                              
               <<y;y>>_0.3100 :    -91.22280812    -16.83080829j   Residual Norm: 0.00200393                              
               <<y;y>>_0.3125 :    -93.65196292    -21.91079332j   Residual Norm: 0.00217520                              
               <<y;y>>_0.3150 :    -92.30537018    -26.27070093j   Residual Norm: 0.00225086                              
               <<y;y>>_0.3175 :    -93.46982668    -26.76371432j   Residual Norm: 0.00211016                              
               <<y;y>>_0.3200 :    -99.85043816    -30.97238659j   Residual Norm: 0.00199414                              
               <<y;y>>_0.3225 :   -106.21634572    -44.27002869j   Residual Norm: 0.00218319                              
               <<y;y>>_0.3250 :   -100.98450153    -68.56194259j   Residual Norm: 0.00270595                              
               <<y;y>>_0.3275 :    -69.77115297    -83.02549458j   Residual Norm: 0.00367454                              
               <<y;y>>_0.3300 :    -44.60310169    -65.23565904j   Residual Norm: 0.00562325                              
               <<y;y>>_0.3325 :    -42.57740452    -47.25217674j   Residual Norm: 0.00839328                              
               <<y;y>>_0.3350 :    -44.82546470    -39.23694189j   Residual Norm: 0.00968159                              
               <<y;y>>_0.3375 :    -45.41990033    -32.64653719j   Residual Norm: 0.00962931                              
               <<y;y>>_0.3400 :    -48.52909840    -26.20527020j   Residual Norm: 0.00943485                              
               <<y;y>>_0.3425 :    -53.86254064    -21.89814438j   Residual Norm: 0.00953668                              
               <<y;y>>_0.3450 :    -60.40719076    -20.70696440j   Residual Norm: 0.01053071                              
               <<y;y>>_0.3475 :    -67.16364618    -23.09805210j   Residual Norm: 0.01201607                              
               <<y;y>>_0.3500 :    -72.16279605    -30.76881335j   Residual Norm: 0.01347723                              
               <<z;z>>_0.2000 :    -41.87444606     -0.44365435j   Residual Norm: 0.00036040                              
               <<z;z>>_0.2025 :    -42.10967467     -0.52312023j   Residual Norm: 0.00036155                              
               <<z;z>>_0.2050 :    -42.36608432     -0.65706011j   Residual Norm: 0.00035800                              
               <<z;z>>_0.2075 :    -42.61890679     -0.89982061j   Residual Norm: 0.00034711                              
               <<z;z>>_0.2100 :    -42.73189754     -1.31652230j   Residual Norm: 0.00032763                              
               <<z;z>>_0.2125 :    -42.41454953     -1.67879781j   Residual Norm: 0.00030512                              
               <<z;z>>_0.2150 :    -42.03704894     -1.44982464j   Residual Norm: 0.00029421                              
               <<z;z>>_0.2175 :    -42.12987282     -1.07125483j   Residual Norm: 0.00030308                              
               <<z;z>>_0.2200 :    -42.43323433     -0.88602759j   Residual Norm: 0.00032280                              
               <<z;z>>_0.2225 :    -42.77228111     -0.86897745j   Residual Norm: 0.00034129                              
               <<z;z>>_0.2250 :    -43.07663679     -1.00728763j   Residual Norm: 0.00035249                              
               <<z;z>>_0.2275 :    -43.19463072     -1.28845733j   Residual Norm: 0.00035858                              
               <<z;z>>_0.2300 :    -42.98838894     -1.38839628j   Residual Norm: 0.00037198                              
               <<z;z>>_0.2325 :    -42.92700183     -1.09755441j   Residual Norm: 0.00040146                              
               <<z;z>>_0.2350 :    -43.15513529     -0.83104550j   Residual Norm: 0.00043930                              
               <<z;z>>_0.2375 :    -43.46469925     -0.68819427j   Residual Norm: 0.00047665                              
               <<z;z>>_0.2400 :    -43.77972702     -0.61717463j   Residual Norm: 0.00051114                              
               <<z;z>>_0.2425 :    -44.08872261     -0.58281394j   Residual Norm: 0.00054341                              
               <<z;z>>_0.2450 :    -44.39360121     -0.56840501j   Residual Norm: 0.00057454                              
               <<z;z>>_0.2475 :    -44.69802961     -0.56605974j   Residual Norm: 0.00060548                              
               <<z;z>>_0.2500 :    -45.00535970     -0.57195096j   Residual Norm: 0.00063695                              
               <<z;z>>_0.2525 :    -45.31847552     -0.58429849j   Residual Norm: 0.00066955                              
               <<z;z>>_0.2550 :    -45.63997034     -0.60256746j   Residual Norm: 0.00070378                              
               <<z;z>>_0.2575 :    -45.97231834     -0.62729778j   Residual Norm: 0.00074004                              
               <<z;z>>_0.2600 :    -46.31785165     -0.66049056j   Residual Norm: 0.00077834                              
               <<z;z>>_0.2625 :    -46.67784349     -0.70683084j   Residual Norm: 0.00081718                              
               <<z;z>>_0.2650 :    -47.04753315     -0.77526842j   Residual Norm: 0.00084923                              
               <<z;z>>_0.2675 :    -47.40105611     -0.86762005j   Residual Norm: 0.00085201                              
               <<z;z>>_0.2700 :    -47.72149708     -0.92527954j   Residual Norm: 0.00081462                              
               <<z;z>>_0.2725 :    -48.09896704     -0.92392900j   Residual Norm: 0.00080494                              
               <<z;z>>_0.2750 :    -48.55384606     -0.93972797j   Residual Norm: 0.00084155                              
               <<z;z>>_0.2775 :    -49.05552072     -0.98954654j   Residual Norm: 0.00089203                              
               <<z;z>>_0.2800 :    -49.59904059     -1.06912241j   Residual Norm: 0.00094297                              
               <<z;z>>_0.2825 :    -50.19222242     -1.17999379j   Residual Norm: 0.00099206                              
               <<z;z>>_0.2850 :    -50.84846508     -1.33104021j   Residual Norm: 0.00103974                              
               <<z;z>>_0.2875 :    -51.58642856     -1.54016926j   Residual Norm: 0.00108770                              
               <<z;z>>_0.2900 :    -52.43169916     -1.84017341j   Residual Norm: 0.00113943                              
               <<z;z>>_0.2925 :    -53.41838940     -2.29252880j   Residual Norm: 0.00120194                              
               <<z;z>>_0.2950 :    -54.58533493     -3.01911405j   Residual Norm: 0.00128833                              
               <<z;z>>_0.2975 :    -55.94110658     -4.27570023j   Residual Norm: 0.00142033                              
               <<z;z>>_0.3000 :    -57.27404728     -6.59585210j   Residual Norm: 0.00162888                              
               <<z;z>>_0.3025 :    -57.35536093    -10.71087640j   Residual Norm: 0.00195419                              
               <<z;z>>_0.3050 :    -53.13233004    -14.92905930j   Residual Norm: 0.00245277                              
               <<z;z>>_0.3075 :    -46.90284787    -13.26842895j   Residual Norm: 0.00314542                              
               <<z;z>>_0.3100 :    -45.36558418     -8.69261344j   Residual Norm: 0.00398382                              
               <<z;z>>_0.3125 :    -46.54239218     -5.81114288j   Residual Norm: 0.00497104                              
               <<z;z>>_0.3150 :    -48.17240179     -4.41501013j   Residual Norm: 0.00615534                              
               <<z;z>>_0.3175 :    -49.78627319     -3.82257430j   Residual Norm: 0.00746522                              
               <<z;z>>_0.3200 :    -51.35150714     -3.83167504j   Residual Norm: 0.00873510                              
               <<z;z>>_0.3225 :    -52.74962551     -4.51017300j   Residual Norm: 0.00987168                              
               <<z;z>>_0.3250 :    -53.40235450     -5.95312546j   Residual Norm: 0.01104669                              
               <<z;z>>_0.3275 :    -52.47260360     -6.99315723j   Residual Norm: 0.01354917                              
               <<z;z>>_0.3300 :    -51.66165182     -6.34255194j   Residual Norm: 0.01870277                              
               <<z;z>>_0.3325 :    -51.80218601     -5.46028103j   Residual Norm: 0.02281906                              
               <<z;z>>_0.3350 :    -52.52373081     -4.71529146j   Residual Norm: 0.02243686                              
               <<z;z>>_0.3375 :    -53.49963873     -4.52689682j   Residual Norm: 0.02097504                              
               <<z;z>>_0.3400 :    -54.08464196     -4.56005149j   Residual Norm: 0.02137629                              
               <<z;z>>_0.3425 :    -54.71920306     -4.22638907j   Residual Norm: 0.02150445                              
               <<z;z>>_0.3450 :    -55.71619382     -3.98879227j   Residual Norm: 0.01961913                              
               <<z;z>>_0.3475 :    -56.93228720     -4.00712890j   Residual Norm: 0.01773377                              
               <<z;z>>_0.3500 :    -58.17008043     -4.57419819j   Residual Norm: 0.01690743                              
                                                                                                                          
* Info * Processing 25 Fock builds...                                                                                     
                                                                                                                          
* Info * 125 gerade trial vectors in reduced space                                                                        
* Info * 128 ungerade trial vectors in reduced space                                                                      
                                                                                                                          
* Info * 27.06 MB of memory used for subspace procedure on the master node                                                
* Info * 112.26 GB of memory available for the solver on the master node                                                  
                                                                                                                          
               *** Iteration:   6 * Residuals (Max,Min): 5.13e-03 and 2.69e-05                                            
                                                                                                                          
               Operator:  electric dipole (xyz)                                                                           
                                                                                                                          
               <<x;x>>_0.2000 :    -54.19846513     -0.55312290j   Residual Norm: 0.00002686                              
               <<x;x>>_0.2025 :    -54.50350247     -0.58795230j   Residual Norm: 0.00002751                              
               <<x;x>>_0.2050 :    -54.82212761     -0.63721755j   Residual Norm: 0.00002832                              
               <<x;x>>_0.2075 :    -55.14839051     -0.71469561j   Residual Norm: 0.00002925                              
               <<x;x>>_0.2100 :    -55.44799994     -0.83684063j   Residual Norm: 0.00003004                              
               <<x;x>>_0.2125 :    -55.64743261     -0.94539139j   Residual Norm: 0.00003006                              
               <<x;x>>_0.2150 :    -55.84105318     -0.90344852j   Residual Norm: 0.00002948                              
               <<x;x>>_0.2175 :    -56.16392945     -0.82230772j   Residual Norm: 0.00002947                              
               <<x;x>>_0.2200 :    -56.55040517     -0.78705171j   Residual Norm: 0.00003016                              
               <<x;x>>_0.2225 :    -56.95759828     -0.78668764j   Residual Norm: 0.00003125                              
               <<x;x>>_0.2250 :    -57.37552193     -0.80893214j   Residual Norm: 0.00003257                              
               <<x;x>>_0.2275 :    -57.79637654     -0.84751234j   Residual Norm: 0.00003400                              
               <<x;x>>_0.2300 :    -58.21438334     -0.88183216j   Residual Norm: 0.00003514                              
               <<x;x>>_0.2325 :    -58.65803916     -0.89920253j   Residual Norm: 0.00003606                              
               <<x;x>>_0.2350 :    -59.13772391     -0.92275898j   Residual Norm: 0.00003725                              
               <<x;x>>_0.2375 :    -59.64419020     -0.95838830j   Residual Norm: 0.00003873                              
               <<x;x>>_0.2400 :    -60.17590485     -1.00389157j   Residual Norm: 0.00004042                              
               <<x;x>>_0.2425 :    -60.73540109     -1.05844397j   Residual Norm: 0.00004232                              
               <<x;x>>_0.2450 :    -61.32660352     -1.12284778j   Residual Norm: 0.00004445                              
               <<x;x>>_0.2475 :    -61.95443176     -1.19929938j   Residual Norm: 0.00004686                              
               <<x;x>>_0.2500 :    -62.62504358     -1.29171194j   Residual Norm: 0.00004963                              
               <<x;x>>_0.2525 :    -63.34631324     -1.40675759j   Residual Norm: 0.00005286                              
               <<x;x>>_0.2550 :    -64.12839450     -1.55620565j   Residual Norm: 0.00005672                              
               <<x;x>>_0.2575 :    -64.98380686     -1.76213416j   Residual Norm: 0.00006144                              
               <<x;x>>_0.2600 :    -65.92414129     -2.06895563j   Residual Norm: 0.00006731                              
               <<x;x>>_0.2625 :    -66.93904267     -2.57023114j   Residual Norm: 0.00007457                              
               <<x;x>>_0.2650 :    -67.89275780     -3.44150814j   Residual Norm: 0.00008303                              
               <<x;x>>_0.2675 :    -68.21504103     -4.70792952j   Residual Norm: 0.00009104                              
               <<x;x>>_0.2700 :    -67.51083150     -5.15788544j   Residual Norm: 0.00009522                              
               <<x;x>>_0.2725 :    -67.55444649     -4.27013166j   Residual Norm: 0.00009421                              
               <<x;x>>_0.2750 :    -68.68540768     -3.55806592j   Residual Norm: 0.00009127                              
               <<x;x>>_0.2775 :    -70.18450488     -3.31033983j   Residual Norm: 0.00008994                              
               <<x;x>>_0.2800 :    -71.82648248     -3.35852976j   Residual Norm: 0.00009148                              
               <<x;x>>_0.2825 :    -73.60511651     -3.60905465j   Residual Norm: 0.00009594                              
               <<x;x>>_0.2850 :    -75.56881692     -4.04463613j   Residual Norm: 0.00010324                              
               <<x;x>>_0.2875 :    -77.78797147     -4.70195078j   Residual Norm: 0.00011353                              
               <<x;x>>_0.2900 :    -80.35446810     -5.67737562j   Residual Norm: 0.00012719                              
               <<x;x>>_0.2925 :    -83.38533012     -7.16662868j   Residual Norm: 0.00014488                              
               <<x;x>>_0.2950 :    -87.00596394     -9.56698937j   Residual Norm: 0.00016748                              
               <<x;x>>_0.2975 :    -91.21426153    -13.71603580j   Residual Norm: 0.00019604                              
               <<x;x>>_0.3000 :    -95.16189639    -21.30827555j   Residual Norm: 0.00023148                              
               <<x;x>>_0.3025 :    -94.41490843    -34.01850993j   Residual Norm: 0.00027384                              
               <<x;x>>_0.3050 :    -81.35953609    -43.70293223j   Residual Norm: 0.00032040                              
               <<x;x>>_0.3075 :    -69.49440624    -37.69629359j   Residual Norm: 0.00036213                              
               <<x;x>>_0.3100 :    -69.82619841    -31.56882917j   Residual Norm: 0.00038617                              
               <<x;x>>_0.3125 :    -70.97925109    -33.30306969j   Residual Norm: 0.00040151                              
               <<x;x>>_0.3150 :    -64.81497540    -34.41627651j   Residual Norm: 0.00044511                              
               <<x;x>>_0.3175 :    -61.27841298    -27.25822974j   Residual Norm: 0.00052688                              
               <<x;x>>_0.3200 :    -65.19973573    -21.63944069j   Residual Norm: 0.00062097                              
               <<x;x>>_0.3225 :    -71.01191195    -21.22515920j   Residual Norm: 0.00070384                              
               <<x;x>>_0.3250 :    -74.47633041    -25.33064588j   Residual Norm: 0.00078193                              
               <<x;x>>_0.3275 :    -72.26942529    -28.78402837j   Residual Norm: 0.00092302                              
               <<x;x>>_0.3300 :    -71.43026758    -26.82533898j   Residual Norm: 0.00120342                              
               <<x;x>>_0.3325 :    -74.97401666    -27.29801545j   Residual Norm: 0.00154316                              
               <<x;x>>_0.3350 :    -75.96220895    -31.89081962j   Residual Norm: 0.00189620                              
               <<x;x>>_0.3375 :    -73.40135777    -34.13652249j   Residual Norm: 0.00225195                              
               <<x;x>>_0.3400 :    -72.09457040    -34.26944653j   Residual Norm: 0.00247850                              
               <<x;x>>_0.3425 :    -72.40271449    -34.78573923j   Residual Norm: 0.00253679                              
               <<x;x>>_0.3450 :    -71.63933621    -36.09173044j   Residual Norm: 0.00254495                              
               <<x;x>>_0.3475 :    -73.10913390    -35.89448302j   Residual Norm: 0.00272732                              
               <<x;x>>_0.3500 :    -76.61474277    -42.02928026j   Residual Norm: 0.00313370                              
               <<y;y>>_0.2000 :    -56.01724039     -0.54979708j   Residual Norm: 0.00003513                              
               <<y;y>>_0.2025 :    -56.31861863     -0.59546322j   Residual Norm: 0.00003507                              
               <<y;y>>_0.2050 :    -56.63610660     -0.66430849j   Residual Norm: 0.00003506                              
               <<y;y>>_0.2075 :    -56.96025204     -0.77864463j   Residual Norm: 0.00003510                              
               <<y;y>>_0.2100 :    -57.23651556     -0.96529354j   Residual Norm: 0.00003534                              
               <<y;y>>_0.2125 :    -57.34796332     -1.13228922j   Residual Norm: 0.00003615                              
               <<y;y>>_0.2150 :    -57.44586759     -1.06303822j   Residual Norm: 0.00003746                              
               <<y;y>>_0.2175 :    -57.74675062     -0.93879615j   Residual Norm: 0.00003858                              
               <<y;y>>_0.2200 :    -58.14655163     -0.90290468j   Residual Norm: 0.00003933                              
               <<y;y>>_0.2225 :    -58.57370957     -0.95411101j   Residual Norm: 0.00003990                              
               <<y;y>>_0.2250 :    -58.98763175     -1.10442717j   Residual Norm: 0.00004067                              
               <<y;y>>_0.2275 :    -59.27297838     -1.35518653j   Residual Norm: 0.00004254                              
               <<y;y>>_0.2300 :    -59.32314491     -1.46196202j   Residual Norm: 0.00004623                              
               <<y;y>>_0.2325 :    -59.49930532     -1.26607728j   Residual Norm: 0.00005025                              
               <<y;y>>_0.2350 :    -59.91308543     -1.08904729j   Residual Norm: 0.00005321                              
               <<y;y>>_0.2375 :    -60.40475492     -1.00859396j   Residual Norm: 0.00005542                              
               <<y;y>>_0.2400 :    -60.91681170     -0.98583141j   Residual Norm: 0.00005739                              
               <<y;y>>_0.2425 :    -61.44187823     -0.99477351j   Residual Norm: 0.00005937                              
               <<y;y>>_0.2450 :    -61.98343495     -1.02393473j   Residual Norm: 0.00006150                              
               <<y;y>>_0.2475 :    -62.54697511     -1.06917225j   Residual Norm: 0.00006384                              
               <<y;y>>_0.2500 :    -63.13863317     -1.13047717j   Residual Norm: 0.00006642                              
               <<y;y>>_0.2525 :    -63.76538426     -1.21128318j   Residual Norm: 0.00006931                              
               <<y;y>>_0.2550 :    -64.43554393     -1.31960758j   Residual Norm: 0.00007257                              
               <<y;y>>_0.2575 :    -65.15890261     -1.47177156j   Residual Norm: 0.00007629                              
               <<y;y>>_0.2600 :    -65.94419757     -1.70156670j   Residual Norm: 0.00008058                              
               <<y;y>>_0.2625 :    -66.78276766     -2.08098134j   Residual Norm: 0.00008550                              
               <<y;y>>_0.2650 :    -67.56807699     -2.74562892j   Residual Norm: 0.00009089                              
               <<y;y>>_0.2675 :    -67.85530847     -3.71394940j   Residual Norm: 0.00009598                              
               <<y;y>>_0.2700 :    -67.33525990     -4.04241566j   Residual Norm: 0.00009953                              
               <<y;y>>_0.2725 :    -67.38464478     -3.32367338j   Residual Norm: 0.00010170                              
               <<y;y>>_0.2750 :    -68.26350373     -2.73139615j   Residual Norm: 0.00010435                              
               <<y;y>>_0.2775 :    -69.40713782     -2.48553488j   Residual Norm: 0.00010867                              
               <<y;y>>_0.2800 :    -70.63264526     -2.44826848j   Residual Norm: 0.00011481                              
               <<y;y>>_0.2825 :    -71.92411905     -2.53594922j   Residual Norm: 0.00012273                              
               <<y;y>>_0.2850 :    -73.30325539     -2.71723875j   Residual Norm: 0.00013251                              
               <<y;y>>_0.2875 :    -74.80169982     -2.98992068j   Residual Norm: 0.00014442                              
               <<y;y>>_0.2900 :    -76.45787503     -3.37346659j   Residual Norm: 0.00015896                              
               <<y;y>>_0.2925 :    -78.31853730     -3.91400362j   Residual Norm: 0.00017679                              
               <<y;y>>_0.2950 :    -80.43751131     -4.70459043j   Residual Norm: 0.00019879                              
               <<y;y>>_0.2975 :    -82.85208011     -5.93472690j   Residual Norm: 0.00022581                              
               <<y;y>>_0.3000 :    -85.44715405     -7.97854079j   Residual Norm: 0.00025772                              
               <<y;y>>_0.3025 :    -87.42752707    -11.24090398j   Residual Norm: 0.00029028                              
               <<y;y>>_0.3050 :    -87.39216766    -14.29256650j   Residual Norm: 0.00031135                              
               <<y;y>>_0.3075 :    -88.00625281    -14.96566811j   Residual Norm: 0.00031580                              
               <<y;y>>_0.3100 :    -91.22196099    -16.83231740j   Residual Norm: 0.00032697                              
               <<y;y>>_0.3125 :    -93.64869515    -21.91323902j   Residual Norm: 0.00035574                              
               <<y;y>>_0.3150 :    -92.29979719    -26.27005281j   Residual Norm: 0.00037442                              
               <<y;y>>_0.3175 :    -93.46631338    -26.76148770j   Residual Norm: 0.00035884                              
               <<y;y>>_0.3200 :    -99.84689124    -30.97217496j   Residual Norm: 0.00034502                              
               <<y;y>>_0.3225 :   -106.20777494    -44.27278737j   Residual Norm: 0.00038504                              
               <<y;y>>_0.3250 :   -100.95974765    -68.56122934j   Residual Norm: 0.00049345                              
               <<y;y>>_0.3275 :    -69.73514327    -82.99537977j   Residual Norm: 0.00070596                              
               <<y;y>>_0.3300 :    -44.56565071    -65.16242698j   Residual Norm: 0.00114004                              
               <<y;y>>_0.3325 :    -42.64780626    -47.09839145j   Residual Norm: 0.00170542                              
               <<y;y>>_0.3350 :    -45.00681731    -39.21535867j   Residual Norm: 0.00193788                              
               <<y;y>>_0.3375 :    -45.56134013    -32.73018456j   Residual Norm: 0.00190423                              
               <<y;y>>_0.3400 :    -48.58763500    -26.30856162j   Residual Norm: 0.00195433                              
               <<y;y>>_0.3425 :    -53.93525388    -21.98363942j   Residual Norm: 0.00221397                              
               <<y;y>>_0.3450 :    -60.50291142    -20.85034544j   Residual Norm: 0.00263136                              
               <<y;y>>_0.3475 :    -67.25138694    -23.36399087j   Residual Norm: 0.00312609                              
               <<y;y>>_0.3500 :    -72.08594950    -31.24720731j   Residual Norm: 0.00361602                              
               <<z;z>>_0.2000 :    -41.87444827     -0.44365495j   Residual Norm: 0.00004504                              
               <<z;z>>_0.2025 :    -42.10967716     -0.52312110j   Residual Norm: 0.00004501                              
               <<z;z>>_0.2050 :    -42.36608709     -0.65706147j   Residual Norm: 0.00004447                              
               <<z;z>>_0.2075 :    -42.61890958     -0.89982290j   Residual Norm: 0.00004306                              
               <<z;z>>_0.2100 :    -42.73189913     -1.31652579j   Residual Norm: 0.00004062                              
               <<z;z>>_0.2125 :    -42.41454871     -1.67880003j   Residual Norm: 0.00003789                              
               <<z;z>>_0.2150 :    -42.03704924     -1.44982435j   Residual Norm: 0.00003678                              
               <<z;z>>_0.2175 :    -42.12987478     -1.07125468j   Residual Norm: 0.00003829                              
               <<z;z>>_0.2200 :    -42.43323693     -0.88602805j   Residual Norm: 0.00004116                              
               <<z;z>>_0.2225 :    -42.77228399     -0.86897853j   Residual Norm: 0.00004382                              
               <<z;z>>_0.2250 :    -43.07663941     -1.00728949j   Residual Norm: 0.00004557                              
               <<z;z>>_0.2275 :    -43.19463167     -1.28845920j   Residual Norm: 0.00004695                              
               <<z;z>>_0.2300 :    -42.98838964     -1.38839483j   Residual Norm: 0.00004984                              
               <<z;z>>_0.2325 :    -42.92700603     -1.09755208j   Residual Norm: 0.00005515                              
               <<z;z>>_0.2350 :    -43.15514125     -0.83104458j   Residual Norm: 0.00006145                              
               <<z;z>>_0.2375 :    -43.46470588     -0.68819437j   Residual Norm: 0.00006753                              
               <<z;z>>_0.2400 :    -43.77973417     -0.61717535j   Residual Norm: 0.00007316                              
               <<z;z>>_0.2425 :    -44.08873038     -0.58281511j   Residual Norm: 0.00007852                              
               <<z;z>>_0.2450 :    -44.39360974     -0.56840656j   Residual Norm: 0.00008381                              
               <<z;z>>_0.2475 :    -44.69803908     -0.56606167j   Residual Norm: 0.00008918                              
               <<z;z>>_0.2500 :    -45.00537030     -0.57195333j   Residual Norm: 0.00009475                              
               <<z;z>>_0.2525 :    -45.31848748     -0.58430139j   Residual Norm: 0.00010063                              
               <<z;z>>_0.2550 :    -45.63998393     -0.60257104j   Residual Norm: 0.00010691                              
               <<z;z>>_0.2575 :    -45.97233390     -0.62730231j   Residual Norm: 0.00011366                              
               <<z;z>>_0.2600 :    -46.31786955     -0.66049650j   Residual Norm: 0.00012091                              
               <<z;z>>_0.2625 :    -46.67786400     -0.70683908j   Residual Norm: 0.00012840                              
               <<z;z>>_0.2650 :    -47.04755569     -0.77528049j   Residual Norm: 0.00013480                              
               <<z;z>>_0.2675 :    -47.40107738     -0.86763627j   Residual Norm: 0.00013598                              
               <<z;z>>_0.2700 :    -47.72151629     -0.92529403j   Residual Norm: 0.00012957                              
               <<z;z>>_0.2725 :    -48.09899056     -0.92394101j   Residual Norm: 0.00012805                              
               <<z;z>>_0.2750 :    -48.55387567     -0.93974054j   Residual Norm: 0.00013540                              
               <<z;z>>_0.2775 :    -49.05555710     -0.98956110j   Residual Norm: 0.00014554                              
               <<z;z>>_0.2800 :    -49.59908493     -1.06914013j   Residual Norm: 0.00015587                              
               <<z;z>>_0.2825 :    -50.19227640     -1.18001624j   Residual Norm: 0.00016583                              
               <<z;z>>_0.2850 :    -50.84853099     -1.33106989j   Residual Norm: 0.00017537                              
               <<z;z>>_0.2875 :    -51.58650937     -1.54021063j   Residual Norm: 0.00018457                              
               <<z;z>>_0.2900 :    -52.43179839     -1.84023517j   Residual Norm: 0.00019372                              
               <<z;z>>_0.2925 :    -53.41850952     -2.29262949j   Residual Norm: 0.00020366                              
               <<z;z>>_0.2950 :    -54.58546903     -3.01929606j   Residual Norm: 0.00021637                              
               <<z;z>>_0.2975 :    -55.94119755     -4.27606239j   Residual Norm: 0.00023581                              
               <<z;z>>_0.3000 :    -57.27379698     -6.59657751j   Residual Norm: 0.00026865                              
               <<z;z>>_0.3025 :    -57.35361012    -10.71171222j   Residual Norm: 0.00032439                              
               <<z;z>>_0.3050 :    -53.12850007    -14.92639189j   Residual Norm: 0.00041619                              
               <<z;z>>_0.3075 :    -46.90404039    -13.26115695j   Residual Norm: 0.00055129                              
               <<z;z>>_0.3100 :    -45.37237404     -8.68798998j   Residual Norm: 0.00072347                              
               <<z;z>>_0.3125 :    -46.55124219     -5.81009714j   Residual Norm: 0.00093463                              
               <<z;z>>_0.3150 :    -48.18289915     -4.41711118j   Residual Norm: 0.00119621                              
               <<z;z>>_0.3175 :    -49.79882939     -3.82885680j   Residual Norm: 0.00150079                              
               <<z;z>>_0.3200 :    -51.36649493     -3.84457314j   Residual Norm: 0.00181899                              
               <<z;z>>_0.3225 :    -52.76666185     -4.53524561j   Residual Norm: 0.00212994                              
               <<z;z>>_0.3250 :    -53.41545064     -6.00204660j   Residual Norm: 0.00246322                              
               <<z;z>>_0.3275 :    -52.45301717     -7.08193358j   Residual Norm: 0.00309088                              
               <<z;z>>_0.3300 :    -51.52901456     -6.43229111j   Residual Norm: 0.00427873                              
               <<z;z>>_0.3325 :    -51.62187483     -5.37953811j   Residual Norm: 0.00513038                              
               <<z;z>>_0.3350 :    -52.47253926     -4.56869637j   Residual Norm: 0.00502597                              
               <<z;z>>_0.3375 :    -53.50506666     -4.41025835j   Residual Norm: 0.00468566                              
               <<z;z>>_0.3400 :    -54.12464388     -4.44272108j   Residual Norm: 0.00470047                              
               <<z;z>>_0.3425 :    -54.81378194     -4.14833290j   Residual Norm: 0.00473735                              
               <<z;z>>_0.3450 :    -55.80642306     -3.96372352j   Residual Norm: 0.00436425                              
               <<z;z>>_0.3475 :    -57.00483721     -3.99837922j   Residual Norm: 0.00401594                              
               <<z;z>>_0.3500 :    -58.23203319     -4.56717503j   Residual Norm: 0.00399941                              
                                                                                                                          
* Info * Processing 20 Fock builds...                                                                                     
                                                                                                                          
* Info * 143 gerade trial vectors in reduced space                                                                        
* Info * 148 ungerade trial vectors in reduced space                                                                      
                                                                                                                          
* Info * 28.45 MB of memory used for subspace procedure on the master node                                                
* Info * 112.26 GB of memory available for the solver on the master node                                                  
                                                                                                                          
               *** Iteration:   7 * Residuals (Max,Min): 1.01e-03 and 1.36e-05                                            
                                                                                                                          
               Operator:  electric dipole (xyz)                                                                           
                                                                                                                          
               <<x;x>>_0.2850 :    -75.56881840     -4.04463697j   Residual Norm: 0.00001478                              
               <<x;x>>_0.2875 :    -77.78797332     -4.70195226j   Residual Norm: 0.00001647                              
               <<x;x>>_0.2900 :    -80.35447048     -5.67737826j   Residual Norm: 0.00001866                              
               <<x;x>>_0.2925 :    -83.38533314     -7.16663361j   Residual Norm: 0.00002145                              
               <<x;x>>_0.2950 :    -87.00596724     -9.56699916j   Residual Norm: 0.00002498                              
               <<x;x>>_0.2975 :    -91.21426197    -13.71605625j   Residual Norm: 0.00002941                              
               <<x;x>>_0.3000 :    -95.16187763    -21.30831622j   Residual Norm: 0.00003488                              
               <<x;x>>_0.3025 :    -94.41481549    -34.01854961j   Residual Norm: 0.00004143                              
               <<x;x>>_0.3050 :    -81.35939902    -43.70282046j   Residual Norm: 0.00004864                              
               <<x;x>>_0.3075 :    -69.49444620    -37.69611403j   Residual Norm: 0.00005521                              
               <<x;x>>_0.3100 :    -69.82631827    -31.56876216j   Residual Norm: 0.00005936                              
               <<x;x>>_0.3125 :    -70.97930578    -33.30307040j   Residual Norm: 0.00006272                              
               <<x;x>>_0.3150 :    -64.81500922    -34.41616529j   Residual Norm: 0.00007103                              
               <<x;x>>_0.3175 :    -61.27862447    -27.25811606j   Residual Norm: 0.00008578                              
               <<x;x>>_0.3200 :    -65.20003997    -21.63947435j   Residual Norm: 0.00010312                              
               <<x;x>>_0.3225 :    -71.01222226    -21.22536957j   Residual Norm: 0.00011968                              
               <<x;x>>_0.3250 :    -74.47653361    -25.33103308j   Residual Norm: 0.00013675                              
               <<x;x>>_0.3275 :    -72.26954301    -28.78448189j   Residual Norm: 0.00016545                              
               <<x;x>>_0.3300 :    -71.43022610    -26.82624465j   Residual Norm: 0.00021795                              
               <<x;x>>_0.3325 :    -74.97271961    -27.29910715j   Residual Norm: 0.00027882                              
               <<x;x>>_0.3350 :    -75.95984002    -31.88946980j   Residual Norm: 0.00034177                              
               <<x;x>>_0.3375 :    -73.40213057    -34.13418604j   Residual Norm: 0.00041534                              
               <<x;x>>_0.3400 :    -72.09671816    -34.26726201j   Residual Norm: 0.00049031                              
               <<x;x>>_0.3425 :    -72.40773934    -34.78825043j   Residual Norm: 0.00054459                              
               <<x;x>>_0.3450 :    -71.63978359    -36.09631968j   Residual Norm: 0.00056911                              
               <<x;x>>_0.3475 :    -73.11043179    -35.90101055j   Residual Norm: 0.00059490                              
               <<x;x>>_0.3500 :    -76.60700465    -42.04458715j   Residual Norm: 0.00064630                              
               <<y;y>>_0.2725 :    -67.38464535     -3.32367268j   Residual Norm: 0.00001359                              
               <<y;y>>_0.2750 :    -68.26350477     -2.73139590j   Residual Norm: 0.00001442                              
               <<y;y>>_0.2775 :    -69.40713904     -2.48553497j   Residual Norm: 0.00001544                              
               <<y;y>>_0.2800 :    -70.63264665     -2.44826885j   Residual Norm: 0.00001668                              
               <<y;y>>_0.2825 :    -71.92412070     -2.53594986j   Residual Norm: 0.00001816                              
               <<y;y>>_0.2850 :    -73.30325740     -2.71723975j   Residual Norm: 0.00001991                              
               <<y;y>>_0.2875 :    -74.80170235     -2.98992222j   Residual Norm: 0.00002199                              
               <<y;y>>_0.2900 :    -76.45787830     -3.37346901j   Residual Norm: 0.00002450                              
               <<y;y>>_0.2925 :    -78.31854161     -3.91400758j   Residual Norm: 0.00002754                              
               <<y;y>>_0.2950 :    -80.43751693     -4.70459725j   Residual Norm: 0.00003124                              
               <<y;y>>_0.2975 :    -82.85208674     -5.93473938j   Residual Norm: 0.00003572                              
               <<y;y>>_0.3000 :    -85.44715800     -7.97856418j   Residual Norm: 0.00004089                              
               <<y;y>>_0.3025 :    -87.42751294    -11.24093945j   Residual Norm: 0.00004598                              
               <<y;y>>_0.3050 :    -87.39212939    -14.29258348j   Residual Norm: 0.00004909                              
               <<y;y>>_0.3075 :    -88.00623256    -14.96567284j   Residual Norm: 0.00005007                              
               <<y;y>>_0.3100 :    -91.22193970    -16.83235337j   Residual Norm: 0.00005317                              
               <<y;y>>_0.3125 :    -93.64860972    -21.91329701j   Residual Norm: 0.00005915                              
               <<y;y>>_0.3150 :    -92.29965143    -26.27002851j   Residual Norm: 0.00006287                              
               <<y;y>>_0.3175 :    -93.46621816    -26.76142193j   Residual Norm: 0.00006113                              
               <<y;y>>_0.3200 :    -99.84678402    -30.97216126j   Residual Norm: 0.00006167                              
               <<y;y>>_0.3225 :   -106.20749920    -44.27284336j   Residual Norm: 0.00007302                              
               <<y;y>>_0.3250 :   -100.95895996    -68.56109836j   Residual Norm: 0.00009641                              
               <<y;y>>_0.3275 :    -69.73415151    -82.99422953j   Residual Norm: 0.00013881                              
               <<y;y>>_0.3300 :    -44.56470018    -65.15982074j   Residual Norm: 0.00022419                              
               <<y;y>>_0.3325 :    -42.65116227    -47.09357637j   Residual Norm: 0.00033597                              
               <<y;y>>_0.3350 :    -45.01292176    -39.21564686j   Residual Norm: 0.00038731                              
               <<y;y>>_0.3375 :    -45.56597493    -32.73341393j   Residual Norm: 0.00039815                              
               <<y;y>>_0.3400 :    -48.58983649    -26.31243992j   Residual Norm: 0.00041767                              
               <<y;y>>_0.3425 :    -53.93832687    -21.98754798j   Residual Norm: 0.00046380                              
               <<y;y>>_0.3450 :    -60.50668506    -20.85729019j   Residual Norm: 0.00054463                              
               <<y;y>>_0.3475 :    -67.25424342    -23.37713214j   Residual Norm: 0.00064485                              
               <<y;y>>_0.3500 :    -72.07910056    -31.27082288j   Residual Norm: 0.00075076                              
               <<z;z>>_0.2525 :    -45.31848768     -0.58430144j   Residual Norm: 0.00001377                              
               <<z;z>>_0.2550 :    -45.63998416     -0.60257111j   Residual Norm: 0.00001427                              
               <<z;z>>_0.2575 :    -45.97233417     -0.62730240j   Residual Norm: 0.00001489                              
               <<z;z>>_0.2600 :    -46.31786987     -0.66049662j   Residual Norm: 0.00001561                              
               <<z;z>>_0.2625 :    -46.67786437     -0.70683925j   Residual Norm: 0.00001640                              
               <<z;z>>_0.2650 :    -47.04755610     -0.77528074j   Residual Norm: 0.00001717                              
               <<z;z>>_0.2675 :    -47.40107778     -0.86763660j   Residual Norm: 0.00001758                              
               <<z;z>>_0.2700 :    -47.72151665     -0.92529435j   Residual Norm: 0.00001756                              
               <<z;z>>_0.2725 :    -48.09899101     -0.92394128j   Residual Norm: 0.00001810                              
               <<z;z>>_0.2750 :    -48.55387625     -0.93974083j   Residual Norm: 0.00001938                              
               <<z;z>>_0.2775 :    -49.05555785     -0.98956144j   Residual Norm: 0.00002094                              
               <<z;z>>_0.2800 :    -49.59908586     -1.06914055j   Residual Norm: 0.00002262                              
               <<z;z>>_0.2825 :    -50.19227756     -1.18001677j   Residual Norm: 0.00002440                              
               <<z;z>>_0.2850 :    -50.84853244     -1.33107060j   Residual Norm: 0.00002632                              
               <<z;z>>_0.2875 :    -51.58651118     -1.54021161j   Residual Norm: 0.00002843                              
               <<z;z>>_0.2900 :    -52.43180064     -1.84023662j   Residual Norm: 0.00003083                              
               <<z;z>>_0.2925 :    -53.41851229     -2.29263180j   Residual Norm: 0.00003375                              
               <<z;z>>_0.2950 :    -54.58547213     -3.01930015j   Residual Norm: 0.00003755                              
               <<z;z>>_0.2975 :    -55.94119961     -4.27607041j   Residual Norm: 0.00004286                              
               <<z;z>>_0.3000 :    -57.27379080     -6.59659327j   Residual Norm: 0.00005058                              
               <<z;z>>_0.3025 :    -57.35356801    -10.71172771j   Residual Norm: 0.00006201                              
               <<z;z>>_0.3050 :    -53.12841313    -14.92631518j   Residual Norm: 0.00007921                              
               <<z;z>>_0.3075 :    -46.90409425    -13.26096856j   Residual Norm: 0.00010355                              
               <<z;z>>_0.3100 :    -45.37257937     -8.68788136j   Residual Norm: 0.00013429                              
               <<z;z>>_0.3125 :    -46.55150885     -5.81009458j   Residual Norm: 0.00017214                              
               <<z;z>>_0.3150 :    -48.18322124     -4.41721252j   Residual Norm: 0.00021963                              
               <<z;z>>_0.3175 :    -49.79922161     -3.82910952j   Residual Norm: 0.00027591                              
               <<z;z>>_0.3200 :    -51.36696559     -3.84508312j   Residual Norm: 0.00033616                              
               <<z;z>>_0.3225 :    -52.76716789     -4.53625094j   Residual Norm: 0.00039715                              
               <<z;z>>_0.3250 :    -53.41565024     -6.00402084j   Residual Norm: 0.00046533                              
               <<z;z>>_0.3275 :    -52.45149876     -7.08530698j   Residual Norm: 0.00059354                              
               <<z;z>>_0.3300 :    -51.52279592     -6.43450301j   Residual Norm: 0.00083337                              
               <<z;z>>_0.3325 :    -51.61571954     -5.37440560j   Residual Norm: 0.00101167                              
               <<z;z>>_0.3350 :    -52.47207338     -4.56234881j   Residual Norm: 0.00100620                              
               <<z;z>>_0.3375 :    -53.50662870     -4.40565455j   Residual Norm: 0.00095676                              
               <<z;z>>_0.3400 :    -54.12745030     -4.43851592j   Residual Norm: 0.00098177                              
               <<z;z>>_0.3425 :    -54.81836033     -4.14598130j   Residual Norm: 0.00100876                              
               <<z;z>>_0.3450 :    -55.81048268     -3.96337582j   Residual Norm: 0.00093564                              
               <<z;z>>_0.3475 :    -57.00816449     -3.99844549j   Residual Norm: 0.00085383                              
               <<z;z>>_0.3500 :    -58.23509551     -4.56708999j   Residual Norm: 0.00084726                              
                                                                                                                          
* Info * Processing 15 Fock builds...                                                                                     
                                                                                                                          
* Info * 158 gerade trial vectors in reduced space                                                                        
* Info * 163 ungerade trial vectors in reduced space                                                                      
                                                                                                                          
* Info * 29.54 MB of memory used for subspace procedure on the master node                                                
* Info * 112.28 GB of memory available for the solver on the master node                                                  
                                                                                                                          
               *** Iteration:   8 * Residuals (Max,Min): 2.16e-04 and 1.36e-05                                            
                                                                                                                          
               Operator:  electric dipole (xyz)                                                                           
                                                                                                                          
               <<x;x>>_0.3200 :    -65.20004772    -21.63947576j   Residual Norm: 0.00001756                              
               <<x;x>>_0.3225 :    -71.01222996    -21.22537622j   Residual Norm: 0.00002078                              
               <<x;x>>_0.3250 :    -74.47653744    -25.33104517j   Residual Norm: 0.00002418                              
               <<x;x>>_0.3275 :    -72.26954275    -28.78449586j   Residual Norm: 0.00002970                              
               <<x;x>>_0.3300 :    -71.43021800    -26.82627087j   Residual Norm: 0.00004001                              
               <<x;x>>_0.3325 :    -74.97267132    -27.29913365j   Residual Norm: 0.00005244                              
               <<x;x>>_0.3350 :    -75.95975458    -31.88941849j   Residual Norm: 0.00006575                              
               <<x;x>>_0.3375 :    -73.40213799    -34.13406015j   Residual Norm: 0.00008152                              
               <<x;x>>_0.3400 :    -72.09686833    -34.26713662j   Residual Norm: 0.00009957                              
               <<x;x>>_0.3425 :    -72.40798048    -34.78839290j   Residual Norm: 0.00011455                              
               <<x;x>>_0.3450 :    -71.63979116    -36.09651724j   Residual Norm: 0.00012156                              
               <<x;x>>_0.3475 :    -73.11050437    -35.90125608j   Residual Norm: 0.00013089                              
               <<x;x>>_0.3500 :    -76.60675773    -42.04520298j   Residual Norm: 0.00014891                              
               <<y;y>>_0.3275 :    -69.73410803    -82.99418897j   Residual Norm: 0.00002828                              
               <<y;y>>_0.3300 :    -44.56465721    -65.15970747j   Residual Norm: 0.00004705                              
               <<y;y>>_0.3325 :    -42.65131016    -47.09337450j   Residual Norm: 0.00007244                              
               <<y;y>>_0.3350 :    -45.01319533    -39.21567613j   Residual Norm: 0.00008401                              
               <<y;y>>_0.3375 :    -45.56614784    -32.73357999j   Residual Norm: 0.00008606                              
               <<y;y>>_0.3400 :    -48.58990987    -26.31261301j   Residual Norm: 0.00009082                              
               <<y;y>>_0.3425 :    -53.93841977    -21.98772633j   Residual Norm: 0.00010274                              
               <<y;y>>_0.3450 :    -60.50679218    -20.85757162j   Residual Norm: 0.00012502                              
               <<y;y>>_0.3475 :    -67.25431468    -23.37764294j   Residual Norm: 0.00015345                              
               <<y;y>>_0.3500 :    -72.07879416    -31.27174045j   Residual Norm: 0.00018216                              
               <<z;z>>_0.3075 :    -46.90409572    -13.26096318j   Residual Norm: 0.00001802                              
               <<z;z>>_0.3100 :    -45.37258522     -8.68787831j   Residual Norm: 0.00002360                              
               <<z;z>>_0.3125 :    -46.55151652     -5.81009464j   Residual Norm: 0.00003070                              
               <<z;z>>_0.3150 :    -48.18323065     -4.41721576j   Residual Norm: 0.00003989                              
               <<z;z>>_0.3175 :    -49.79923318     -3.82911759j   Residual Norm: 0.00005105                              
               <<z;z>>_0.3200 :    -51.36697951     -3.84509954j   Residual Norm: 0.00006330                              
               <<z;z>>_0.3225 :    -52.76718263     -4.53628368j   Residual Norm: 0.00007608                              
               <<z;z>>_0.3250 :    -53.41565417     -6.00408614j   Residual Norm: 0.00009088                              
               <<z;z>>_0.3275 :    -52.45144202     -7.08542065j   Residual Norm: 0.00011884                              
               <<z;z>>_0.3300 :    -51.52257037     -6.43457134j   Residual Norm: 0.00017105                              
               <<z;z>>_0.3325 :    -51.61550234     -5.37420472j   Residual Norm: 0.00021155                              
               <<z;z>>_0.3350 :    -52.47206719     -4.56210390j   Residual Norm: 0.00021331                              
               <<z;z>>_0.3375 :    -53.50670558     -4.40547041j   Residual Norm: 0.00020384                              
               <<z;z>>_0.3400 :    -54.12758668     -4.43835909j   Residual Norm: 0.00020908                              
               <<z;z>>_0.3425 :    -54.81855444     -4.14590887j   Residual Norm: 0.00021631                              
               <<z;z>>_0.3450 :    -55.81064544     -3.96337649j   Residual Norm: 0.00020294                              
               <<z;z>>_0.3475 :    -57.00829784     -3.99845089j   Residual Norm: 0.00018831                              
               <<z;z>>_0.3500 :    -58.23522782     -4.56707623j   Residual Norm: 0.00019204                              
                                                                                                                          
* Info * Processing 11 Fock builds...                                                                                     
                                                                                                                          
* Info * 169 gerade trial vectors in reduced space                                                                        
* Info * 174 ungerade trial vectors in reduced space                                                                      
                                                                                                                          
* Info * 30.35 MB of memory used for subspace procedure on the master node                                                
* Info * 112.27 GB of memory available for the solver on the master node                                                  
                                                                                                                          
               *** Iteration:   9 * Residuals (Max,Min): 9.96e-05 and 1.36e-05                                            
                                                                                                                          
               Operator:  electric dipole (xyz)                                                                           
                                                                                                                          
               <<x;x>>_0.3425 :    -72.40798928    -34.78839920j   Residual Norm: 0.00001708                              
               <<x;x>>_0.3450 :    -71.63979246    -36.09652575j   Residual Norm: 0.00001915                              
               <<x;x>>_0.3475 :    -73.11050730    -35.90126905j   Residual Norm: 0.00002239                              
               <<x;x>>_0.3500 :    -76.60674361    -42.04523223j   Residual Norm: 0.00002748                              
               <<y;y>>_0.3425 :    -53.93842375    -21.98773434j   Residual Norm: 0.00001807                              
               <<y;y>>_0.3450 :    -60.50679625    -20.85758448j   Residual Norm: 0.00002252                              
               <<y;y>>_0.3475 :    -67.25431627    -23.37766629j   Residual Norm: 0.00002801                              
               <<y;y>>_0.3500 :    -72.07877678    -31.27178197j   Residual Norm: 0.00003401                              
               <<z;z>>_0.3275 :    -52.45144033     -7.08542371j   Residual Norm: 0.00001628                              
               <<z;z>>_0.3300 :    -51.52256378     -6.43457298j   Residual Norm: 0.00002380                              
               <<z;z>>_0.3325 :    -51.61549621     -5.37419833j   Residual Norm: 0.00002983                              
               <<z;z>>_0.3350 :    -52.47206754     -4.56209630j   Residual Norm: 0.00003047                              
               <<z;z>>_0.3375 :    -53.50670859     -4.40546476j   Residual Norm: 0.00002945                              
               <<z;z>>_0.3400 :    -54.12759156     -4.43835458j   Residual Norm: 0.00003055                              
               <<z;z>>_0.3425 :    -54.81856084     -4.14590709j   Residual Norm: 0.00003214                              
               <<z;z>>_0.3450 :    -55.81065072     -3.96337679j   Residual Norm: 0.00003087                              
               <<z;z>>_0.3475 :    -57.00830224     -3.99845105j   Residual Norm: 0.00002953                              
               <<z;z>>_0.3500 :    -58.23523237     -4.56707522j   Residual Norm: 0.00003170                              
                                                                                                                          
* Info * Checkpoint written to file: alanine-cpp_rsp.h5                                                                   
                                                                                                                          
* Info * Time spent in writing checkpoint file: 0.02 sec                                                                  
                                                                                                                          
               *** Complex response converged in 9 iterations. Time: 63.16 sec                                            
                                                                                                                          
                                                                                                                          
* Info * Response solution vectors written to file: alanine-cpp.h5                                                        
                                                                                                                          
               Response Functions at Given Frequencies                                                                    
               =======================================                                                                    
                                                                                                                          
               Dipole  Dipole   Frequency            Real        Imaginary                                                
               -----------------------------------------------------------                                                
               <<  x  ;  x  >>     0.2000    -54.19846513     -0.55312290j                                                
               <<  x  ;  y  >>     0.2000     -0.17764119     -0.05375519j                                                
               <<  x  ;  z  >>     0.2000      0.09762062      0.06692963j                                                
               <<  y  ;  x  >>     0.2000     -0.17764119     -0.05375519j                                                
               <<  y  ;  y  >>     0.2000    -56.01724039     -0.54979708j                                                
               <<  y  ;  z  >>     0.2000     -1.94033031      0.06475030j                                                
               <<  z  ;  x  >>     0.2000      0.09762062      0.06692963j                                                
               <<  z  ;  y  >>     0.2000     -1.94033031      0.06475030j                                                
               <<  z  ;  z  >>     0.2000    -41.87444827     -0.44365495j                                                
                                                                                                                          
               Dipole  Dipole   Frequency            Real        Imaginary                                                
               -----------------------------------------------------------                                                
               <<  x  ;  x  >>     0.2025    -54.50350247     -0.58795230j                                                
               <<  x  ;  y  >>     0.2025     -0.20391796     -0.07678146j                                                
               <<  x  ;  z  >>     0.2025      0.12899761      0.10137096j                                                
               <<  y  ;  x  >>     0.2025     -0.20391796     -0.07678146j                                                
               <<  y  ;  y  >>     0.2025    -56.31861863     -0.59546322j                                                
               <<  y  ;  z  >>     0.2025     -1.91159005      0.10956619j                                                
               <<  z  ;  x  >>     0.2025      0.12899761      0.10137096j                                                
               <<  z  ;  y  >>     0.2025     -1.91159005      0.10956619j                                                
               <<  z  ;  z  >>     0.2025    -42.10967716     -0.52312110j                                                
                                                                                                                          
               Dipole  Dipole   Frequency            Real        Imaginary                                                
               -----------------------------------------------------------                                                
               <<  x  ;  x  >>     0.2050    -54.82212761     -0.63721755j                                                
               <<  x  ;  y  >>     0.2050     -0.23561549     -0.11713185j                                                
               <<  x  ;  z  >>     0.2050      0.16791193      0.16271409j                                                
               <<  y  ;  x  >>     0.2050     -0.23561549     -0.11713185j                                                
               <<  y  ;  y  >>     0.2050    -56.63610660     -0.66430849j                                                
               <<  y  ;  z  >>     0.2050     -1.87260089      0.18906861j                                                
               <<  z  ;  x  >>     0.2050      0.16791193      0.16271409j                                                
               <<  z  ;  y  >>     0.2050     -1.87260089      0.18906861j                                                
               <<  z  ;  z  >>     0.2050    -42.36608709     -0.65706147j                                                
                                                                                                                          
               Dipole  Dipole   Frequency            Real        Imaginary                                                
               -----------------------------------------------------------                                                
               <<  x  ;  x  >>     0.2075    -55.14839051     -0.71469561j                                                
               <<  x  ;  y  >>     0.2075     -0.26469416     -0.19219843j                                                
               <<  x  ;  z  >>     0.2075      0.20157322      0.27818163j                                                
               <<  y  ;  x  >>     0.2075     -0.26469416     -0.19219843j                                                
               <<  y  ;  y  >>     0.2075    -56.96025204     -0.77864463j                                                
               <<  y  ;  z  >>     0.2075     -1.83915365      0.33798317j                                                
               <<  z  ;  x  >>     0.2075      0.20157322      0.27818163j                                                
               <<  z  ;  y  >>     0.2075     -1.83915365      0.33798317j                                                
               <<  z  ;  z  >>     0.2075    -42.61890958     -0.89982290j                                                
                                                                                                                          
               Dipole  Dipole   Frequency            Real        Imaginary                                                
               -----------------------------------------------------------                                                
               <<  x  ;  x  >>     0.2100    -55.44799994     -0.83684063j                                                
               <<  x  ;  y  >>     0.2100     -0.24729660     -0.32279427j                                                
               <<  x  ;  z  >>     0.2100      0.16090745      0.48032749j                                                
               <<  y  ;  x  >>     0.2100     -0.24729660     -0.32279427j                                                
               <<  y  ;  y  >>     0.2100    -57.23651556     -0.96529354j                                                
               <<  y  ;  z  >>     0.2100     -1.89798696      0.59798118j                                                
               <<  z  ;  x  >>     0.2100      0.16090745      0.48032749j                                                
               <<  z  ;  y  >>     0.2100     -1.89798696      0.59798118j                                                
               <<  z  ;  z  >>     0.2100    -42.73189913     -1.31652579j                                                
                                                                                                                          
               Dipole  Dipole   Frequency            Real        Imaginary                                                
               -----------------------------------------------------------                                                
               <<  x  ;  x  >>     0.2125    -55.64743261     -0.94539139j                                                
               <<  x  ;  y  >>     0.2125     -0.08999929     -0.43542760j                                                
               <<  x  ;  z  >>     0.2125     -0.10104525      0.65356005j                                                
               <<  y  ;  x  >>     0.2125     -0.08999929     -0.43542760j                                                
               <<  y  ;  y  >>     0.2125    -57.34796332     -1.13228922j                                                
               <<  y  ;  z  >>     0.2125     -2.23400963      0.82397578j                                                
               <<  z  ;  x  >>     0.2125     -0.10104525      0.65356005j                                                
               <<  z  ;  y  >>     0.2125     -2.23400963      0.82397578j                                                
               <<  z  ;  z  >>     0.2125    -42.41454871     -1.67880003j                                                
                                                                                                                          
               Dipole  Dipole   Frequency            Real        Imaginary                                                
               -----------------------------------------------------------                                                
               <<  x  ;  x  >>     0.2150    -55.84105318     -0.90344852j                                                
               <<  x  ;  y  >>     0.2150      0.08853407     -0.35742929j                                                
               <<  x  ;  z  >>     0.2150     -0.39830338      0.52643299j                                                
               <<  y  ;  x  >>     0.2150      0.08853407     -0.35742929j                                                
               <<  y  ;  y  >>     0.2150    -57.44586759     -1.06303822j                                                
               <<  y  ;  z  >>     0.2150     -2.61125033      0.67474295j                                                
               <<  z  ;  x  >>     0.2150     -0.39830338      0.52643299j                                                
               <<  z  ;  y  >>     0.2150     -2.61125033      0.67474295j                                                
               <<  z  ;  z  >>     0.2150    -42.03704924     -1.44982435j                                                
                                                                                                                          
               Dipole  Dipole   Frequency            Real        Imaginary                                                
               -----------------------------------------------------------                                                
               <<  x  ;  x  >>     0.2175    -56.16392945     -0.82230772j                                                
               <<  x  ;  y  >>     0.2175      0.11822395     -0.23000580j                                                
               <<  x  ;  z  >>     0.2175     -0.46423656      0.32008992j                                                
               <<  y  ;  x  >>     0.2175      0.11822395     -0.23000580j                                                
               <<  y  ;  y  >>     0.2175    -57.74675062     -0.93879615j                                                
               <<  y  ;  z  >>     0.2175     -2.69155421      0.43285048j                                                
               <<  z  ;  x  >>     0.2175     -0.46423656      0.32008992j                                                
               <<  z  ;  y  >>     0.2175     -2.69155421      0.43285048j                                                
               <<  z  ;  z  >>     0.2175    -42.12987478     -1.07125468j                                                
                                                                                                                          
               Dipole  Dipole   Frequency            Real        Imaginary                                                
               -----------------------------------------------------------                                                
               <<  x  ;  x  >>     0.2200    -56.55040517     -0.78705171j                                                
               <<  x  ;  y  >>     0.2200      0.08267789     -0.16202234j                                                
               <<  x  ;  z  >>     0.2200     -0.43056977      0.20435326j                                                
               <<  y  ;  x  >>     0.2200      0.08267789     -0.16202234j                                                
               <<  y  ;  y  >>     0.2200    -58.14655163     -0.90290468j                                                
               <<  y  ;  z  >>     0.2200     -2.64015509      0.31938165j                                                
               <<  z  ;  x  >>     0.2200     -0.43056977      0.20435326j                                                
               <<  z  ;  y  >>     0.2200     -2.64015509      0.31938165j                                                
               <<  z  ;  z  >>     0.2200    -42.43323693     -0.88602805j                                                
                                                                                                                          
               Dipole  Dipole   Frequency            Real        Imaginary                                                
               -----------------------------------------------------------                                                
               <<  x  ;  x  >>     0.2225    -56.95759828     -0.78668764j                                                
               <<  x  ;  y  >>     0.2225      0.03758656     -0.14271378j                                                
               <<  x  ;  z  >>     0.2225     -0.38475600      0.16002422j                                                
               <<  y  ;  x  >>     0.2225      0.03758656     -0.14271378j                                                
               <<  y  ;  y  >>     0.2225    -58.57370957     -0.95411101j                                                
               <<  y  ;  z  >>     0.2225     -2.56955290      0.32407346j                                                
               <<  z  ;  x  >>     0.2225     -0.38475600      0.16002422j                                                
               <<  z  ;  y  >>     0.2225     -2.56955290      0.32407346j                                                
               <<  z  ;  z  >>     0.2225    -42.77228399     -0.86897853j                                                
                                                                                                                          
               Dipole  Dipole   Frequency            Real        Imaginary                                                
               -----------------------------------------------------------                                                
               <<  x  ;  x  >>     0.2250    -57.37552193     -0.80893214j                                                
               <<  x  ;  y  >>     0.2250      0.00150856     -0.16274635j                                                
               <<  x  ;  z  >>     0.2250     -0.35319716      0.16809263j                                                
               <<  y  ;  x  >>     0.2250      0.00150856     -0.16274635j                                                
               <<  y  ;  y  >>     0.2250    -58.98763175     -1.10442717j                                                
               <<  y  ;  z  >>     0.2250     -2.53332586      0.44995100j                                                
               <<  z  ;  x  >>     0.2250     -0.35319716      0.16809263j                                                
               <<  z  ;  y  >>     0.2250     -2.53332586      0.44995100j                                                
               <<  z  ;  z  >>     0.2250    -43.07663941     -1.00728949j                                                
                                                                                                                          
               Dipole  Dipole   Frequency            Real        Imaginary                                                
               -----------------------------------------------------------                                                
               <<  x  ;  x  >>     0.2275    -57.79637654     -0.84751234j                                                
               <<  x  ;  y  >>     0.2275      0.00609045     -0.21627132j                                                
               <<  x  ;  z  >>     0.2275     -0.37265743      0.21763204j                                                
               <<  y  ;  x  >>     0.2275      0.00609045     -0.21627132j                                                
               <<  y  ;  y  >>     0.2275    -59.27297838     -1.35518653j                                                
               <<  y  ;  z  >>     0.2275     -2.66450589      0.69307012j                                                
               <<  z  ;  x  >>     0.2275     -0.37265743      0.21763204j                                                
               <<  z  ;  y  >>     0.2275     -2.66450589      0.69307012j                                                
               <<  z  ;  z  >>     0.2275    -43.19463167     -1.28845920j                                                
                                                                                                                          
               Dipole  Dipole   Frequency            Real        Imaginary                                                
               -----------------------------------------------------------                                                
               <<  x  ;  x  >>     0.2300    -58.21438334     -0.88183216j                                                
               <<  x  ;  y  >>     0.2300      0.07943546     -0.23444530j                                                
               <<  x  ;  z  >>     0.2300     -0.47520388      0.22806459j                                                
               <<  y  ;  x  >>     0.2300      0.07943546     -0.23444530j                                                
               <<  y  ;  y  >>     0.2300    -59.32314491     -1.46196202j                                                
               <<  y  ;  z  >>     0.2300     -3.08538374      0.77218230j                                                
               <<  z  ;  x  >>     0.2300     -0.47520388      0.22806459j                                                
               <<  z  ;  y  >>     0.2300     -3.08538374      0.77218230j                                                
               <<  z  ;  z  >>     0.2300    -42.98838964     -1.38839483j                                                
                                                                                                                          
               Dipole  Dipole   Frequency            Real        Imaginary                                                
               -----------------------------------------------------------                                                
               <<  x  ;  x  >>     0.2325    -58.65803916     -0.89920253j                                                
               <<  x  ;  y  >>     0.2325      0.12333896     -0.17309212j                                                
               <<  x  ;  z  >>     0.2325     -0.54913229      0.14781003j                                                
               <<  y  ;  x  >>     0.2325      0.12333896     -0.17309212j                                                
               <<  y  ;  y  >>     0.2325    -59.49930532     -1.26607728j                                                
               <<  y  ;  z  >>     0.2325     -3.38553931      0.50487010j                                                
               <<  z  ;  x  >>     0.2325     -0.54913229      0.14781003j                                                
               <<  z  ;  y  >>     0.2325     -3.38553931      0.50487010j                                                
               <<  z  ;  z  >>     0.2325    -42.92700603     -1.09755208j                                                
                                                                                                                          
               Dipole  Dipole   Frequency            Real        Imaginary                                                
               -----------------------------------------------------------                                                
               <<  x  ;  x  >>     0.2350    -59.13772391     -0.92275898j                                                
               <<  x  ;  y  >>     0.2350      0.10705480     -0.11838623j                                                
               <<  x  ;  z  >>     0.2350     -0.55986242      0.07412803j                                                
               <<  y  ;  x  >>     0.2350      0.10705480     -0.11838623j                                                
               <<  y  ;  y  >>     0.2350    -59.91308543     -1.08904729j                                                
               <<  y  ;  z  >>     0.2350     -3.43922978      0.25621473j                                                
               <<  z  ;  x  >>     0.2350     -0.55986242      0.07412803j                                                
               <<  z  ;  y  >>     0.2350     -3.43922978      0.25621473j                                                
               <<  z  ;  z  >>     0.2350    -43.15514125     -0.83104458j                                                
                                                                                                                          
               Dipole  Dipole   Frequency            Real        Imaginary                                                
               -----------------------------------------------------------                                                
               <<  x  ;  x  >>     0.2375    -59.64419020     -0.95838830j                                                
               <<  x  ;  y  >>     0.2375      0.07313735     -0.09111339j                                                
               <<  x  ;  z  >>     0.2375     -0.55664013      0.02984616j                                                
               <<  y  ;  x  >>     0.2375      0.07313735     -0.09111339j                                                
               <<  y  ;  y  >>     0.2375    -60.40475492     -1.00859396j                                                
               <<  y  ;  z  >>     0.2375     -3.43028414      0.11367144j                                                
               <<  z  ;  x  >>     0.2375     -0.55664013      0.02984616j                                                
               <<  z  ;  y  >>     0.2375     -3.43028414      0.11367144j                                                
               <<  z  ;  z  >>     0.2375    -43.46470588     -0.68819437j                                                
                                                                                                                          
               Dipole  Dipole   Frequency            Real        Imaginary                                                
               -----------------------------------------------------------                                                
               <<  x  ;  x  >>     0.2400    -60.17590485     -1.00389157j                                                
               <<  x  ;  y  >>     0.2400      0.03652518     -0.08088112j                                                
               <<  x  ;  z  >>     0.2400     -0.55762719      0.00214849j                                                
               <<  y  ;  x  >>     0.2400      0.03652518     -0.08088112j                                                
               <<  y  ;  y  >>     0.2400    -60.91681170     -0.98583141j                                                
               <<  y  ;  z  >>     0.2400     -3.42655879      0.03175558j                                                
               <<  z  ;  x  >>     0.2400     -0.55762719      0.00214849j                                                
               <<  z  ;  y  >>     0.2400     -3.42655879      0.03175558j                                                
               <<  z  ;  z  >>     0.2400    -43.77973417     -0.61717535j                                                
                                                                                                                          
               Dipole  Dipole   Frequency            Real        Imaginary                                                
               -----------------------------------------------------------                                                
               <<  x  ;  x  >>     0.2425    -60.73540109     -1.05844397j                                                
               <<  x  ;  y  >>     0.2425     -0.00148640     -0.08106558j                                                
               <<  x  ;  z  >>     0.2425     -0.56591799     -0.01779380j                                                
               <<  y  ;  x  >>     0.2425     -0.00148640     -0.08106558j                                                
               <<  y  ;  y  >>     0.2425    -61.44187823     -0.99477351j                                                
               <<  y  ;  z  >>     0.2425     -3.43939261     -0.02060315j                                                
               <<  z  ;  x  >>     0.2425     -0.56591799     -0.01779380j                                                
               <<  z  ;  y  >>     0.2425     -3.43939261     -0.02060315j                                                
               <<  z  ;  z  >>     0.2425    -44.08873038     -0.58281511j                                                
                                                                                                                          
               Dipole  Dipole   Frequency            Real        Imaginary                                                
               -----------------------------------------------------------                                                
               <<  x  ;  x  >>     0.2450    -61.32660352     -1.12284778j                                                
               <<  x  ;  y  >>     0.2450     -0.04275782     -0.08932118j                                                
               <<  x  ;  z  >>     0.2450     -0.58164825     -0.03448953j                                                
               <<  y  ;  x  >>     0.2450     -0.04275782     -0.08932118j                                                
               <<  y  ;  y  >>     0.2450    -61.98343495     -1.02393473j                                                
               <<  y  ;  z  >>     0.2450     -3.46849762     -0.05847154j                                                
               <<  z  ;  x  >>     0.2450     -0.58164825     -0.03448953j                                                
               <<  z  ;  y  >>     0.2450     -3.46849762     -0.05847154j                                                
               <<  z  ;  z  >>     0.2450    -44.39360974     -0.56840656j                                                
                                                                                                                          
               Dipole  Dipole   Frequency            Real        Imaginary                                                
               -----------------------------------------------------------                                                
               <<  x  ;  x  >>     0.2475    -61.95443176     -1.19929938j                                                
               <<  x  ;  y  >>     0.2475     -0.09006602     -0.10583632j                                                
               <<  x  ;  z  >>     0.2475     -0.60479565     -0.05051881j                                                
               <<  y  ;  x  >>     0.2475     -0.09006602     -0.10583632j                                                
               <<  y  ;  y  >>     0.2475    -62.54697511     -1.06917225j                                                
               <<  y  ;  z  >>     0.2475     -3.51227606     -0.08943653j                                                
               <<  z  ;  x  >>     0.2475     -0.60479565     -0.05051881j                                                
               <<  z  ;  y  >>     0.2475     -3.51227606     -0.08943653j                                                
               <<  z  ;  z  >>     0.2475    -44.69803908     -0.56606167j                                                
                                                                                                                          
               Dipole  Dipole   Frequency            Real        Imaginary                                                
               -----------------------------------------------------------                                                
               <<  x  ;  x  >>     0.2500    -62.62504358     -1.29171194j                                                
               <<  x  ;  y  >>     0.2500     -0.14694201     -0.13284507j                                                
               <<  x  ;  z  >>     0.2500     -0.63573877     -0.06781811j                                                
               <<  y  ;  x  >>     0.2500     -0.14694201     -0.13284507j                                                
               <<  y  ;  y  >>     0.2500    -63.13863317     -1.13047717j                                                
               <<  y  ;  z  >>     0.2500     -3.56973828     -0.11791501j                                                
               <<  z  ;  x  >>     0.2500     -0.63573877     -0.06781811j                                                
               <<  z  ;  y  >>     0.2500     -3.56973828     -0.11791501j                                                
               <<  z  ;  z  >>     0.2500    -45.00537030     -0.57195333j                                                
                                                                                                                          
               Dipole  Dipole   Frequency            Real        Imaginary                                                
               -----------------------------------------------------------                                                
               <<  x  ;  x  >>     0.2525    -63.34631324     -1.40675759j                                                
               <<  x  ;  y  >>     0.2525     -0.21800869     -0.17519698j                                                
               <<  x  ;  z  >>     0.2525     -0.67539810     -0.08844018j                                                
               <<  y  ;  x  >>     0.2525     -0.21800869     -0.17519698j                                                
               <<  y  ;  y  >>     0.2525    -63.76538426     -1.21128318j                                                
               <<  y  ;  z  >>     0.2525     -3.64077063     -0.14719600j                                                
               <<  z  ;  x  >>     0.2525     -0.67539803     -0.08844015j                                                
               <<  z  ;  y  >>     0.2525     -3.64077053     -0.14719596j                                                
               <<  z  ;  z  >>     0.2525    -45.31848768     -0.58430144j                                                
                                                                                                                          
               Dipole  Dipole   Frequency            Real        Imaginary                                                
               -----------------------------------------------------------                                                
               <<  x  ;  x  >>     0.2550    -64.12839450     -1.55620565j                                                
               <<  x  ;  y  >>     0.2550     -0.30943278     -0.24224434j                                                
               <<  x  ;  z  >>     0.2550     -0.72531798     -0.11531029j                                                
               <<  y  ;  x  >>     0.2550     -0.30943278     -0.24224434j                                                
               <<  y  ;  y  >>     0.2550    -64.43554393     -1.31960758j                                                
               <<  y  ;  z  >>     0.2550     -3.72612996     -0.18071655j                                                
               <<  z  ;  x  >>     0.2550     -0.72531790     -0.11531024j                                                
               <<  z  ;  y  >>     0.2550     -3.72612984     -0.18071650j                                                
               <<  z  ;  z  >>     0.2550    -45.63998416     -0.60257111j                                                
                                                                                                                          
               Dipole  Dipole   Frequency            Real        Imaginary                                                
               -----------------------------------------------------------                                                
               <<  x  ;  x  >>     0.2575    -64.98380686     -1.76213416j                                                
               <<  x  ;  y  >>     0.2575     -0.42894237     -0.35233056j                                                
               <<  x  ;  z  >>     0.2575     -0.78764223     -0.15349532j                                                
               <<  y  ;  x  >>     0.2575     -0.42894237     -0.35233056j                                                
               <<  y  ;  y  >>     0.2575    -65.15890261     -1.47177156j                                                
               <<  y  ;  z  >>     0.2575     -3.82733219     -0.22346653j                                                
               <<  z  ;  x  >>     0.2575     -0.78764213     -0.15349525j                                                
               <<  z  ;  y  >>     0.2575     -3.82733204     -0.22346645j                                                
               <<  z  ;  z  >>     0.2575    -45.97233417     -0.62730240j                                                
                                                                                                                          
               Dipole  Dipole   Frequency            Real        Imaginary                                                
               -----------------------------------------------------------                                                
               <<  x  ;  x  >>     0.2600    -65.92414129     -2.06895563j                                                
               <<  x  ;  y  >>     0.2600     -0.58283694     -0.54330850j                                                
               <<  x  ;  z  >>     0.2600     -0.86435043     -0.21292718j                                                
               <<  y  ;  x  >>     0.2600     -0.58283694     -0.54330850j                                                
               <<  y  ;  y  >>     0.2600    -65.94419757     -1.70156670j                                                
               <<  y  ;  z  >>     0.2600     -3.94590912     -0.28453058j                                                
               <<  z  ;  x  >>     0.2600     -0.86435030     -0.21292706j                                                
               <<  z  ;  y  >>     0.2600     -3.94590894     -0.28453046j                                                
               <<  z  ;  z  >>     0.2600    -46.31786987     -0.66049662j                                                
                                                                                                                          
               Dipole  Dipole   Frequency            Real        Imaginary                                                
               -----------------------------------------------------------                                                
               <<  x  ;  x  >>     0.2625    -66.93904267     -2.57023114j                                                
               <<  x  ;  y  >>     0.2625     -0.75733598     -0.89609660j                                                
               <<  x  ;  z  >>     0.2625     -0.95257662     -0.31437732j                                                
               <<  y  ;  x  >>     0.2625     -0.75733598     -0.89609660j                                                
               <<  y  ;  y  >>     0.2625    -66.78276766     -2.08098134j                                                
               <<  y  ;  z  >>     0.2625     -4.07922997     -0.38242698j                                                
               <<  z  ;  x  >>     0.2625     -0.95257646     -0.31437711j                                                
               <<  z  ;  y  >>     0.2625     -4.07922976     -0.38242677j                                                
               <<  z  ;  z  >>     0.2625    -46.67786437     -0.70683925j                                                
                                                                                                                          
               Dipole  Dipole   Frequency            Real        Imaginary                                                
               -----------------------------------------------------------                                                
               <<  x  ;  x  >>     0.2650    -67.89275780     -3.44150814j                                                
               <<  x  ;  y  >>     0.2650     -0.82719768     -1.56352809j                                                
               <<  x  ;  z  >>     0.2650     -1.02166802     -0.49675390j                                                
               <<  y  ;  x  >>     0.2650     -0.82719768     -1.56352809j                                                
               <<  y  ;  y  >>     0.2650    -67.56807699     -2.74562892j                                                
               <<  y  ;  z  >>     0.2650     -4.20023408     -0.55157544j                                                
               <<  z  ;  x  >>     0.2650     -1.02166791     -0.49675352j                                                
               <<  z  ;  y  >>     0.2650     -4.20023390     -0.55157509j                                                
               <<  z  ;  z  >>     0.2650    -47.04755610     -0.77528074j                                                
                                                                                                                          
               Dipole  Dipole   Frequency            Real        Imaginary                                                
               -----------------------------------------------------------                                                
               <<  x  ;  x  >>     0.2675    -68.21504103     -4.70792952j                                                
               <<  x  ;  y  >>     0.2675     -0.28295426     -2.56529598j                                                
               <<  x  ;  z  >>     0.2675     -0.94468039     -0.76562081j                                                
               <<  y  ;  x  >>     0.2675     -0.28295426     -2.56529598j                                                
               <<  y  ;  y  >>     0.2675    -67.85530847     -3.71394940j                                                
               <<  y  ;  z  >>     0.2675     -4.19699290     -0.79691336j                                                
               <<  z  ;  x  >>     0.2675     -0.94468054     -0.76562030j                                                
               <<  z  ;  y  >>     0.2675     -4.19699295     -0.79691288j                                                
               <<  z  ;  z  >>     0.2675    -47.40107778     -0.86763660j                                                
                                                                                                                          
               Dipole  Dipole   Frequency            Real        Imaginary                                                
               -----------------------------------------------------------                                                
               <<  x  ;  x  >>     0.2700    -67.51083150     -5.15788544j                                                
               <<  x  ;  y  >>     0.2700      1.23178614     -2.82985171j                                                
               <<  x  ;  z  >>     0.2700     -0.63347341     -0.85248515j                                                
               <<  y  ;  x  >>     0.2700      1.23178614     -2.82985171j                                                
               <<  y  ;  y  >>     0.2700    -67.33525990     -4.04241566j                                                
               <<  y  ;  z  >>     0.2700     -3.99179907     -0.88163533j                                                
               <<  z  ;  x  >>     0.2700     -0.63347382     -0.85248489j                                                
               <<  z  ;  y  >>     0.2700     -3.99179934     -0.88163508j                                                
               <<  z  ;  z  >>     0.2700    -47.72151665     -0.92529435j                                                
                                                                                                                          
               Dipole  Dipole   Frequency            Real        Imaginary                                                
               -----------------------------------------------------------                                                
               <<  x  ;  x  >>     0.2725    -67.55444649     -4.27013166j                                                
               <<  x  ;  y  >>     0.2725      2.16232280     -1.89338353j                                                
               <<  x  ;  z  >>     0.2725     -0.48061211     -0.64185760j                                                
               <<  y  ;  x  >>     0.2725      2.16232297     -1.89338452j                                                
               <<  y  ;  y  >>     0.2725    -67.38464535     -3.32367268j                                                
               <<  y  ;  z  >>     0.2725     -3.93077963     -0.70373116j                                                
               <<  z  ;  x  >>     0.2725     -0.48061239     -0.64185754j                                                
               <<  z  ;  y  >>     0.2725     -3.93077963     -0.70373116j                                                
               <<  z  ;  z  >>     0.2725    -48.09899101     -0.92394128j                                                
                                                                                                                          
               Dipole  Dipole   Frequency            Real        Imaginary                                                
               -----------------------------------------------------------                                                
               <<  x  ;  x  >>     0.2750    -68.68540768     -3.55806592j                                                
               <<  x  ;  y  >>     0.2750      2.22143972     -1.08472684j                                                
               <<  x  ;  z  >>     0.2750     -0.56071084     -0.46916884j                                                
               <<  y  ;  x  >>     0.2750      2.22144033     -1.08472735j                                                
               <<  y  ;  y  >>     0.2750    -68.26350477     -2.73139590j                                                
               <<  y  ;  z  >>     0.2750     -4.07961405     -0.55861982j                                                
               <<  z  ;  x  >>     0.2750     -0.56071101     -0.46916878j                                                
               <<  z  ;  y  >>     0.2750     -4.07961405     -0.55861982j                                                
               <<  z  ;  z  >>     0.2750    -48.55387625     -0.93974083j                                                
                                                                                                                          
               Dipole  Dipole   Frequency            Real        Imaginary                                                
               -----------------------------------------------------------                                                
               <<  x  ;  x  >>     0.2775    -70.18450488     -3.31033983j                                                
               <<  x  ;  y  >>     0.2775      2.05856151     -0.65067375j                                                
               <<  x  ;  z  >>     0.2775     -0.71378961     -0.39856722j                                                
               <<  y  ;  x  >>     0.2775      2.05856221     -0.65067391j                                                
               <<  y  ;  y  >>     0.2775    -69.40713904     -2.48553497j                                                
               <<  y  ;  z  >>     0.2775     -4.29695416     -0.50222974j                                                
               <<  z  ;  x  >>     0.2775     -0.71378972     -0.39856713j                                                
               <<  z  ;  y  >>     0.2775     -4.29695416     -0.50222974j                                                
               <<  z  ;  z  >>     0.2775    -49.05555785     -0.98956144j                                                
                                                                                                                          
               Dipole  Dipole   Frequency            Real        Imaginary                                                
               -----------------------------------------------------------                                                
               <<  x  ;  x  >>     0.2800    -71.82648248     -3.35852976j                                                
               <<  x  ;  y  >>     0.2800      1.89171578     -0.43181332j                                                
               <<  x  ;  z  >>     0.2800     -0.88938246     -0.39313842j                                                
               <<  y  ;  x  >>     0.2800      1.89171653     -0.43181324j                                                
               <<  y  ;  y  >>     0.2800    -70.63264665     -2.44826885j                                                
               <<  y  ;  z  >>     0.2800     -4.53772316     -0.50089967j                                                
               <<  z  ;  x  >>     0.2800     -0.88938252     -0.39313829j                                                
               <<  z  ;  y  >>     0.2800     -4.53772316     -0.50089967j                                                
               <<  z  ;  z  >>     0.2800    -49.59908586     -1.06914055j                                                
                                                                                                                          
               Dipole  Dipole   Frequency            Real        Imaginary                                                
               -----------------------------------------------------------                                                
               <<  x  ;  x  >>     0.2825    -73.60511651     -3.60905465j                                                
               <<  x  ;  y  >>     0.2825      1.75148541     -0.32976849j                                                
               <<  x  ;  z  >>     0.2825     -1.08569180     -0.43298008j                                                
               <<  y  ;  x  >>     0.2825      1.75148625     -0.32976819j                                                
               <<  y  ;  y  >>     0.2825    -71.92412070     -2.53594986j                                                
               <<  y  ;  z  >>     0.2825     -4.79927176     -0.53513724j                                                
               <<  z  ;  x  >>     0.2825     -1.08569180     -0.43297987j                                                
               <<  z  ;  y  >>     0.2825     -4.79927176     -0.53513724j                                                
               <<  z  ;  z  >>     0.2825    -50.19227756     -1.18001677j                                                
                                                                                                                          
               Dipole  Dipole   Frequency            Real        Imaginary                                                
               -----------------------------------------------------------                                                
               <<  x  ;  x  >>     0.2850    -75.56881840     -4.04463697j                                                
               <<  x  ;  y  >>     0.2850      1.62818250     -0.30536127j                                                
               <<  x  ;  z  >>     0.2850     -1.31328354     -0.51592999j                                                
               <<  y  ;  x  >>     0.2850      1.62818250     -0.30536127j                                                
               <<  y  ;  y  >>     0.2850    -73.30325740     -2.71723975j                                                
               <<  y  ;  z  >>     0.2850     -5.08907053     -0.59958324j                                                
               <<  z  ;  x  >>     0.2850     -1.31328354     -0.51592999j                                                
               <<  z  ;  y  >>     0.2850     -5.08907053     -0.59958324j                                                
               <<  z  ;  z  >>     0.2850    -50.84853244     -1.33107060j                                                
                                                                                                                          
               Dipole  Dipole   Frequency            Real        Imaginary                                                
               -----------------------------------------------------------                                                
               <<  x  ;  x  >>     0.2875    -77.78797332     -4.70195226j                                                
               <<  x  ;  y  >>     0.2875      1.50379751     -0.35316590j                                                
               <<  x  ;  z  >>     0.2875     -1.58803116     -0.65344708j                                                
               <<  y  ;  x  >>     0.2875      1.50379751     -0.35316590j                                                
               <<  y  ;  y  >>     0.2875    -74.80170235     -2.98992222j                                                
               <<  y  ;  z  >>     0.2875     -5.41806081     -0.69803025j                                                
               <<  z  ;  x  >>     0.2875     -1.58803116     -0.65344708j                                                
               <<  z  ;  y  >>     0.2875     -5.41806081     -0.69803025j                                                
               <<  z  ;  z  >>     0.2875    -51.58651118     -1.54021161j                                                
                                                                                                                          
               Dipole  Dipole   Frequency            Real        Imaginary                                                
               -----------------------------------------------------------                                                
               <<  x  ;  x  >>     0.2900    -80.35447048     -5.67737826j                                                
               <<  x  ;  y  >>     0.2900      1.35659788     -0.49537837j                                                
               <<  x  ;  z  >>     0.2900     -1.93117809     -0.87368378j                                                
               <<  y  ;  x  >>     0.2900      1.35659788     -0.49537837j                                                
               <<  y  ;  y  >>     0.2900    -76.45787830     -3.37346901j                                                
               <<  y  ;  z  >>     0.2900     -5.80021218     -0.84330566j                                                
               <<  z  ;  x  >>     0.2900     -1.93117809     -0.87368378j                                                
               <<  z  ;  y  >>     0.2900     -5.80021218     -0.84330566j                                                
               <<  z  ;  z  >>     0.2900    -52.43180064     -1.84023662j                                                
                                                                                                                          
               Dipole  Dipole   Frequency            Real        Imaginary                                                
               -----------------------------------------------------------                                                
               <<  x  ;  x  >>     0.2925    -83.38533314     -7.16663361j                                                
               <<  x  ;  y  >>     0.2925      1.16185775     -0.79348818j                                                
               <<  x  ;  z  >>     0.2925     -2.36984782     -1.23435975j                                                
               <<  y  ;  x  >>     0.2925      1.16185775     -0.79348818j                                                
               <<  y  ;  y  >>     0.2925    -78.31854161     -3.91400758j                                                
               <<  y  ;  z  >>     0.2925     -6.25297181     -1.06236852j                                                
               <<  z  ;  x  >>     0.2925     -2.36984782     -1.23435975j                                                
               <<  z  ;  y  >>     0.2925     -6.25297181     -1.06236852j                                                
               <<  z  ;  z  >>     0.2925    -53.41851229     -2.29263180j                                                
                                                                                                                          
               Dipole  Dipole   Frequency            Real        Imaginary                                                
               -----------------------------------------------------------                                                
               <<  x  ;  x  >>     0.2950    -87.00596724     -9.56699916j                                                
               <<  x  ;  y  >>     0.2950      0.90204065     -1.38700627j                                                
               <<  x  ;  z  >>     0.2950     -2.93030272     -1.85511790j                                                
               <<  y  ;  x  >>     0.2950      0.90204065     -1.38700627j                                                
               <<  y  ;  y  >>     0.2950    -80.43751693     -4.70459725j                                                
               <<  y  ;  z  >>     0.2950     -6.79483316     -1.41030682j                                                
               <<  z  ;  x  >>     0.2950     -2.93030272     -1.85511790j                                                
               <<  z  ;  y  >>     0.2950     -6.79483316     -1.41030682j                                                
               <<  z  ;  z  >>     0.2950    -54.58547213     -3.01930015j                                                
                                                                                                                          
               Dipole  Dipole   Frequency            Real        Imaginary                                                
               -----------------------------------------------------------                                                
               <<  x  ;  x  >>     0.2975    -91.21426197    -13.71605625j                                                
               <<  x  ;  y  >>     0.2975      0.63064414     -2.58859477j                                                
               <<  x  ;  z  >>     0.2975     -3.59106499     -2.99316508j                                                
               <<  y  ;  x  >>     0.2975      0.63064414     -2.58859477j                                                
               <<  y  ;  y  >>     0.2975    -82.85208674     -5.93473938j                                                
               <<  y  ;  z  >>     0.2975     -7.42586677     -2.00331962j                                                
               <<  z  ;  x  >>     0.2975     -3.59106499     -2.99316508j                                                
               <<  z  ;  y  >>     0.2975     -7.42586677     -2.00331962j                                                
               <<  z  ;  z  >>     0.2975    -55.94119961     -4.27607041j                                                
                                                                                                                          
               Dipole  Dipole   Frequency            Real        Imaginary                                                
               -----------------------------------------------------------                                                
               <<  x  ;  x  >>     0.3000    -95.16187763    -21.30831622j                                                
               <<  x  ;  y  >>     0.3000      0.79364881     -5.04839221j                                                
               <<  x  ;  z  >>     0.3000     -4.04169572     -5.17302263j                                                
               <<  y  ;  x  >>     0.3000      0.79364881     -5.04839221j                                                
               <<  y  ;  y  >>     0.3000    -85.44715800     -7.97856418j                                                
               <<  y  ;  z  >>     0.3000     -8.02511981     -3.07520571j                                                
               <<  z  ;  x  >>     0.3000     -4.04169572     -5.17302263j                                                
               <<  z  ;  y  >>     0.3000     -8.02511981     -3.07520571j                                                
               <<  z  ;  z  >>     0.3000    -57.27379080     -6.59659327j                                                
                                                                                                                          
               Dipole  Dipole   Frequency            Real        Imaginary                                                
               -----------------------------------------------------------                                                
               <<  x  ;  x  >>     0.3025    -94.41481549    -34.01854961j                                                
               <<  x  ;  y  >>     0.3025      3.43829473     -9.32789999j                                                
               <<  x  ;  z  >>     0.3025     -2.77484917     -8.86942980j                                                
               <<  y  ;  x  >>     0.3025      3.43829473     -9.32789999j                                                
               <<  y  ;  y  >>     0.3025    -87.42751294    -11.24093945j                                                
               <<  y  ;  z  >>     0.3025     -7.96395888     -4.84096613j                                                
               <<  z  ;  x  >>     0.3025     -2.77484917     -8.86942980j                                                
               <<  z  ;  y  >>     0.3025     -7.96395888     -4.84096613j                                                
               <<  z  ;  z  >>     0.3025    -57.35356801    -10.71172771j                                                
                                                                                                                          
               Dipole  Dipole   Frequency            Real        Imaginary                                                
               -----------------------------------------------------------                                                
               <<  x  ;  x  >>     0.3050    -81.35939902    -43.70282046j                                                
               <<  x  ;  y  >>     0.3050     12.01790545    -11.49532796j                                                
               <<  x  ;  z  >>     0.3050      2.70559842    -11.21467870j                                                
               <<  y  ;  x  >>     0.3050     12.01790545    -11.49532796j                                                
               <<  y  ;  y  >>     0.3050    -87.39212939    -14.29258348j                                                
               <<  y  ;  z  >>     0.3050     -6.21868005     -6.09276143j                                                
               <<  z  ;  x  >>     0.3050      2.70559842    -11.21467870j                                                
               <<  z  ;  y  >>     0.3050     -6.21868005     -6.09276143j                                                
               <<  z  ;  z  >>     0.3050    -53.12841313    -14.92631518j                                                
                                                                                                                          
               Dipole  Dipole   Frequency            Real        Imaginary                                                
               -----------------------------------------------------------                                                
               <<  x  ;  x  >>     0.3075    -69.49444620    -37.69611403j                                                
               <<  x  ;  y  >>     0.3075     20.56521426     -5.24581255j                                                
               <<  x  ;  z  >>     0.3075      7.80417850     -7.92844125j                                                
               <<  y  ;  x  >>     0.3075     20.56521426     -5.24581255j                                                
               <<  y  ;  y  >>     0.3075    -88.00623256    -14.96567284j                                                
               <<  y  ;  z  >>     0.3075     -4.81006181     -5.12786513j                                                
               <<  z  ;  x  >>     0.3075      7.80417933     -7.92844280j                                                
               <<  z  ;  y  >>     0.3075     -4.81006350     -5.12786604j                                                
               <<  z  ;  z  >>     0.3075    -46.90409572    -13.26096318j                                                
                                                                                                                          
               Dipole  Dipole   Frequency            Real        Imaginary                                                
               -----------------------------------------------------------                                                
               <<  x  ;  x  >>     0.3100    -69.82631827    -31.56876216j                                                
               <<  x  ;  y  >>     0.3100     23.38876090      3.98599356j                                                
               <<  x  ;  z  >>     0.3100      8.83821490     -3.78084644j                                                
               <<  y  ;  x  >>     0.3100     23.38876090      3.98599356j                                                
               <<  y  ;  y  >>     0.3100    -91.22193970    -16.83235337j                                                
               <<  y  ;  z  >>     0.3100     -5.19157143     -4.14555181j                                                
               <<  z  ;  x  >>     0.3100      8.83821670     -3.78084618j                                                
               <<  z  ;  y  >>     0.3100     -5.19157316     -4.14555384j                                                
               <<  z  ;  z  >>     0.3100    -45.37258522     -8.68787831j                                                
                                                                                                                          
               Dipole  Dipole   Frequency            Real        Imaginary                                                
               -----------------------------------------------------------                                                
               <<  x  ;  x  >>     0.3125    -70.97930578    -33.30307040j                                                
               <<  x  ;  y  >>     0.3125     21.48685686     13.59789224j                                                
               <<  x  ;  z  >>     0.3125      8.26227775     -0.92659227j                                                
               <<  y  ;  x  >>     0.3125     21.48685686     13.59789224j                                                
               <<  y  ;  y  >>     0.3125    -93.64860972    -21.91329701j                                                
               <<  y  ;  z  >>     0.3125     -6.05633181     -4.12035869j                                                
               <<  z  ;  x  >>     0.3125      8.26227853     -0.92658978j                                                
               <<  z  ;  y  >>     0.3125     -6.05633296     -4.12036246j                                                
               <<  z  ;  z  >>     0.3125    -46.55151652     -5.81009464j                                                
                                                                                                                          
               Dipole  Dipole   Frequency            Real        Imaginary                                                
               -----------------------------------------------------------                                                
               <<  x  ;  x  >>     0.3150    -64.81500922    -34.41616529j                                                
               <<  x  ;  y  >>     0.3150     13.64678146     19.26701178j                                                
               <<  x  ;  z  >>     0.3150      7.09330822      0.77069409j                                                
               <<  y  ;  x  >>     0.3150     13.64678146     19.26701178j                                                
               <<  y  ;  y  >>     0.3150    -92.29965143    -26.27002851j                                                
               <<  y  ;  z  >>     0.3150     -6.70236626     -4.51332814j                                                
               <<  z  ;  x  >>     0.3150      7.09330536      0.77069736j                                                
               <<  z  ;  y  >>     0.3150     -6.70236524     -4.51333328j                                                
               <<  z  ;  z  >>     0.3150    -48.18323065     -4.41721576j                                                
                                                                                                                          
               Dipole  Dipole   Frequency            Real        Imaginary                                                
               -----------------------------------------------------------                                                
               <<  x  ;  x  >>     0.3175    -61.27862447    -27.25811606j                                                
               <<  x  ;  y  >>     0.3175      8.47188256     17.25696587j                                                
               <<  x  ;  z  >>     0.3175      6.36314136      1.45043078j                                                
               <<  y  ;  x  >>     0.3175      8.47188256     17.25696587j                                                
               <<  y  ;  y  >>     0.3175    -93.46621816    -26.76142193j                                                
               <<  y  ;  z  >>     0.3175     -7.66708030     -4.96907333j                                                
               <<  z  ;  x  >>     0.3175      6.36313494      1.45043100j                                                
               <<  z  ;  y  >>     0.3175     -7.66707738     -4.96907807j                                                
               <<  z  ;  z  >>     0.3175    -49.79923318     -3.82911759j                                                
                                                                                                                          
               Dipole  Dipole   Frequency            Real        Imaginary                                                
               -----------------------------------------------------------                                                
               <<  x  ;  x  >>     0.3200    -65.20004772    -21.63947576j                                                
               <<  x  ;  y  >>     0.3200      9.61920364     16.50380109j                                                
               <<  x  ;  z  >>     0.3200      6.41178764      2.28741356j                                                
               <<  y  ;  x  >>     0.3200      9.61920349     16.50379903j                                                
               <<  y  ;  y  >>     0.3200    -99.84678402    -30.97216126j                                                
               <<  y  ;  z  >>     0.3200     -9.17828138     -6.36731778j                                                
               <<  z  ;  x  >>     0.3200      6.41178764      2.28741356j                                                
               <<  z  ;  y  >>     0.3200     -9.17827821     -6.36732291j                                                
               <<  z  ;  z  >>     0.3200    -51.36697951     -3.84509954j                                                
                                                                                                                          
               Dipole  Dipole   Frequency            Real        Imaginary                                                
               -----------------------------------------------------------                                                
               <<  x  ;  x  >>     0.3225    -71.01222996    -21.22537622j                                                
               <<  x  ;  y  >>     0.3225     12.02382738     21.28298445j                                                
               <<  x  ;  z  >>     0.3225      6.58620001      4.03151587j                                                
               <<  y  ;  x  >>     0.3225     12.02382570     21.28298233j                                                
               <<  y  ;  y  >>     0.3225   -106.20749920    -44.27284336j                                                
               <<  y  ;  z  >>     0.3225    -10.42684710     -9.67083904j                                                
               <<  z  ;  x  >>     0.3225      6.58620001      4.03151587j                                                
               <<  z  ;  y  >>     0.3225    -10.42684407     -9.67084801j                                                
               <<  z  ;  z  >>     0.3225    -52.76718263     -4.53628368j                                                
                                                                                                                          
               Dipole  Dipole   Frequency            Real        Imaginary                                                
               -----------------------------------------------------------                                                
               <<  x  ;  x  >>     0.3250    -74.47653744    -25.33104517j                                                
               <<  x  ;  y  >>     0.3250      9.18374383     32.01652771j                                                
               <<  x  ;  z  >>     0.3250      5.53753647      6.95753433j                                                
               <<  y  ;  x  >>     0.3250      9.18373809     32.01651819j                                                
               <<  y  ;  y  >>     0.3250   -100.95895996    -68.56109836j                                                
               <<  y  ;  z  >>     0.3250     -8.81719605    -15.36232684j                                                
               <<  z  ;  x  >>     0.3250      5.53753647      6.95753433j                                                
               <<  z  ;  y  >>     0.3250     -8.81718971    -15.36234980j                                                
               <<  z  ;  z  >>     0.3250    -53.41565417     -6.00408614j                                                
                                                                                                                          
               Dipole  Dipole   Frequency            Real        Imaginary                                                
               -----------------------------------------------------------                                                
               <<  x  ;  x  >>     0.3275    -72.26954275    -28.78449586j                                                
               <<  x  ;  y  >>     0.3275     -5.80151223     38.65507921j                                                
               <<  x  ;  z  >>     0.3275      1.62092376      8.75449277j                                                
               <<  y  ;  x  >>     0.3275     -5.80151223     38.65507921j                                                
               <<  y  ;  y  >>     0.3275    -69.73410803    -82.99418897j                                                
               <<  y  ;  z  >>     0.3275     -1.01408409    -18.36055873j                                                
               <<  z  ;  x  >>     0.3275      1.62092424      8.75449181j                                                
               <<  z  ;  y  >>     0.3275     -1.01408245    -18.36056021j                                                
               <<  z  ;  z  >>     0.3275    -52.45144033     -7.08542371j                                                
                                                                                                                          
               Dipole  Dipole   Frequency            Real        Imaginary                                                
               -----------------------------------------------------------                                                
               <<  x  ;  x  >>     0.3300    -71.43021800    -26.82627087j                                                
               <<  x  ;  y  >>     0.3300    -17.91850073     30.84767262j                                                
               <<  x  ;  z  >>     0.3300     -1.56753886      6.93240890j                                                
               <<  y  ;  x  >>     0.3300    -17.91850073     30.84767262j                                                
               <<  y  ;  y  >>     0.3300    -44.56465721    -65.15970747j                                                
               <<  y  ;  z  >>     0.3300      4.88184458    -13.26252815j                                                
               <<  z  ;  x  >>     0.3300     -1.56753686      6.93240798j                                                
               <<  z  ;  y  >>     0.3300      4.88184983    -13.26252710j                                                
               <<  z  ;  z  >>     0.3300    -51.52256378     -6.43457298j                                                
                                                                                                                          
               Dipole  Dipole   Frequency            Real        Imaginary                                                
               -----------------------------------------------------------                                                
               <<  x  ;  x  >>     0.3325    -74.97267132    -27.29913365j                                                
               <<  x  ;  y  >>     0.3325    -19.70433924     24.34257558j                                                
               <<  x  ;  z  >>     0.3325     -2.08922193      5.15778859j                                                
               <<  y  ;  x  >>     0.3325    -19.70433924     24.34257558j                                                
               <<  y  ;  y  >>     0.3325    -42.65131016    -47.09337450j                                                
               <<  y  ;  z  >>     0.3325      4.45266507     -8.45421005j                                                
               <<  z  ;  x  >>     0.3325     -2.08921865      5.15779017j                                                
               <<  z  ;  y  >>     0.3325      4.45266667     -8.45420201j                                                
               <<  z  ;  z  >>     0.3325    -51.61549621     -5.37419833j                                                
                                                                                                                          
               Dipole  Dipole   Frequency            Real        Imaginary                                                
               -----------------------------------------------------------                                                
               <<  x  ;  x  >>     0.3350    -75.95975458    -31.88941849j                                                
               <<  x  ;  y  >>     0.3350    -22.37762421     23.45631644j                                                
               <<  x  ;  z  >>     0.3350     -2.10407845      4.80832035j                                                
               <<  y  ;  x  >>     0.3350    -22.37762421     23.45631644j                                                
               <<  y  ;  y  >>     0.3350    -45.01319533    -39.21567613j                                                
               <<  y  ;  z  >>     0.3350      2.84355765     -6.83374709j                                                
               <<  z  ;  x  >>     0.3350     -2.10407701      4.80832489j                                                
               <<  z  ;  y  >>     0.3350      2.84355220     -6.83374183j                                                
               <<  z  ;  z  >>     0.3350    -52.47206754     -4.56209630j                                                
                                                                                                                          
               Dipole  Dipole   Frequency            Real        Imaginary                                                
               -----------------------------------------------------------                                                
               <<  x  ;  x  >>     0.3375    -73.40213799    -34.13406015j                                                
               <<  x  ;  y  >>     0.3375    -28.52073626     20.41847698j                                                
               <<  x  ;  z  >>     0.3375     -2.84496468      5.20220420j                                                
               <<  y  ;  x  >>     0.3375    -28.52073626     20.41847698j                                                
               <<  y  ;  y  >>     0.3375    -45.56614784    -32.73357999j                                                
               <<  y  ;  z  >>     0.3375      2.03005491     -6.48611842j                                                
               <<  z  ;  x  >>     0.3375     -2.84496664      5.20220939j                                                
               <<  z  ;  y  >>     0.3375      2.03004903     -6.48611743j                                                
               <<  z  ;  z  >>     0.3375    -53.50670859     -4.40546476j                                                
                                                                                                                          
               Dipole  Dipole   Frequency            Real        Imaginary                                                
               -----------------------------------------------------------                                                
               <<  x  ;  x  >>     0.3400    -72.09686833    -34.26713662j                                                
               <<  x  ;  y  >>     0.3400    -33.19436856     14.73001365j                                                
               <<  x  ;  z  >>     0.3400     -4.73734543      5.26853159j                                                
               <<  y  ;  x  >>     0.3400    -33.19436856     14.73001365j                                                
               <<  y  ;  y  >>     0.3400    -48.58990987    -26.31261301j                                                
               <<  y  ;  z  >>     0.3400      1.93337924     -6.22116380j                                                
               <<  z  ;  x  >>     0.3400     -4.73735126      5.26853588j                                                
               <<  z  ;  y  >>     0.3400      1.93337445     -6.22116503j                                                
               <<  z  ;  z  >>     0.3400    -54.12759156     -4.43835458j                                                
                                                                                                                          
               Dipole  Dipole   Frequency            Real        Imaginary                                                
               -----------------------------------------------------------                                                
               <<  x  ;  x  >>     0.3425    -72.40798928    -34.78839920j                                                
               <<  x  ;  y  >>     0.3425    -36.18425432      8.35280530j                                                
               <<  x  ;  z  >>     0.3425     -6.73355871      4.13457546j                                                
               <<  y  ;  x  >>     0.3425    -36.18425432      8.35280530j                                                
               <<  y  ;  y  >>     0.3425    -53.93842375    -21.98773434j                                                
               <<  y  ;  z  >>     0.3425      1.62097224     -5.52827035j                                                
               <<  z  ;  x  >>     0.3425     -6.73355871      4.13457546j                                                
               <<  z  ;  y  >>     0.3425      1.62097224     -5.52827035j                                                
               <<  z  ;  z  >>     0.3425    -54.81856084     -4.14590709j                                                
                                                                                                                          
               Dipole  Dipole   Frequency            Real        Imaginary                                                
               -----------------------------------------------------------                                                
               <<  x  ;  x  >>     0.3450    -71.63979246    -36.09652575j                                                
               <<  x  ;  y  >>     0.3450    -38.96554407      1.76159581j                                                
               <<  x  ;  z  >>     0.3450     -8.68858556      2.33624435j                                                
               <<  y  ;  x  >>     0.3450    -38.96554407      1.76159581j                                                
               <<  y  ;  y  >>     0.3450    -60.50679625    -20.85758448j                                                
               <<  y  ;  z  >>     0.3450      0.77518262     -5.26068885j                                                
               <<  z  ;  x  >>     0.3450     -8.68858556      2.33624435j                                                
               <<  z  ;  y  >>     0.3450      0.77518262     -5.26068885j                                                
               <<  z  ;  z  >>     0.3450    -55.81065072     -3.96337679j                                                
                                                                                                                          
               Dipole  Dipole   Frequency            Real        Imaginary                                                
               -----------------------------------------------------------                                                
               <<  x  ;  x  >>     0.3475    -73.11050730    -35.90126905j                                                
               <<  x  ;  y  >>     0.3475    -41.36213826     -7.42953298j                                                
               <<  x  ;  z  >>     0.3475    -10.12261026     -0.91249828j                                                
               <<  y  ;  x  >>     0.3475    -41.36213826     -7.42953298j                                                
               <<  y  ;  y  >>     0.3475    -67.25431627    -23.37766629j                                                
               <<  y  ;  z  >>     0.3475     -0.29042634     -5.76084053j                                                
               <<  z  ;  x  >>     0.3475    -10.12261026     -0.91249828j                                                
               <<  z  ;  y  >>     0.3475     -0.29042634     -5.76084053j                                                
               <<  z  ;  z  >>     0.3475    -57.00830224     -3.99845105j                                                
                                                                                                                          
               Dipole  Dipole   Frequency            Real        Imaginary                                                
               -----------------------------------------------------------                                                
               <<  x  ;  x  >>     0.3500    -76.60674361    -42.04523223j                                                
               <<  x  ;  y  >>     0.3500    -40.60390342    -20.52819416j                                                
               <<  x  ;  z  >>     0.3500     -9.95324602     -5.28279369j                                                
               <<  y  ;  x  >>     0.3500    -40.60390342    -20.52819416j                                                
               <<  y  ;  y  >>     0.3500    -72.07877678    -31.27178197j                                                
               <<  y  ;  z  >>     0.3500     -0.91033046     -7.71001482j                                                
               <<  z  ;  x  >>     0.3500     -9.95324602     -5.28279369j                                                
               <<  z  ;  y  >>     0.3500     -0.91033046     -7.71001482j                                                
               <<  z  ;  z  >>     0.3500    -58.23523237     -4.56707522j                                                
                                                                                                                          
               Linear Absorption Cross-Section                                                                            
               ===============================                                                                            
                                                                                                                          
               Reference: J. Kauczor and P. Norman, J. Chem. Theory Comput. 2014, 10, 2449-2455.                          
                                                                                                                          
               Frequency[a.u.]     Frequency[eV]        sigma(w)[a.u.]                                                    
               -------------------------------------------------------                                                    
               0.2000              5.44228                0.00945486                                                      
               0.2025              5.51031                0.01056318                                                      
               0.2050              5.57833                0.01227300                                                      
               0.2075              5.64636                0.01517904                                                      
               0.2100              5.71439                0.02001895                                                      
               0.2125              5.78242                0.02440024                                                      
               0.2150              5.85045                0.02245173                                                      
               0.2175              5.91848                0.01883048                                                      
               0.2200              5.98650                0.01732287                                                      
               0.2225              6.05453                0.01774955                                                      
               0.2250              6.12256                0.02008703                                                      
               0.2275              6.19059                0.02427755                                                      
               0.2300              6.25862                0.02623889                                                      
               0.2325              6.32665                0.02318844                                                      
               0.2350              6.39468                0.02042095                                                      
               0.2375              6.46270                0.01927574                                                      
               0.2400              6.53073                0.01912446                                                      
               0.2425              6.59876                0.01953964                                                      
               0.2450              6.66679                0.02033387                                                      
               0.2475              6.73482                0.02144424                                                      
               0.2500              6.80285                0.02288055                                                      
               0.2525              6.87088                0.02471628                                                      
               0.2550              6.93890                0.02711263                                                      
               0.2575              7.00693                0.03039166                                                      
               0.2600              7.07496                0.03521526                                                      
               0.2625              7.14299                0.04299225                                                      
               0.2650              7.21102                0.05639751                                                      
               0.2675              7.27905                0.07595752                                                      
               0.2700              7.34707                0.08356767                                                      
               0.2725              7.41510                0.07094881                                                      
               0.2750              7.48313                0.06076829                                                      
               0.2775              7.55116                0.05755654                                                      
               0.2800              7.61919                0.05884967                                                      
               0.2825              7.68722                0.06325302                                                      
               0.2850              7.75525                0.07050266                                                      
               0.2875              7.82327                0.08113190                                                      
               0.2900              7.89130                0.09654350                                                      
               0.2925              7.95933                0.11956870                                                      
               0.2950              8.02736                0.15591700                                                      
               0.2975              8.09539                0.21758389                                                      
               0.3000              8.16342                0.32905589                                                      
               0.3025              8.23144                0.51754017                                                      
               0.3050              8.29947                0.67984620                                                      
               0.3075              8.36750                0.61963277                                                      
               0.3100              8.43553                0.54096357                                                      
               0.3125              8.50356                0.58293771                                                      
               0.3150              8.57159                0.62685663                                                      
               0.3175              8.63962                0.56142395                                                      
               0.3200              8.70764                0.55222961                                                      
               0.3225              8.77567                0.69039194                                                      
               0.3250              8.84370                0.99239918                                                      
               0.3275              8.91173                1.18991511                                                      
               0.3300              8.97976                0.99278149                                                      
               0.3325              9.04779                0.81071321                                                      
               0.3350              9.11581                0.77482987                                                      
               0.3375              9.18384                0.73528109                                                      
               0.3400              9.25187                0.67572060                                                      
               0.3425              9.31990                0.63780652                                                      
               0.3450              9.38793                0.64241402                                                      
               0.3475              9.45596                0.67213619                                                      
               0.3500              9.52399                0.83324119                                                      
                                                                                                                          
!========================================================================================================================!
!                               VeloxChem execution completed at Mon Jun 15 12:21:18 2026.                               !
!========================================================================================================================!
!                                           Total execution time is 68.10 sec.                                           !
!========================================================================================================================!
!                     Rinkevicius, Z.; Li, X.; Vahtras, O.; Ahmadzadeh, K.; Brand, M.; Ringholm, M.;                     !
!                              List, N. H.; Scheurer, M.; Scott, M.; Dreuw, A.; Norman, P.                               !
!                     VeloxChem: A Python-driven Density-functional Theory Program for Spectroscopy                      !
!                                Simulations in High-performance Computing Environments.                                 !
!                                       WIREs Comput Mol Sci 2020, 10 (5), e1457.                                        !
!========================================================================================================================!

