!========================================================================================================================!
!                                                                                                                        !
!                                                       VELOXCHEM                                                        !
!                                              AN ELECTRONIC STRUCTURE CODE                                              !
!                                                                                                                        !
!                                        Copyright 2018-2025 VeloxChem developers                                        !
!========================================================================================================================!
!                                VeloxChem execution started at Mon Jun 15 13:20:06 2026.                                !
!========================================================================================================================!
                                                                                                                          
* Info * Using 32 OpenMP threads per MPI process.                                                                         
                                                                                                                          
* Info * Reading input file esca-nexafs.inp...                                                                            
                                                                                                                          
* Info * @jobs                                                                                                            
* Info * task: response                                                                                                   
* Info * @end                                                                                                             
                                                                                                                          
* Info * @method_settings                                                                                                 
* Info * xcfun: cam-b3lyp                                                                                                 
* Info * basis: def2-svp                                                                                                  
* Info * @end                                                                                                             
                                                                                                                          
* Info * @response                                                                                                        
* Info * property: absorption (cpp)                                                                                       
* Info * frequencies: 10.1-10.4 (0.0025)                                                                                  
* Info * @end                                                                                                             
                                                                                                                          
                                              Molecular Geometry (Angstroms)                                              
                                             ================================                                             
                                                                                                                          
                          Atom         Coordinate X          Coordinate Y          Coordinate Z                           
                                                                                                                          
                           C           1.326024532622        0.471089167011       -1.154937296389                         
                           C           0.484399509715        0.908494386259        0.037569541020                         
                           C           0.270494167717       -0.188493907246        1.053914467110                         
                           O           0.701245126416       -1.308212251798        0.971080711541                         
                           C          -0.582260522270        0.210893702941        2.291730106998                         
                           F          -0.731967860619       -0.799813015071        3.135965340271                         
                           F          -1.800383044157        0.625073687043        1.897202571864                         
                           F           0.003899498844        1.231896946553        2.943599980006                         
                           H           1.453639490166        1.302028888463       -1.864264306255                         
                           H           0.853135331881       -0.368249103011       -1.686230702784                         
                           H           2.322713498820        0.134038471332       -0.833394707486                         
                           H           0.936346512410        1.764030447212        0.571699332428                         
                           H          -0.514670521097        1.267150587304       -0.270103071648                         
                                                                                                                          
                          Molecular charge            : 0                                                                 
                          Spin multiplicity           : 1                                                                 
                          Number of atoms             : 13                                                                
                          Number of alpha electrons   : 32                                                                
                          Number of beta  electrons   : 32                                                                
                                                                                                                          
* Info * Reading basis set from file: /home/linares/miniconda3/envs/vlxsrc/lib/python3.13/site-packages/veloxchem/basis/DEF2-SVP
                                                                                                                          
                                              Molecular Basis (Atomic Basis)                                              
                                             ================================                                             
                                                                                                                          
                               Basis: DEF2-SVP                                                                            
                                                                                                                          
                               Atom Contracted GTOs           Primitive GTOs                                              
                                                                                                                          
                               C     (3S,2P,1D)                (7S,4P,1D)                                                 
                               O     (3S,2P,1D)                (7S,4P,1D)                                                 
                               F     (3S,2P,1D)                (7S,4P,1D)                                                 
                               H     (2S,1P)                   (4S,1P)                                                    
                                                                                                                          
                               Contracted Basis Functions : 137                                                           
                               Primitive Basis Functions  : 227                                                           
                                                                                                                          
                                                                                                                          
                                            Self Consistent Field Driver Setup                                            
                                           ====================================                                           
                                                                                                                          
                   Wave Function Model             : Spin-Restricted Kohn-Sham                                            
                   Initial Guess Model             : Superposition of Atomic Densities                                    
                   Convergence Accelerator         : Two Level Direct Inversion of Iterative Subspace                     
                   Max. Number of Iterations       : 50                                                                   
                   Max. Number of Error Vectors    : 10                                                                   
                   Convergence Threshold           : 1.0e-06                                                              
                   ERI Screening Threshold         : 1.0e-12                                                              
                   Linear Dependence Threshold     : 1.0e-06                                                              
                   Exchange-Correlation Functional : CAM-B3LYP                                                            
                   Molecular Grid Level            : 4                                                                    
                                                                                                                          
* Info * Nuclear repulsion energy: 409.9100889659 a.u.                                                                    
                                                                                                                          
* Info * Using the CAM-B3LYP functional.                                                                                  
                                                                                                                          
         T. Yanai, D. P. Tew, and N. C. Handy.,  Chem. Phys. Lett. 393, 51 (2004)
                                                                                                                          
* Info * Using the Libxc library (v7.0.0).                                                                                
                                                                                                                          
         S. Lehtola, C. Steigemann, M. J.T. Oliveira, and M. A.L. Marques.,  SoftwareX 7, 1–5 (2018)
                                                                                                                          
* Info * Using the following algorithm for XC numerical integration.                                                      
                                                                                                                          
         J. Kussmann, H. Laqua and C. Ochsenfeld, J. Chem. Theory Comput. 2021, 17, 1512-1521
                                                                                                                          
* Info * Molecular grid with 190914 points generated in 0.11 sec.                                                         
                                                                                                                          
* Info * Overlap matrix computed in 0.00 sec.                                                                             
                                                                                                                          
* Info * Kinetic energy matrix computed in 0.00 sec.                                                                      
                                                                                                                          
* Info * Nuclear potential matrix computed in 0.00 sec.                                                                   
                                                                                                                          
* Info * Orthogonalization matrix computed in 0.00 sec.                                                                   
                                                                                                                          
* Info * Starting Reduced Basis SCF calculation...                                                                        
* Info * ...done. SCF energy in reduced basis set: -526.938455740284 a.u. Time: 0.29 sec.                                 
                                                                                                                          
* Info * Overlap matrix computed in 0.00 sec.                                                                             
                                                                                                                          
* Info * Kinetic energy matrix computed in 0.00 sec.                                                                      
                                                                                                                          
* Info * Nuclear potential matrix computed in 0.00 sec.                                                                   
                                                                                                                          
* Info * Orthogonalization matrix computed in 0.00 sec.                                                                   
                                                                                                                          
                                                                                                                          
               Iter. |    Kohn-Sham Energy | Energy Change | Gradient Norm | Max. Gradient | Density Change               
               --------------------------------------------------------------------------------------------               
                  1      -529.586728466450    0.0000000000      0.53374620      0.03593589      0.00000000                
                  2      -529.603124499110   -0.0163960327      0.34722120      0.01846824      0.24699450                
                  3      -529.612890240900   -0.0097657418      0.11504978      0.00660439      0.11657923                
                  4      -529.613961545143   -0.0010713042      0.02982386      0.00173799      0.03726681                
                  5      -529.614036248887   -0.0000747037      0.00809739      0.00064678      0.01189255                
                  6      -529.614042270129   -0.0000060212      0.00116613      0.00004845      0.00281801                
                  7      -529.614042478616   -0.0000002085      0.00038410      0.00002043      0.00090265                
                  8      -529.614042496457   -0.0000000178      0.00012919      0.00000627      0.00018292                
                  9      -529.614042498603   -0.0000000021      0.00004534      0.00000240      0.00009678                
                 10      -529.614042498793   -0.0000000002      0.00001186      0.00000045      0.00002019                
                 11      -529.614042498810   -0.0000000000      0.00000290      0.00000015      0.00000634                
                 12      -529.614042498812   -0.0000000000      0.00000064      0.00000003      0.00000258                
                                                                                                                          
* Info * Checkpoint written to file: esca-nexafs_scf.h5                                                                   
                                                                                                                          
* Info * SCF results written to file: esca-nexafs.h5                                                                      
                                                                                                                          
               *** SCF converged in 12 iterations. Time: 5.21 sec.                                                        
                                                                                                                          
               Spin-Restricted Kohn-Sham:                                                                                 
               --------------------------                                                                                 
               Total Energy                       :     -529.6140424988 a.u.                                              
               Electronic Energy                  :     -939.5241314647 a.u.                                              
               Nuclear Repulsion Energy           :      409.9100889659 a.u.                                              
               ------------------------------------                                                                       
               Gradient Norm                      :        0.0000006381 a.u.                                              
                                                                                                                          
                                                                                                                          
               Ground State Information                                                                                   
               ------------------------                                                                                   
               Charge of Molecule            :  0.0                                                                       
               Multiplicity (2S+1)           :  1                                                                         
               Magnetic Quantum Number (M_S) :  0.0                                                                       
                                                                                                                          
                                                                                                                          
                                                 Spin Restricted Orbitals                                                 
                                                 ------------------------                                                 
                                                                                                                          
               Molecular Orbital No.  28:                                                                                 
               --------------------------                                                                                 
               Occupation: 2.000 Energy:   -0.47293 a.u.                                                                  
               (   1 C   1p+1:     0.20) (   3 C   1p+1:    -0.25) (   4 O   1p+1:    -0.35)                              
               (   4 O   1p0 :    -0.20) (   4 O   2p+1:    -0.22) (  10 H   1s  :    -0.16)                              
               (  11 H   1s  :     0.16)                                                                                  
                                                                                                                          
               Molecular Orbital No.  29:                                                                                 
               --------------------------                                                                                 
               Occupation: 2.000 Energy:   -0.46119 a.u.                                                                  
               (   1 C   1p0 :     0.32) (   2 C   1p+1:     0.16) (   2 C   1p0 :    -0.22)                              
               (   3 C   1p0 :     0.18) (   4 O   1p0 :     0.18) (   6 F   1p0 :    -0.16)                              
               (   9 H   1s  :    -0.27)                                                                                  
                                                                                                                          
               Molecular Orbital No.  30:                                                                                 
               --------------------------                                                                                 
               Occupation: 2.000 Energy:   -0.45015 a.u.                                                                  
               (   1 C   1p-1:     0.36) (   2 C   1p-1:    -0.20) (   9 H   1s  :     0.22)                              
               (  10 H   1s  :    -0.20) (  11 H   1s  :    -0.20)                                                        
                                                                                                                          
               Molecular Orbital No.  31:                                                                                 
               --------------------------                                                                                 
               Occupation: 2.000 Energy:   -0.42831 a.u.                                                                  
               (   1 C   1p+1:     0.25) (   2 C   1p+1:    -0.24) (   4 O   1p+1:     0.17)                              
               (  10 H   1s  :    -0.23) (  11 H   1s  :     0.23) (  12 H   1s  :    -0.24)                              
               (  13 H   1s  :     0.24)                                                                                  
                                                                                                                          
               Molecular Orbital No.  32:                                                                                 
               --------------------------                                                                                 
               Occupation: 2.000 Energy:   -0.35142 a.u.                                                                  
               (   2 C   3s  :     0.29) (   2 C   1p-1:    -0.19) (   2 C   2p-1:    -0.18)                              
               (   3 C   1p0 :    -0.15) (   4 O   1p+1:    -0.23) (   4 O   1p0 :     0.47)                              
               (   4 O   2p+1:    -0.16) (   4 O   2p0 :     0.34) (   5 C   2s  :    -0.18)                              
               (   5 C   3s  :    -0.17) (   5 C   1p0 :     0.20)                                                        
                                                                                                                          
               Molecular Orbital No.  33:                                                                                 
               --------------------------                                                                                 
               Occupation: 0.000 Energy:   -0.00279 a.u.                                                                  
               (   3 C   1p+1:     0.42) (   3 C   1p0 :     0.24) (   3 C   2p+1:     0.39)                              
               (   3 C   2p0 :     0.23) (   4 O   1p+1:    -0.35) (   4 O   1p0 :    -0.20)                              
               (   4 O   2p+1:    -0.36) (   4 O   2p0 :    -0.21) (  12 H   2s  :    -0.23)                              
               (  13 H   2s  :     0.23)                                                                                  
                                                                                                                          
               Molecular Orbital No.  34:                                                                                 
               --------------------------                                                                                 
               Occupation: 0.000 Energy:    0.09279 a.u.                                                                  
               (   1 C   3s  :    -1.85) (   1 C   2p+1:    -0.16) (   1 C   2p0 :     0.23)                              
               (   2 C   3s  :    -1.48) (   2 C   2p+1:     0.34) (   2 C   2p-1:    -0.44)                              
               (   2 C   2p0 :    -0.33) (   3 C   3s  :     0.77) (   4 O   3s  :    -0.26)                              
               (   5 C   2p0 :     0.17) (   9 H   2s  :     0.91) (  10 H   2s  :     0.75)                              
               (  11 H   2s  :     0.75) (  12 H   2s  :     1.02) (  13 H   2s  :     1.02)                              
                                                                                                                          
               Molecular Orbital No.  35:                                                                                 
               --------------------------                                                                                 
               Occupation: 0.000 Energy:    0.14075 a.u.                                                                  
               (   1 C   3s  :    -2.68) (   1 C   2p0 :    -0.21) (   2 C   3s  :     2.54)                              
               (   2 C   2p-1:     0.24) (   2 C   2p0 :    -0.30) (   3 C   2p0 :     0.20)                              
               (   5 C   3s  :    -0.38) (   7 F   3s  :     0.15) (   8 F   3s  :     0.15)                              
               (   9 H   2s  :     0.59) (  10 H   2s  :     1.08) (  11 H   2s  :     1.08)                              
               (  12 H   2s  :    -1.12) (  13 H   2s  :    -1.12)                                                        
                                                                                                                          
               Molecular Orbital No.  36:                                                                                 
               --------------------------                                                                                 
               Occupation: 0.000 Energy:    0.14605 a.u.                                                                  
               (   1 C   1p+1:    -0.15) (   1 C   2p+1:    -0.34) (   1 C   2p0 :    -0.20)                              
               (   2 C   1p+1:    -0.26) (   2 C   1p0 :    -0.15) (   2 C   2p+1:    -0.84)                              
               (   2 C   2p-1:    -0.29) (   2 C   2p0 :    -0.49) (   5 C   2p+1:     0.16)                              
               (  10 H   2s  :    -0.75) (  11 H   2s  :     0.75) (  12 H   2s  :     1.34)                              
               (  13 H   2s  :    -1.34)                                                                                  
                                                                                                                          
               Molecular Orbital No.  37:                                                                                 
               --------------------------                                                                                 
               Occupation: 0.000 Energy:    0.16690 a.u.                                                                  
               (   1 C   3s  :     0.42) (   1 C   1p-1:     0.31) (   1 C   2p+1:    -0.19)                              
               (   1 C   2p-1:     1.18) (   1 C   2p0 :    -0.38) (   2 C   3s  :    -0.88)                              
               (   2 C   2p-1:    -0.15) (   3 C   3s  :     0.80) (   5 C   3s  :    -0.38)                              
               (   5 C   2p+1:    -0.19) (   5 C   2p-1:     0.21) (   5 C   2p0 :     0.20)                              
               (   9 H   2s  :    -1.93) (  10 H   2s  :     0.80) (  11 H   2s  :     0.81)                              
               (  12 H   2s  :     0.31) (  13 H   2s  :     0.31)                                                        
                                                                                                                          
                                                                                                                          
                                                Ground State Dipole Moment                                                
                                               ----------------------------                                               
                                                                                                                          
                                   X   :         0.122104 a.u.         0.310358 Debye                                     
                                   Y   :         0.740678 a.u.         1.882616 Debye                                     
                                   Z   :        -0.649208 a.u.        -1.650122 Debye                                     
                                 Total :         0.992464 a.u.         2.522591 Debye                                     
                                                                                                                          
                                                                                                                          
                                              Complex Response Solver Setup                                               
                                             ===============================                                              
                                                                                                                          
                               Number of Frequencies           : 121                                                      
                               Max. Number of Iterations       : 150                                                      
                               Convergence Threshold           : 1.0e-04                                                  
                               ERI Screening Threshold         : 1.0e-12                                                  
                               Exchange-Correlation Functional : CAM-B3LYP                                                
                               Molecular Grid Level            : 4                                                        
                                                                                                                          
* Info * Using the CAM-B3LYP functional.                                                                                  
                                                                                                                          
         T. Yanai, D. P. Tew, and N. C. Handy.,  Chem. Phys. Lett. 393, 51 (2004)
                                                                                                                          
* Info * Using the Libxc library (v7.0.0).                                                                                
                                                                                                                          
         S. Lehtola, C. Steigemann, M. J.T. Oliveira, and M. A.L. Marques.,  SoftwareX 7, 1–5 (2018)
                                                                                                                          
* Info * Using the following algorithm for XC numerical integration.                                                      
                                                                                                                          
         J. Kussmann, H. Laqua and C. Ochsenfeld, J. Chem. Theory Comput. 2021, 17, 1512-1521
                                                                                                                          
* Info * Molecular grid with 190914 points generated in 0.10 sec.                                                         
                                                                                                                          
* Info * Processing 21 Fock builds...                                                                                     
                                                                                                                          
* Info * 20 gerade trial vectors in reduced space                                                                         
* Info * 21 ungerade trial vectors in reduced space                                                                       
                                                                                                                          
* Info * 54.31 MB of memory used for subspace procedure on the master node                                                
* Info * 112.53 GB of memory available for the solver on the master node                                                  
                                                                                                                          
               *** Iteration:   1 * Residuals (Max,Min): 4.68e-01 and 1.25e-01                                            
                                                                                                                          
               Operator:  electric dipole (xyz)                                                                           
                                                                                                                          
               <<x;x>>_10.1000:      0.20621366     -0.01712386j   Residual Norm: 0.18552794                              
               <<x;x>>_10.1025:      0.19653317     -0.01885155j   Residual Norm: 0.18318073                              
               <<x;x>>_10.1050:      0.18586669     -0.02090038j   Residual Norm: 0.18081366                              
               <<x;x>>_10.1075:      0.17403227     -0.02335780j   Residual Norm: 0.17843049                              
               <<x;x>>_10.1100:      0.16080006     -0.02634401j   Residual Norm: 0.17603340                              
               <<x;x>>_10.1125:      0.14587614     -0.03002877j   Residual Norm: 0.17362037                              
               <<x;x>>_10.1150:      0.12888088     -0.03465984j   Residual Norm: 0.17117976                              
               <<x;x>>_10.1175:      0.10932377     -0.04061459j   Residual Norm: 0.16867875                              
               <<x;x>>_10.1200:      0.08659617     -0.04849394j   Residual Norm: 0.16604460                              
               <<x;x>>_10.1225:      0.06008294     -0.05923502j   Residual Norm: 0.16319272                              
               <<x;x>>_10.1250:      0.02941092     -0.07374304j   Residual Norm: 0.16048475                              
               <<x;x>>_10.1275:     -0.00731102     -0.09217916j   Residual Norm: 0.15916383                              
               <<x;x>>_10.1300:     -0.05460835     -0.11828790j   Residual Norm: 0.15860628                              
               <<x;x>>_10.1325:     -0.11533747     -0.15985684j   Residual Norm: 0.15775777                              
               <<x;x>>_10.1350:     -0.19234039     -0.22935345j   Residual Norm: 0.15673897                              
               <<x;x>>_10.1375:     -0.28553316     -0.35281177j   Residual Norm: 0.15576330                              
               <<x;x>>_10.1400:     -0.37100339     -0.58485507j   Residual Norm: 0.15494134                              
               <<x;x>>_10.1425:     -0.31526745     -0.99676371j   Residual Norm: 0.15432447                              
               <<x;x>>_10.1450:      0.19407826     -1.38164602j   Residual Norm: 0.15392435                              
               <<x;x>>_10.1475:      0.83481759     -1.14443719j   Residual Norm: 0.15374778                              
               <<x;x>>_10.1500:      0.99513705     -0.68929650j   Residual Norm: 0.15387758                              
               <<x;x>>_10.1525:      0.92887677     -0.40854402j   Residual Norm: 0.15432679                              
               <<x;x>>_10.1550:      0.83282222     -0.25977305j   Residual Norm: 0.15505366                              
               <<x;x>>_10.1575:      0.75004550     -0.17752039j   Residual Norm: 0.15603510                              
               <<x;x>>_10.1600:      0.68399547     -0.12873479j   Residual Norm: 0.15725129                              
               <<x;x>>_10.1625:      0.63142353     -0.09789533j   Residual Norm: 0.15867794                              
               <<x;x>>_10.1650:      0.58890095     -0.07735421j   Residual Norm: 0.16028557                              
               <<x;x>>_10.1675:      0.55379673     -0.06308788j   Residual Norm: 0.16204038                              
               <<x;x>>_10.1700:      0.52421491     -0.05284504j   Residual Norm: 0.16390531                              
               <<x;x>>_10.1725:      0.49879773     -0.04529686j   Residual Norm: 0.16584123                              
               <<x;x>>_10.1750:      0.47656134     -0.03962275j   Residual Norm: 0.16780790                              
               <<x;x>>_10.1775:      0.45677953     -0.03529654j   Residual Norm: 0.16976487                              
               <<x;x>>_10.1800:      0.43890472     -0.03197040j   Residual Norm: 0.17167211                              
               <<x;x>>_10.1825:      0.42251445     -0.02940898j   Residual Norm: 0.17349032                              
               <<x;x>>_10.1850:      0.40727454     -0.02745081j   Residual Norm: 0.17518082                              
               <<x;x>>_10.1875:      0.39291316     -0.02598501j   Residual Norm: 0.17670504                              
               <<x;x>>_10.1900:      0.37920205     -0.02493738j   Residual Norm: 0.17802318                              
               <<x;x>>_10.1925:      0.36594211     -0.02426238j   Residual Norm: 0.17909193                              
               <<x;x>>_10.1950:      0.35295161     -0.02393988j   Residual Norm: 0.17986065                              
               <<x;x>>_10.1975:      0.34005572     -0.02397642j   Residual Norm: 0.18026485                              
               <<x;x>>_10.2000:      0.32707601     -0.02441276j   Residual Norm: 0.18021529                              
               <<x;x>>_10.2025:      0.31381988     -0.02534296j   Residual Norm: 0.17957932                              
               <<x;x>>_10.2050:      0.30007286     -0.02695802j   Residual Norm: 0.17814998                              
               <<x;x>>_10.2075:      0.28561304     -0.02964654j   Residual Norm: 0.17560138                              
               <<x;x>>_10.2100:      0.27034661     -0.03422447j   Residual Norm: 0.17146821                              
               <<x;x>>_10.2125:      0.25502953     -0.04231530j   Residual Norm: 0.16540188                              
               <<x;x>>_10.2150:      0.24392812     -0.05529987j   Residual Norm: 0.15861786                              
               <<x;x>>_10.2175:      0.24354047     -0.06467696j   Residual Norm: 0.15626345                              
               <<x;x>>_10.2200:      0.23971335     -0.05953650j   Residual Norm: 0.16138522                              
               <<x;x>>_10.2225:      0.22258909     -0.05449820j   Residual Norm: 0.16752256                              
               <<x;x>>_10.2250:      0.19928231     -0.05652372j   Residual Norm: 0.16981641                              
               <<x;x>>_10.2275:      0.17316853     -0.06611287j   Residual Norm: 0.16795293                              
               <<x;x>>_10.2300:      0.14693779     -0.08612502j   Residual Norm: 0.16268861                              
               <<x;x>>_10.2325:      0.13169123     -0.11932092j   Residual Norm: 0.15623161                              
               <<x;x>>_10.2350:      0.14327276     -0.14310312j   Residual Norm: 0.15490831                              
               <<x;x>>_10.2375:      0.14432823     -0.13104432j   Residual Norm: 0.16386853                              
               <<x;x>>_10.2400:      0.11089133     -0.12092596j   Residual Norm: 0.17695204                              
               <<x;x>>_10.2425:      0.06017748     -0.12970302j   Residual Norm: 0.18737958                              
               <<x;x>>_10.2450:     -0.00191118     -0.15839802j   Residual Norm: 0.19450410                              
               <<x;x>>_10.2475:     -0.07686576     -0.21420567j   Residual Norm: 0.19966110                              
               <<x;x>>_10.2500:     -0.16468055     -0.31797889j   Residual Norm: 0.20398114                              
               <<x;x>>_10.2525:     -0.24453700     -0.51574585j   Residual Norm: 0.20818824                              
               <<x;x>>_10.2550:     -0.20049395     -0.86596612j   Residual Norm: 0.21275388                              
               <<x;x>>_10.2575:      0.22836084     -1.18167710j   Residual Norm: 0.21800816                              
               <<x;x>>_10.2600:      0.74563402     -0.97179423j   Residual Norm: 0.22418579                              
               <<x;x>>_10.2625:      0.85672702     -0.59897727j   Residual Norm: 0.23140017                              
               <<x;x>>_10.2650:      0.78356229     -0.37821304j   Residual Norm: 0.23920584                              
               <<x;x>>_10.2675:      0.68493017     -0.27369175j   Residual Norm: 0.24581064                              
               <<x;x>>_10.2700:      0.59720001     -0.23918349j   Residual Norm: 0.24699841                              
               <<x;x>>_10.2725:      0.53826648     -0.26042370j   Residual Norm: 0.23663818                              
               <<x;x>>_10.2750:      0.55465075     -0.31110978j   Residual Norm: 0.21310729                              
               <<x;x>>_10.2775:      0.63375449     -0.28251511j   Residual Norm: 0.18489223                              
               <<x;x>>_10.2800:      0.64713966     -0.19241409j   Residual Norm: 0.16218034                              
               <<x;x>>_10.2825:      0.61249587     -0.12955706j   Residual Norm: 0.14809411                              
               <<x;x>>_10.2850:      0.57129964     -0.09458096j   Residual Norm: 0.14088239                              
               <<x;x>>_10.2875:      0.53370138     -0.07472031j   Residual Norm: 0.13804327                              
               <<x;x>>_10.2900:      0.50043800     -0.06297784j   Residual Norm: 0.13770875                              
               <<x;x>>_10.2925:      0.47049152     -0.05600866j   Residual Norm: 0.13889829                              
               <<x;x>>_10.2950:      0.44270342     -0.05223906j   Residual Norm: 0.14129770                              
               <<x;x>>_10.2975:      0.41602531     -0.05099758j   Residual Norm: 0.14504162                              
               <<x;x>>_10.3000:      0.38948027     -0.05218485j   Residual Norm: 0.15059299                              
               <<x;x>>_10.3025:      0.36207689     -0.05623941j   Residual Norm: 0.15866923                              
               <<x;x>>_10.3050:      0.33275350     -0.06437618j   Residual Norm: 0.17015949                              
               <<x;x>>_10.3075:      0.30053118     -0.07928696j   Residual Norm: 0.18597395                              
               <<x;x>>_10.3100:      0.26574166     -0.10675078j   Residual Norm: 0.20670270                              
               <<x;x>>_10.3125:      0.23619564     -0.15745785j   Residual Norm: 0.23171175                              
               <<x;x>>_10.3150:      0.24431392     -0.23216926j   Residual Norm: 0.25681396                              
               <<x;x>>_10.3175:      0.30461968     -0.26389996j   Residual Norm: 0.27063099                              
               <<x;x>>_10.3200:      0.31795244     -0.24365717j   Residual Norm: 0.25845068                              
               <<x;x>>_10.3225:      0.28417045     -0.27006903j   Residual Norm: 0.22324590                              
               <<x;x>>_10.3250:      0.28728989     -0.37584561j   Residual Norm: 0.18816649                              
               <<x;x>>_10.3275:      0.43745212     -0.47643641j   Residual Norm: 0.16950517                              
               <<x;x>>_10.3300:      0.61766874     -0.38346893j   Residual Norm: 0.16793241                              
               <<x;x>>_10.3325:      0.64758069     -0.23645338j   Residual Norm: 0.17709053                              
               <<x;x>>_10.3350:      0.61305455     -0.14745939j   Residual Norm: 0.19121245                              
               <<x;x>>_10.3375:      0.57194762     -0.09977963j   Residual Norm: 0.20699685                              
               <<x;x>>_10.3400:      0.53616720     -0.07295838j   Residual Norm: 0.22287094                              
               <<x;x>>_10.3425:      0.50629974     -0.05678484j   Residual Norm: 0.23815459                              
               <<x;x>>_10.3450:      0.48111280     -0.04643035j   Residual Norm: 0.25258963                              
               <<x;x>>_10.3475:      0.45939781     -0.03949040j   Residual Norm: 0.26611250                              
               <<x;x>>_10.3500:      0.44022733     -0.03468709j   Residual Norm: 0.27874737                              
               <<x;x>>_10.3525:      0.42291979     -0.03130026j   Residual Norm: 0.29055516                              
               <<x;x>>_10.3550:      0.40697067     -0.02890454j   Residual Norm: 0.30160911                              
               <<x;x>>_10.3575:      0.39199639     -0.02724063j   Residual Norm: 0.31198330                              
               <<x;x>>_10.3600:      0.37769398     -0.02614890j   Residual Norm: 0.32174819                              
               <<x;x>>_10.3625:      0.36381259     -0.02553450j   Residual Norm: 0.33097050                              
               <<x;x>>_10.3650:      0.35013252     -0.02534946j   Residual Norm: 0.33971678                              
               <<x;x>>_10.3675:      0.33644888     -0.02558629j   Residual Norm: 0.34806161                              
               <<x;x>>_10.3700:      0.32255824     -0.02628218j   Residual Norm: 0.35610270                              
               <<x;x>>_10.3725:      0.30824978     -0.02753916j   Residual Norm: 0.36398575                              
               <<x;x>>_10.3750:      0.29331673     -0.02957588j   Residual Norm: 0.37192965                              
               <<x;x>>_10.3775:      0.27766822     -0.03283201j   Residual Norm: 0.38014370                              
               <<x;x>>_10.3800:      0.26184909     -0.03793916j   Residual Norm: 0.38800805                              
               <<x;x>>_10.3825:      0.24761258     -0.04394041j   Residual Norm: 0.39150101                              
               <<x;x>>_10.3850:      0.23276298     -0.04704774j   Residual Norm: 0.38727575                              
               <<x;x>>_10.3875:      0.21225829     -0.05013561j   Residual Norm: 0.38257604                              
               <<x;x>>_10.3900:      0.18681705     -0.05699092j   Residual Norm: 0.38084406                              
               <<x;x>>_10.3925:      0.15669751     -0.06895204j   Residual Norm: 0.38064539                              
               <<x;x>>_10.3950:      0.12067244     -0.08847952j   Residual Norm: 0.38106669                              
               <<x;x>>_10.3975:      0.07703251     -0.12113028j   Residual Norm: 0.38208228                              
               <<x;x>>_10.4000:      0.02555317     -0.17898879j   Residual Norm: 0.38421306                              
               <<y;y>>_10.1000:      0.31582768     -0.00481760j   Residual Norm: 0.24597276                              
               <<y;y>>_10.1025:      0.31313759     -0.00507425j   Residual Norm: 0.24313252                              
               <<y;y>>_10.1050:      0.31030166     -0.00537091j   Residual Norm: 0.24007073                              
               <<y;y>>_10.1075:      0.30729723     -0.00571797j   Residual Norm: 0.23675509                              
               <<y;y>>_10.1100:      0.30409594     -0.00612967j   Residual Norm: 0.23314661                              
               <<y;y>>_10.1125:      0.30066186     -0.00662604j   Residual Norm: 0.22919721                              
               <<y;y>>_10.1150:      0.29694889     -0.00723628j   Residual Norm: 0.22484489                              
               <<y;y>>_10.1175:      0.29289790     -0.00800477j   Residual Norm: 0.22000422                              
               <<y;y>>_10.1200:      0.28843581     -0.00900205j   Residual Norm: 0.21455100                              
               <<y;y>>_10.1225:      0.28348878     -0.01033806j   Residual Norm: 0.20835053                              
               <<y;y>>_10.1250:      0.27801143     -0.01211874j   Residual Norm: 0.20168780                              
               <<y;y>>_10.1275:      0.27178020     -0.01436221j   Residual Norm: 0.19569536                              
               <<y;y>>_10.1300:      0.26426234     -0.01750663j   Residual Norm: 0.18983728                              
               <<y;y>>_10.1325:      0.25512139     -0.02246331j   Residual Norm: 0.18328010                              
               <<y;y>>_10.1350:      0.24402256     -0.03068951j   Residual Norm: 0.17638193                              
               <<y;y>>_10.1375:      0.23097234     -0.04522759j   Residual Norm: 0.16973963                              
               <<y;y>>_10.1400:      0.21876095     -0.07246051j   Residual Norm: 0.16401969                              
               <<y;y>>_10.1425:      0.22298096     -0.12071779j   Residual Norm: 0.15992777                              
               <<y;y>>_10.1450:      0.28013059     -0.16582691j   Residual Norm: 0.15805418                              
               <<y;y>>_10.1475:      0.35255811     -0.13825840j   Residual Norm: 0.15867774                              
               <<y;y>>_10.1500:      0.36876958     -0.08523366j   Residual Norm: 0.16170149                              
               <<y;y>>_10.1525:      0.35841643     -0.05259626j   Residual Norm: 0.16655088                              
               <<y;y>>_10.1550:      0.34448636     -0.03539369j   Residual Norm: 0.17239154                              
               <<y;y>>_10.1575:      0.33200527     -0.02597824j   Residual Norm: 0.17844892                              
               <<y;y>>_10.1600:      0.32136804     -0.02048957j   Residual Norm: 0.18414388                              
               <<y;y>>_10.1625:      0.31218586     -0.01711605j   Residual Norm: 0.18912120                              
               <<y;y>>_10.1650:      0.30404774     -0.01496635j   Residual Norm: 0.19321428                              
               <<y;y>>_10.1675:      0.29663456     -0.01357301j   Residual Norm: 0.19638709                              
               <<y;y>>_10.1700:      0.28971157     -0.01267616j   Residual Norm: 0.19868051                              
               <<y;y>>_10.1725:      0.28310503     -0.01212431j   Residual Norm: 0.20017287                              
               <<y;y>>_10.1750:      0.27668276     -0.01182605j   Residual Norm: 0.20095498                              
               <<y;y>>_10.1775:      0.27034009     -0.01172532j   Residual Norm: 0.20111605                              
               <<y;y>>_10.1800:      0.26399013     -0.01178799j   Residual Norm: 0.20073678                              
               <<y;y>>_10.1825:      0.25755686     -0.01199454j   Residual Norm: 0.19988686                              
               <<y;y>>_10.1850:      0.25097001     -0.01233589j   Residual Norm: 0.19862456                              
               <<y;y>>_10.1875:      0.24416098     -0.01281128j   Residual Norm: 0.19699766                              
               <<y;y>>_10.1900:      0.23705930     -0.01342730j   Residual Norm: 0.19504462                              
               <<y;y>>_10.1925:      0.22958917     -0.01419804j   Residual Norm: 0.19279592                              
               <<y;y>>_10.1950:      0.22166577     -0.01514601j   Residual Norm: 0.19027528                              
               <<y;y>>_10.1975:      0.21319092     -0.01630430j   Residual Norm: 0.18750066                              
               <<y;y>>_10.2000:      0.20404754     -0.01772008j   Residual Norm: 0.18448500                              
               <<y;y>>_10.2025:      0.19409253     -0.01946059j   Residual Norm: 0.18123668                              
               <<y;y>>_10.2050:      0.18314691     -0.02162301j   Residual Norm: 0.17775934                              
               <<y;y>>_10.2075:      0.17098296     -0.02435163j   Residual Norm: 0.17405079                              
               <<y;y>>_10.2100:      0.15730934     -0.02786876j   Residual Norm: 0.17009972                              
               <<y;y>>_10.2125:      0.14176733     -0.03252806j   Residual Norm: 0.16588025                              
               <<y;y>>_10.2150:      0.12398019     -0.03885212j   Residual Norm: 0.16137208                              
               <<y;y>>_10.2175:      0.10345027     -0.04734373j   Residual Norm: 0.15672615                              
               <<y;y>>_10.2200:      0.07870270     -0.05903066j   Residual Norm: 0.15214477                              
               <<y;y>>_10.2225:      0.04810840     -0.07704892j   Residual Norm: 0.14741422                              
               <<y;y>>_10.2250:      0.01061983     -0.10693640j   Residual Norm: 0.14248274                              
               <<y;y>>_10.2275:     -0.03284452     -0.15993703j   Residual Norm: 0.13749053                              
               <<y;y>>_10.2300:     -0.06857199     -0.25858246j   Residual Norm: 0.13268193                              
               <<y;y>>_10.2325:     -0.03110028     -0.42013565j   Residual Norm: 0.12846478                              
               <<y;y>>_10.2350:      0.17332964     -0.51582976j   Residual Norm: 0.12547295                              
               <<y;y>>_10.2375:      0.34006017     -0.39251816j   Residual Norm: 0.12450804                              
               <<y;y>>_10.2400:      0.34191277     -0.25514286j   Residual Norm: 0.12620810                              
               <<y;y>>_10.2425:      0.28670219     -0.18458323j   Residual Norm: 0.13051693                              
               <<y;y>>_10.2450:      0.22193020     -0.15877772j   Residual Norm: 0.13650318                              
               <<y;y>>_10.2475:      0.15455984     -0.16245055j   Residual Norm: 0.14292437                              
               <<y;y>>_10.2500:      0.08273796     -0.19484067j   Residual Norm: 0.14897601                              
               <<y;y>>_10.2525:      0.00710904     -0.26959544j   Residual Norm: 0.15441513                              
               <<y;y>>_10.2550:     -0.05017500     -0.41797397j   Residual Norm: 0.15865416                              
               <<y;y>>_10.2575:     -0.00040185     -0.65647138j   Residual Norm: 0.15879518                              
               <<y;y>>_10.2600:      0.28360695     -0.85203005j   Residual Norm: 0.15444586                              
               <<y;y>>_10.2625:      0.64074482     -0.72163777j   Residual Norm: 0.15326720                              
               <<y;y>>_10.2650:      0.73141189     -0.45171967j   Residual Norm: 0.15575637                              
               <<y;y>>_10.2675:      0.67954379     -0.28306763j   Residual Norm: 0.15952247                              
               <<y;y>>_10.2700:      0.60649825     -0.19920039j   Residual Norm: 0.16317355                              
               <<y;y>>_10.2725:      0.54157034     -0.16356771j   Residual Norm: 0.16465481                              
               <<y;y>>_10.2750:      0.49316055     -0.15762358j   Residual Norm: 0.15911496                              
               <<y;y>>_10.2775:      0.46233610     -0.16685672j   Residual Norm: 0.14415015                              
               <<y;y>>_10.2800:      0.45252790     -0.19501660j   Residual Norm: 0.13088964                              
               <<y;y>>_10.2825:      0.49602374     -0.21111866j   Residual Norm: 0.12835639                              
               <<y;y>>_10.2850:      0.53427198     -0.16086179j   Residual Norm: 0.13492453                              
               <<y;y>>_10.2875:      0.52246853     -0.10619436j   Residual Norm: 0.14521679                              
               <<y;y>>_10.2900:      0.49503340     -0.07402602j   Residual Norm: 0.15583606                              
               <<y;y>>_10.2925:      0.46809742     -0.05604746j   Residual Norm: 0.16564462                              
               <<y;y>>_10.2950:      0.44433458     -0.04539930j   Residual Norm: 0.17448316                              
               <<y;y>>_10.2975:      0.42344303     -0.03873721j   Residual Norm: 0.18247630                              
               <<y;y>>_10.3000:      0.40471867     -0.03447680j   Residual Norm: 0.18981281                              
               <<y;y>>_10.3025:      0.38752203     -0.03186579j   Residual Norm: 0.19672289                              
               <<y;y>>_10.3050:      0.37132455     -0.03061048j   Residual Norm: 0.20355556                              
               <<y;y>>_10.3075:      0.35570580     -0.03078297j   Residual Norm: 0.21097050                              
               <<y;y>>_10.3100:      0.34047767     -0.03293505j   Residual Norm: 0.22028263                              
               <<y;y>>_10.3125:      0.32642311     -0.03828023j   Residual Norm: 0.23355195                              
               <<y;y>>_10.3150:      0.31739159     -0.04684209j   Residual Norm: 0.25075516                              
               <<y;y>>_10.3175:      0.31505136     -0.05031706j   Residual Norm: 0.26239687                              
               <<y;y>>_10.3200:      0.30707905     -0.04755247j   Residual Norm: 0.25718760                              
               <<y;y>>_10.3225:      0.29334367     -0.05064693j   Residual Norm: 0.23841234                              
               <<y;y>>_10.3250:      0.28401533     -0.06357963j   Residual Norm: 0.21492994                              
               <<y;y>>_10.3275:      0.29238078     -0.07608007j   Residual Norm: 0.19917859                              
               <<y;y>>_10.3300:      0.30416891     -0.06530582j   Residual Norm: 0.20323815                              
               <<y;y>>_10.3325:      0.29741666     -0.04817829j   Residual Norm: 0.22211466                              
               <<y;y>>_10.3350:      0.28242690     -0.03830321j   Residual Norm: 0.24339053                              
               <<y;y>>_10.3375:      0.26609365     -0.03368524j   Residual Norm: 0.26166923                              
               <<y;y>>_10.3400:      0.24972197     -0.03188748j   Residual Norm: 0.27657044                              
               <<y;y>>_10.3425:      0.23321938     -0.03173143j   Residual Norm: 0.28898063                              
               <<y;y>>_10.3450:      0.21623898     -0.03271309j   Residual Norm: 0.29975946                              
               <<y;y>>_10.3475:      0.19839101     -0.03465313j   Residual Norm: 0.30952137                              
               <<y;y>>_10.3500:      0.17925758     -0.03755297j   Residual Norm: 0.31867394                              
               <<y;y>>_10.3525:      0.15836530     -0.04154701j   Residual Norm: 0.32748352                              
               <<y;y>>_10.3550:      0.13514375     -0.04690502j   Residual Norm: 0.33612439                              
               <<y;y>>_10.3575:      0.10887019     -0.05407370j   Residual Norm: 0.34471057                              
               <<y;y>>_10.3600:      0.07859307     -0.06376763j   Residual Norm: 0.35331550                              
               <<y;y>>_10.3625:      0.04302257     -0.07714422j   Residual Norm: 0.36198405                              
               <<y;y>>_10.3650:      0.00037454     -0.09614166j   Residual Norm: 0.37073999                              
               <<y;y>>_10.3675:     -0.05183236     -0.12416105j   Residual Norm: 0.37959046                              
               <<y;y>>_10.3700:     -0.11694019     -0.16752258j   Residual Norm: 0.38852860                              
               <<y;y>>_10.3725:     -0.19875209     -0.23875509j   Residual Norm: 0.39753472                              
               <<y;y>>_10.3750:     -0.29792422     -0.36421437j   Residual Norm: 0.40657617                              
               <<y;y>>_10.3775:     -0.39236721     -0.59919973j   Residual Norm: 0.41560579                              
               <<y;y>>_10.3800:     -0.35336805     -1.02118435j   Residual Norm: 0.42455809                              
               <<y;y>>_10.3825:      0.14753617     -1.44796175j   Residual Norm: 0.43334221                              
               <<y;y>>_10.3850:      0.83888229     -1.23668922j   Residual Norm: 0.44182895                              
               <<y;y>>_10.3875:      1.02913625     -0.75295701j   Residual Norm: 0.44982774                              
               <<y;y>>_10.3900:      0.96123547     -0.44882904j   Residual Norm: 0.45704565                              
               <<y;y>>_10.3925:      0.85593120     -0.28901910j   Residual Norm: 0.46301563                              
               <<y;y>>_10.3950:      0.76289424     -0.20309911j   Residual Norm: 0.46697938                              
               <<y;y>>_10.3975:      0.68635158     -0.15582910j   Residual Norm: 0.46774439                              
               <<y;y>>_10.4000:      0.62296500     -0.13229903j   Residual Norm: 0.46375799                              
               <<z;z>>_10.1000:      0.30490775     -0.00766889j   Residual Norm: 0.20828510                              
               <<z;z>>_10.1025:      0.30059700     -0.00827795j   Residual Norm: 0.20540098                              
               <<z;z>>_10.1050:      0.29593904     -0.00899587j   Residual Norm: 0.20237465                              
               <<z;z>>_10.1075:      0.29087221     -0.00985204j   Residual Norm: 0.19920029                              
               <<z;z>>_10.1100:      0.28531871     -0.01088687j   Residual Norm: 0.19587183                              
               <<z;z>>_10.1125:      0.27917923     -0.01215735j   Residual Norm: 0.19238126                              
               <<z;z>>_10.1150:      0.27232567     -0.01374666j   Residual Norm: 0.18871446                              
               <<z;z>>_10.1175:      0.26459263     -0.01578139j   Residual Norm: 0.18484136                              
               <<z;z>>_10.1200:      0.25577496     -0.01846300j   Residual Norm: 0.18069952                              
               <<z;z>>_10.1225:      0.24566485     -0.02210562j   Residual Norm: 0.17622515                              
               <<z;z>>_10.1250:      0.23413452     -0.02701352j   Residual Norm: 0.17180817                              
               <<z;z>>_10.1275:      0.22054877     -0.03324414j   Residual Norm: 0.16870247                              
               <<z;z>>_10.1300:      0.20339208     -0.04205317j   Residual Norm: 0.16632002                              
               <<z;z>>_10.1325:      0.18170423     -0.05605059j   Residual Norm: 0.16370305                              
               <<z;z>>_10.1350:      0.15452899     -0.07941915j   Residual Norm: 0.16105657                              
               <<z;z>>_10.1375:      0.12189247     -0.12089337j   Residual Norm: 0.15867453                              
               <<z;z>>_10.1400:      0.09181457     -0.19879871j   Residual Norm: 0.15674885                              
               <<z;z>>_10.1425:      0.10907275     -0.33704966j   Residual Norm: 0.15540420                              
               <<z;z>>_10.1450:      0.27847029     -0.46624608j   Residual Norm: 0.15470570                              
               <<z;z>>_10.1475:      0.49192745     -0.38675483j   Residual Norm: 0.15468378                              
               <<z;z>>_10.1500:      0.54417991     -0.23413598j   Residual Norm: 0.15541168                              
               <<z;z>>_10.1525:      0.52036320     -0.14002112j   Residual Norm: 0.15685436                              
               <<z;z>>_10.1550:      0.48649988     -0.09019393j   Residual Norm: 0.15888639                              
               <<z;z>>_10.1575:      0.45704055     -0.06269237j   Residual Norm: 0.16137794                              
               <<z;z>>_10.1600:      0.43313897     -0.04642804j   Residual Norm: 0.16419161                              
               <<z;z>>_10.1625:      0.41370063     -0.03619457j   Residual Norm: 0.16718679                              
               <<z;z>>_10.1650:      0.39756970     -0.02942753j   Residual Norm: 0.17022904                              
               <<z;z>>_10.1675:      0.38385708     -0.02477889j   Residual Norm: 0.17319770                              
               <<z;z>>_10.1700:      0.37191918     -0.02149571j   Residual Norm: 0.17599022                              
               <<z;z>>_10.1725:      0.36129157     -0.01913524j   Residual Norm: 0.17852320                              
               <<z;z>>_10.1750:      0.35163356     -0.01742610j   Residual Norm: 0.18073110                              
               <<z;z>>_10.1775:      0.34268864     -0.01619689j   Residual Norm: 0.18256338                              
               <<z;z>>_10.1800:      0.33425737     -0.01533772j   Residual Norm: 0.18398056                              
               <<z;z>>_10.1825:      0.32617848     -0.01477882j   Residual Norm: 0.18494997                              
               <<z;z>>_10.1850:      0.31831526     -0.01447869j   Residual Norm: 0.18544125                              
               <<z;z>>_10.1875:      0.31054504     -0.01441797j   Residual Norm: 0.18542168                              
               <<z;z>>_10.1900:      0.30275032     -0.01459764j   Residual Norm: 0.18485146                              
               <<z;z>>_10.1925:      0.29481004     -0.01504101j   Residual Norm: 0.18367865                              
               <<z;z>>_10.1950:      0.28659002     -0.01580096j   Residual Norm: 0.18183405                              
               <<z;z>>_10.1975:      0.27793100     -0.01697553j   Residual Norm: 0.17922641                              
               <<z;z>>_10.2000:      0.26863332     -0.01873990j   Residual Norm: 0.17574036                              
               <<z;z>>_10.2025:      0.25843879     -0.02141280j   Residual Norm: 0.17124260                              
               <<z;z>>_10.2050:      0.24702203     -0.02560165j   Residual Norm: 0.16561033                              
               <<z;z>>_10.2075:      0.23405822     -0.03253512j   Residual Norm: 0.15881217                              
               <<z;z>>_10.2100:      0.21970208     -0.04482380j   Residual Norm: 0.15109334                              
               <<z;z>>_10.2125:      0.20705003     -0.06771626j   Residual Norm: 0.14330720                              
               <<z;z>>_10.2150:      0.21115046     -0.10550941j   Residual Norm: 0.13724857                              
               <<z;z>>_10.2175:      0.25474234     -0.12894995j   Residual Norm: 0.13533038                              
               <<z;z>>_10.2200:      0.29114633     -0.10025625j   Residual Norm: 0.13891303                              
               <<z;z>>_10.2225:      0.28844198     -0.06695471j   Residual Norm: 0.14670859                              
               <<z;z>>_10.2250:      0.27208021     -0.04909237j   Residual Norm: 0.15570225                              
               <<z;z>>_10.2275:      0.25386667     -0.04132028j   Residual Norm: 0.16325663                              
               <<z;z>>_10.2300:      0.23608036     -0.03948702j   Residual Norm: 0.16788386                              
               <<z;z>>_10.2325:      0.21972447     -0.04182454j   Residual Norm: 0.16946388                              
               <<z;z>>_10.2350:      0.20591838     -0.04511621j   Residual Norm: 0.17147867                              
               <<z;z>>_10.2375:      0.19009975     -0.04637554j   Residual Norm: 0.17737316                              
               <<z;z>>_10.2400:      0.16904383     -0.04983032j   Residual Norm: 0.18320969                              
               <<z;z>>_10.2425:      0.14372570     -0.05801264j   Residual Norm: 0.18720853                              
               <<z;z>>_10.2450:      0.11371865     -0.07258771j   Residual Norm: 0.19011235                              
               <<z;z>>_10.2475:      0.07766808     -0.09748187j   Residual Norm: 0.19268974                              
               <<z;z>>_10.2500:      0.03503787     -0.14155449j   Residual Norm: 0.19545247                              
               <<z;z>>_10.2525:     -0.00730636     -0.22357721j   Residual Norm: 0.19868739                              
               <<z;z>>_10.2550:     -0.00795097     -0.36987828j   Residual Norm: 0.20212905                              
               <<z;z>>_10.2575:      0.13548538     -0.52737199j   Residual Norm: 0.20357583                              
               <<z;z>>_10.2600:      0.36344745     -0.51231719j   Residual Norm: 0.19933367                              
               <<z;z>>_10.2625:      0.48408042     -0.36635832j   Residual Norm: 0.19594769                              
               <<z;z>>_10.2650:      0.48169831     -0.23253992j   Residual Norm: 0.19957110                              
               <<z;z>>_10.2675:      0.43581776     -0.15944868j   Residual Norm: 0.20598133                              
               <<z;z>>_10.2700:      0.38764637     -0.12881926j   Residual Norm: 0.21072865                              
               <<z;z>>_10.2725:      0.34990144     -0.12724207j   Residual Norm: 0.20828542                              
               <<z;z>>_10.2750:      0.33886336     -0.14211885j   Residual Norm: 0.19274538                              
               <<z;z>>_10.2775:      0.35094804     -0.13669674j   Residual Norm: 0.16666732                              
               <<z;z>>_10.2800:      0.34786223     -0.11739922j   Residual Norm: 0.14338166                              
               <<z;z>>_10.2825:      0.34318161     -0.10342112j   Residual Norm: 0.13530932                              
               <<z;z>>_10.2850:      0.33457054     -0.08116392j   Residual Norm: 0.13968723                              
               <<z;z>>_10.2875:      0.31362881     -0.06256648j   Residual Norm: 0.14581314                              
               <<z;z>>_10.2900:      0.28924640     -0.05240970j   Residual Norm: 0.15035989                              
               <<z;z>>_10.2925:      0.26508791     -0.04763239j   Residual Norm: 0.15352448                              
               <<z;z>>_10.2950:      0.24130601     -0.04610929j   Residual Norm: 0.15581733                              
               <<z;z>>_10.2975:      0.21727412     -0.04692664j   Residual Norm: 0.15765149                              
               <<z;z>>_10.3000:      0.19220992     -0.04985753j   Residual Norm: 0.15941232                              
               <<z;z>>_10.3025:      0.16523832     -0.05515443j   Residual Norm: 0.16155270                              
               <<z;z>>_10.3050:      0.13534336     -0.06359684j   Residual Norm: 0.16470233                              
               <<z;z>>_10.3075:      0.10135671     -0.07681294j   Residual Norm: 0.16981753                              
               <<z;z>>_10.3100:      0.06231042     -0.09805723j   Residual Norm: 0.17830959                              
               <<z;z>>_10.3125:      0.01957425     -0.13328976j   Residual Norm: 0.19147503                              
               <<z;z>>_10.3150:     -0.01695539     -0.18664185j   Residual Norm: 0.20613250                              
               <<z;z>>_10.3175:     -0.04410799     -0.24129804j   Residual Norm: 0.20658604                              
               <<z;z>>_10.3200:     -0.09800856     -0.31027654j   Residual Norm: 0.18603532                              
               <<z;z>>_10.3225:     -0.16290148     -0.46353154j   Residual Norm: 0.16429033                              
               <<z;z>>_10.3250:     -0.12237059     -0.75423838j   Residual Norm: 0.15086978                              
               <<z;z>>_10.3275:      0.24988282     -1.01002735j   Residual Norm: 0.14418862                              
               <<z;z>>_10.3300:      0.68540689     -0.81582353j   Residual Norm: 0.14177527                              
               <<z;z>>_10.3325:      0.77611591     -0.49317075j   Residual Norm: 0.14216576                              
               <<z;z>>_10.3350:      0.71747693     -0.29859664j   Residual Norm: 0.14459015                              
               <<z;z>>_10.3375:      0.64134263     -0.19561301j   Residual Norm: 0.14862658                              
               <<z;z>>_10.3400:      0.57526001     -0.13862890j   Residual Norm: 0.15401713                              
               <<z;z>>_10.3425:      0.52096302     -0.10495383j   Residual Norm: 0.16058302                              
               <<z;z>>_10.3450:      0.47594369     -0.08392624j   Residual Norm: 0.16818912                              
               <<z;z>>_10.3475:      0.43765985     -0.07028643j   Residual Norm: 0.17673166                              
               <<z;z>>_10.3500:      0.40413902     -0.06127808j   Residual Norm: 0.18613643                              
               <<z;z>>_10.3525:      0.37391084     -0.05538493j   Residual Norm: 0.19636133                              
               <<z;z>>_10.3550:      0.34585640     -0.05175394j   Residual Norm: 0.20740055                              
               <<z;z>>_10.3575:      0.31908003     -0.04992150j   Residual Norm: 0.21928958                              
               <<z;z>>_10.3600:      0.29281058     -0.04968610j   Residual Norm: 0.23211044                              
               <<z;z>>_10.3625:      0.26632144     -0.05106475j   Residual Norm: 0.24599732                              
               <<z;z>>_10.3650:      0.23885826     -0.05431682j   Residual Norm: 0.26114113                              
               <<z;z>>_10.3675:      0.20956758     -0.06005573j   Residual Norm: 0.27778917                              
               <<z;z>>_10.3700:      0.17743907     -0.06952583j   Residual Norm: 0.29622844                              
               <<z;z>>_10.3725:      0.14136117     -0.08525077j   Residual Norm: 0.31672408                              
               <<z;z>>_10.3750:      0.10081018     -0.11254577j   Residual Norm: 0.33934906                              
               <<z;z>>_10.3775:      0.05969637     -0.16252189j   Residual Norm: 0.36358818                              
               <<z;z>>_10.3800:      0.04290948     -0.25077778j   Residual Norm: 0.38760580                              
               <<z;z>>_10.3825:      0.11467903     -0.34173297j   Residual Norm: 0.40746197                              
               <<z;z>>_10.3850:      0.22041457     -0.30899497j   Residual Norm: 0.41774960                              
               <<z;z>>_10.3875:      0.22215751     -0.22595269j   Residual Norm: 0.41538870                              
               <<z;z>>_10.3900:      0.16621251     -0.18384311j   Residual Norm: 0.40353560                              
               <<z;z>>_10.3925:      0.09383244     -0.17897501j   Residual Norm: 0.38941568                              
               <<z;z>>_10.3950:      0.01163430     -0.20354360j   Residual Norm: 0.37877758                              
               <<z;z>>_10.3975:     -0.08314478     -0.26274065j   Residual Norm: 0.37381332                              
               <<z;z>>_10.4000:     -0.19152909     -0.37923838j   Residual Norm: 0.37436503                              
                                                                                                                          
* Info * Processing 27 Fock builds...                                                                                     
                                                                                                                          
* Info * 47 gerade trial vectors in reduced space                                                                         
* Info * 48 ungerade trial vectors in reduced space                                                                       
                                                                                                                          
* Info * 57.21 MB of memory used for subspace procedure on the master node                                                
* Info * 112.50 GB of memory available for the solver on the master node                                                  
                                                                                                                          
               *** Iteration:   2 * Residuals (Max,Min): 1.38e+00 and 3.20e-02                                            
                                                                                                                          
               Operator:  electric dipole (xyz)                                                                           
                                                                                                                          
               <<x;x>>_10.1000:      0.19778607     -0.01918401j   Residual Norm: 0.03761172                              
               <<x;x>>_10.1025:      0.18692762     -0.02133276j   Residual Norm: 0.03741966                              
               <<x;x>>_10.1050:      0.17484418     -0.02392140j   Residual Norm: 0.03718694                              
               <<x;x>>_10.1075:      0.16128795     -0.02708146j   Residual Norm: 0.03690861                              
               <<x;x>>_10.1100:      0.14594008     -0.03099823j   Residual Norm: 0.03657842                              
               <<x;x>>_10.1125:      0.12838460     -0.03594009j   Residual Norm: 0.03618891                              
               <<x;x>>_10.1150:      0.10807294     -0.04230909j   Residual Norm: 0.03573367                              
               <<x;x>>_10.1175:      0.08428213     -0.05073180j   Residual Norm: 0.03522210                              
               <<x;x>>_10.1200:      0.05610119     -0.06221330j   Residual Norm: 0.03475249                              
               <<x;x>>_10.1225:      0.02253315     -0.07823809j   Residual Norm: 0.03474325                              
               <<x;x>>_10.1250:     -0.01798786     -0.10043601j   Residual Norm: 0.03558815                              
               <<x;x>>_10.1275:     -0.06940893     -0.13268127j   Residual Norm: 0.03603411                              
               <<x;x>>_10.1300:     -0.13554806     -0.18466349j   Residual Norm: 0.03567530                              
               <<x;x>>_10.1325:     -0.21846723     -0.27427856j   Residual Norm: 0.03507804                              
               <<x;x>>_10.1350:     -0.31071874     -0.43898342j   Residual Norm: 0.03447019                              
               <<x;x>>_10.1375:     -0.35120181     -0.74841819j   Residual Norm: 0.03390303                              
               <<x;x>>_10.1400:     -0.10077960     -1.19941134j   Residual Norm: 0.03339012                              
               <<x;x>>_10.1425:      0.56974966     -1.28651777j   Residual Norm: 0.03294106                              
               <<x;x>>_10.1450:      0.94597767     -0.85669983j   Residual Norm: 0.03256819                              
               <<x;x>>_10.1475:      0.94630749     -0.50056289j   Residual Norm: 0.03228278                              
               <<x;x>>_10.1500:      0.85678518     -0.30712546j   Residual Norm: 0.03209374                              
               <<x;x>>_10.1525:      0.76947317     -0.20318790j   Residual Norm: 0.03201761                              
               <<x;x>>_10.1550:      0.69841001     -0.14356207j   Residual Norm: 0.03206964                              
               <<x;x>>_10.1575:      0.64198609     -0.10694155j   Residual Norm: 0.03226071                              
               <<x;x>>_10.1600:      0.59671591     -0.08311556j   Residual Norm: 0.03259771                              
               <<x;x>>_10.1625:      0.55968438     -0.06687648j   Residual Norm: 0.03308306                              
               <<x;x>>_10.1650:      0.52875309     -0.05539147j   Residual Norm: 0.03371426                              
               <<x;x>>_10.1675:      0.50239149     -0.04702845j   Residual Norm: 0.03448387                              
               <<x;x>>_10.1700:      0.47949796     -0.04079991j   Residual Norm: 0.03537982                              
               <<x;x>>_10.1725:      0.45926666     -0.03608329j   Residual Norm: 0.03638602                              
               <<x;x>>_10.1750:      0.44109605     -0.03247260j   Residual Norm: 0.03748308                              
               <<x;x>>_10.1775:      0.42452698     -0.02969589j   Residual Norm: 0.03864909                              
               <<x;x>>_10.1800:      0.40920043     -0.02756750j   Residual Norm: 0.03986022                              
               <<x;x>>_10.1825:      0.39482821     -0.02595962j   Residual Norm: 0.04109117                              
               <<x;x>>_10.1850:      0.38117197     -0.02478499j   Residual Norm: 0.04231532                              
               <<x;x>>_10.1875:      0.36802771     -0.02398659j   Residual Norm: 0.04350455                              
               <<x;x>>_10.1900:      0.35521349     -0.02353198j   Residual Norm: 0.04462862                              
               <<x;x>>_10.1925:      0.34255916     -0.02341151j   Residual Norm: 0.04565397                              
               <<x;x>>_10.1950:      0.32989654     -0.02364053j   Residual Norm: 0.04654155                              
               <<x;x>>_10.1975:      0.31704934     -0.02426747j   Residual Norm: 0.04724320                              
               <<x;x>>_10.2000:      0.30382198     -0.02539259j   Residual Norm: 0.04769550                              
               <<x;x>>_10.2025:      0.28998943     -0.02720923j   Residual Norm: 0.04780962                              
               <<x;x>>_10.2050:      0.27530186     -0.03009710j   Residual Norm: 0.04745684                              
               <<x;x>>_10.2075:      0.25957718     -0.03483578j   Residual Norm: 0.04645985                              
               <<x;x>>_10.2100:      0.24323609     -0.04301806j   Residual Norm: 0.04466378                              
               <<x;x>>_10.2125:      0.22957598     -0.05678339j   Residual Norm: 0.04239817                              
               <<x;x>>_10.2150:      0.22669080     -0.07102323j   Residual Norm: 0.04158933                              
               <<x;x>>_10.2175:      0.22566005     -0.07032403j   Residual Norm: 0.04422116                              
               <<x;x>>_10.2200:      0.20956026     -0.06690579j   Residual Norm: 0.04791989                              
               <<x;x>>_10.2225:      0.18597196     -0.07430875j   Residual Norm: 0.05026681                              
               <<x;x>>_10.2250:      0.16600470     -0.09555067j   Residual Norm: 0.05136355                              
               <<x;x>>_10.2275:      0.16671074     -0.12090995j   Residual Norm: 0.05172430                              
               <<x;x>>_10.2300:      0.17554496     -0.11754414j   Residual Norm: 0.05119189                              
               <<x;x>>_10.2325:      0.15572759     -0.10260864j   Residual Norm: 0.04939591                              
               <<x;x>>_10.2350:      0.11728116     -0.10103016j   Residual Norm: 0.04658660                              
               <<x;x>>_10.2375:      0.06978296     -0.11384295j   Residual Norm: 0.04325427                              
               <<x;x>>_10.2400:      0.01352137     -0.14235316j   Residual Norm: 0.03984932                              
               <<x;x>>_10.2425:     -0.05329602     -0.19471554j   Residual Norm: 0.03708878                              
               <<x;x>>_10.2450:     -0.12756709     -0.29104841j   Residual Norm: 0.03649109                              
               <<x;x>>_10.2475:     -0.17695715     -0.46811599j   Residual Norm: 0.04063057                              
               <<x;x>>_10.2500:     -0.08181134     -0.71654526j   Residual Norm: 0.05193812                              
               <<x;x>>_10.2525:      0.18207318     -0.79554478j   Residual Norm: 0.06991358                              
               <<x;x>>_10.2550:      0.29064583     -0.72265324j   Residual Norm: 0.08698873                              
               <<x;x>>_10.2575:      0.33604594     -0.79381942j   Residual Norm: 0.09208839                              
               <<x;x>>_10.2600:      0.59808647     -0.87065451j   Residual Norm: 0.08558376                              
               <<x;x>>_10.2625:      0.85266766     -0.65219310j   Residual Norm: 0.07537258                              
               <<x;x>>_10.2650:      0.86598828     -0.39995815j   Residual Norm: 0.06604367                              
               <<x;x>>_10.2675:      0.79466317     -0.25286596j   Residual Norm: 0.05910658                              
               <<x;x>>_10.2700:      0.71993922     -0.17349778j   Residual Norm: 0.05506747                              
               <<x;x>>_10.2725:      0.65658782     -0.12882816j   Residual Norm: 0.05405348                              
               <<x;x>>_10.2750:      0.60460793     -0.10288486j   Residual Norm: 0.05551888                              
               <<x;x>>_10.2775:      0.56265283     -0.08728883j   Residual Norm: 0.05760484                              
               <<x;x>>_10.2800:      0.52741776     -0.07563929j   Residual Norm: 0.05976911                              
               <<x;x>>_10.2825:      0.49415446     -0.06737898j   Residual Norm: 0.06464433                              
               <<x;x>>_10.2850:      0.46240135     -0.06379909j   Residual Norm: 0.07225039                              
               <<x;x>>_10.2875:      0.43265005     -0.06509241j   Residual Norm: 0.08290627                              
               <<x;x>>_10.2900:      0.40668278     -0.07052168j   Residual Norm: 0.09759167                              
               <<x;x>>_10.2925:      0.38336182     -0.07497740j   Residual Norm: 0.11026097                              
               <<x;x>>_10.2950:      0.35419013     -0.08060414j   Residual Norm: 0.11454568                              
               <<x;x>>_10.2975:      0.31886361     -0.09659756j   Residual Norm: 0.11633243                              
               <<x;x>>_10.3000:      0.28151434     -0.13123498j   Residual Norm: 0.12256290                              
               <<x;x>>_10.3025:      0.25641800     -0.19591812j   Residual Norm: 0.13920434                              
               <<x;x>>_10.3050:      0.27798539     -0.27989948j   Residual Norm: 0.16675592                              
               <<x;x>>_10.3075:      0.34437811     -0.34517191j   Residual Norm: 0.18918187                              
               <<x;x>>_10.3100:      0.46814505     -0.36851863j   Residual Norm: 0.20078882                              
               <<x;x>>_10.3125:      0.56821621     -0.27537648j   Residual Norm: 0.22028344                              
               <<x;x>>_10.3150:      0.56772869     -0.17449608j   Residual Norm: 0.25442292                              
               <<x;x>>_10.3175:      0.53365870     -0.11787830j   Residual Norm: 0.30095386                              
               <<x;x>>_10.3200:      0.49916089     -0.08787606j   Residual Norm: 0.35675282                              
               <<x;x>>_10.3225:      0.46752342     -0.07020940j   Residual Norm: 0.41685472                              
               <<x;x>>_10.3250:      0.43770370     -0.06072269j   Residual Norm: 0.47874219                              
               <<x;x>>_10.3275:      0.40936272     -0.05729721j   Residual Norm: 0.54092470                              
               <<x;x>>_10.3300:      0.38146744     -0.05915706j   Residual Norm: 0.60011549                              
               <<x;x>>_10.3325:      0.35290155     -0.06743805j   Residual Norm: 0.65087236                              
               <<x;x>>_10.3350:      0.32359726     -0.08613124j   Residual Norm: 0.68533922                              
               <<x;x>>_10.3375:      0.29916726     -0.12366174j   Residual Norm: 0.69421859                              
               <<x;x>>_10.3400:      0.30554295     -0.18355177j   Residual Norm: 0.67347694                              
               <<x;x>>_10.3425:      0.36720170     -0.21304129j   Residual Norm: 0.65041842                              
               <<x;x>>_10.3450:      0.40421376     -0.17782051j   Residual Norm: 0.71713159                              
               <<x;x>>_10.3475:      0.39147794     -0.15667361j   Residual Norm: 0.92708513                              
               <<x;x>>_10.3500:      0.38451749     -0.17577471j   Residual Norm: 1.17319820                              
               <<x;x>>_10.3525:      0.42642887     -0.19014597j   Residual Norm: 1.33263264                              
               <<x;x>>_10.3550:      0.46178870     -0.14683509j   Residual Norm: 1.37901740                              
               <<x;x>>_10.3575:      0.45137347     -0.10265418j   Residual Norm: 1.33613248                              
               <<x;x>>_10.3600:      0.42869747     -0.08193900j   Residual Norm: 1.23088232                              
               <<x;x>>_10.3625:      0.41290131     -0.07322517j   Residual Norm: 1.11685251                              
               <<x;x>>_10.3650:      0.40021834     -0.06143773j   Residual Norm: 1.05864600                              
               <<x;x>>_10.3675:      0.38146250     -0.05091465j   Residual Norm: 1.02068000                              
               <<x;x>>_10.3700:      0.36014046     -0.04603269j   Residual Norm: 0.96524883                              
               <<x;x>>_10.3725:      0.33824287     -0.04579299j   Residual Norm: 0.89144470                              
               <<x;x>>_10.3750:      0.31548105     -0.04985496j   Residual Norm: 0.80469499                              
               <<x;x>>_10.3775:      0.29105978     -0.05960893j   Residual Norm: 0.70985900                              
               <<x;x>>_10.3800:      0.26483056     -0.07916280j   Residual Norm: 0.61340390                              
               <<x;x>>_10.3825:      0.24113123     -0.11755425j   Residual Norm: 0.52713858                              
               <<x;x>>_10.3850:      0.24383659     -0.18518993j   Residual Norm: 0.47057641                              
               <<x;x>>_10.3875:      0.32148202     -0.24046309j   Residual Norm: 0.46346669                              
               <<x;x>>_10.3900:      0.40696466     -0.19476206j   Residual Norm: 0.50602874                              
               <<x;x>>_10.3925:      0.41540238     -0.12535321j   Residual Norm: 0.57646336                              
               <<x;x>>_10.3950:      0.39197546     -0.08534587j   Residual Norm: 0.65073044                              
               <<x;x>>_10.3975:      0.36426777     -0.06636222j   Residual Norm: 0.71306225                              
               <<x;x>>_10.4000:      0.33767913     -0.05953541j   Residual Norm: 0.75517037                              
               <<y;y>>_10.1000:      0.31418771     -0.00510187j   Residual Norm: 0.03302826                              
               <<y;y>>_10.1025:      0.31133548     -0.00541039j   Residual Norm: 0.03321343                              
               <<y;y>>_10.1050:      0.30830797     -0.00577301j   Residual Norm: 0.03338556                              
               <<y;y>>_10.1075:      0.30507472     -0.00620528j   Residual Norm: 0.03353847                              
               <<y;y>>_10.1100:      0.30159683     -0.00672907j   Residual Norm: 0.03366379                              
               <<y;y>>_10.1125:      0.29782396     -0.00737597j   Residual Norm: 0.03375039                              
               <<y;y>>_10.1150:      0.29369013     -0.00819323j   Residual Norm: 0.03378485                              
               <<y;y>>_10.1175:      0.28910888     -0.00925438j   Residual Norm: 0.03375930                              
               <<y;y>>_10.1200:      0.28397165     -0.01067727j   Residual Norm: 0.03371808                              
               <<y;y>>_10.1225:      0.27815993     -0.01263571j   Residual Norm: 0.03392804                              
               <<y;y>>_10.1250:      0.27148852     -0.01531989j   Residual Norm: 0.03472151                              
               <<y;y>>_10.1275:      0.26349254     -0.01918248j   Residual Norm: 0.03527658                              
               <<y;y>>_10.1300:      0.25372260     -0.02535695j   Residual Norm: 0.03520456                              
               <<y;y>>_10.1325:      0.24193499     -0.03593508j   Residual Norm: 0.03486113                              
               <<y;y>>_10.1350:      0.22899655     -0.05529399j   Residual Norm: 0.03441439                              
               <<y;y>>_10.1375:      0.22204277     -0.09157131j   Residual Norm: 0.03392417                              
               <<y;y>>_10.1400:      0.24901132     -0.14439720j   Residual Norm: 0.03343921                              
               <<y;y>>_10.1425:      0.32499415     -0.15471389j   Residual Norm: 0.03301955                              
               <<y;y>>_10.1450:      0.36651149     -0.10464065j   Residual Norm: 0.03273108                              
               <<y;y>>_10.1475:      0.36402359     -0.06318735j   Residual Norm: 0.03262566                              
               <<y;y>>_10.1500:      0.35094683     -0.04075649j   Residual Norm: 0.03272676                              
               <<y;y>>_10.1525:      0.33803131     -0.02879674j   Residual Norm: 0.03303439                              
               <<y;y>>_10.1550:      0.32690982     -0.02202972j   Residual Norm: 0.03352280                              
               <<y;y>>_10.1575:      0.31738576     -0.01796768j   Residual Norm: 0.03415132                              
               <<y;y>>_10.1600:      0.30904222     -0.01541964j   Residual Norm: 0.03487753                              
               <<y;y>>_10.1625:      0.30152776     -0.01377958j   Residual Norm: 0.03566495                              
               <<y;y>>_10.1650:      0.29458023     -0.01271942j   Residual Norm: 0.03648587                              
               <<y;y>>_10.1675:      0.28800686     -0.01205190j   Residual Norm: 0.03732116                              
               <<y;y>>_10.1700:      0.28166299     -0.01166575j   Residual Norm: 0.03815870                              
               <<y;y>>_10.1725:      0.27543619     -0.01149315j   Residual Norm: 0.03899160                              
               <<y;y>>_10.1750:      0.26923505     -0.01149262j   Residual Norm: 0.03981656                              
               <<y;y>>_10.1775:      0.26298141     -0.01163963j   Residual Norm: 0.04063264                              
               <<y;y>>_10.1800:      0.25660464     -0.01192144j   Residual Norm: 0.04144048                              
               <<y;y>>_10.1825:      0.25003725     -0.01233420j   Residual Norm: 0.04224168                              
               <<y;y>>_10.1850:      0.24321129     -0.01288168j   Residual Norm: 0.04303854                              
               <<y;y>>_10.1875:      0.23605483     -0.01357497j   Residual Norm: 0.04383386                              
               <<y;y>>_10.1900:      0.22848847     -0.01443317j   Residual Norm: 0.04463090                              
               <<y;y>>_10.1925:      0.22042125     -0.01548512j   Residual Norm: 0.04543347                              
               <<y;y>>_10.1950:      0.21174559     -0.01677252j   Residual Norm: 0.04624603                              
               <<y;y>>_10.1975:      0.20233072     -0.01835507j   Residual Norm: 0.04707393                              
               <<y;y>>_10.2000:      0.19201363     -0.02031910j   Residual Norm: 0.04792358                              
               <<y;y>>_10.2025:      0.18058653     -0.02279231j   Residual Norm: 0.04880259                              
               <<y;y>>_10.2050:      0.16777958     -0.02596995j   Residual Norm: 0.04971880                              
               <<y;y>>_10.2075:      0.15323933     -0.03016355j   Residual Norm: 0.05067507                              
               <<y;y>>_10.2100:      0.13651525     -0.03589301j   Residual Norm: 0.05164423                              
               <<y;y>>_10.2125:      0.11710953     -0.04402242j   Residual Norm: 0.05247268                              
               <<y;y>>_10.2150:      0.09451677     -0.05573502j   Residual Norm: 0.05281192                              
               <<y;y>>_10.2175:      0.06735121     -0.07309885j   Residual Norm: 0.05301543                              
               <<y;y>>_10.2200:      0.03445516     -0.10231305j   Residual Norm: 0.05373607                              
               <<y;y>>_10.2225:      0.00029240     -0.15579957j   Residual Norm: 0.05456937                              
               <<y;y>>_10.2250:     -0.00861876     -0.25080378j   Residual Norm: 0.05508609                              
               <<y;y>>_10.2275:      0.07808664     -0.35182935j   Residual Norm: 0.05493715                              
               <<y;y>>_10.2300:      0.20803582     -0.31922418j   Residual Norm: 0.05381494                              
               <<y;y>>_10.2325:      0.22572400     -0.22636192j   Residual Norm: 0.05173861                              
               <<y;y>>_10.2350:      0.17892971     -0.17768946j   Residual Norm: 0.04939673                              
               <<y;y>>_10.2375:      0.11498824     -0.17110878j   Residual Norm: 0.04789086                              
               <<y;y>>_10.2400:      0.04306322     -0.19972768j   Residual Norm: 0.04793924                              
               <<y;y>>_10.2425:     -0.03502171     -0.27393619j   Residual Norm: 0.04957088                              
               <<y;y>>_10.2450:     -0.10012016     -0.42754775j   Residual Norm: 0.05247877                              
               <<y;y>>_10.2475:     -0.05197968     -0.69691106j   Residual Norm: 0.05634961                              
               <<y;y>>_10.2500:      0.29108456     -0.89910976j   Residual Norm: 0.06103864                              
               <<y;y>>_10.2525:      0.63992163     -0.71424202j   Residual Norm: 0.06717020                              
               <<y;y>>_10.2550:      0.69772193     -0.45703069j   Residual Norm: 0.07502661                              
               <<y;y>>_10.2575:      0.64992064     -0.32186995j   Residual Norm: 0.08220447                              
               <<y;y>>_10.2600:      0.61927511     -0.25530837j   Residual Norm: 0.08481760                              
               <<y;y>>_10.2625:      0.59626864     -0.18800901j   Residual Norm: 0.08509646                              
               <<y;y>>_10.2650:      0.55349974     -0.13477427j   Residual Norm: 0.08803094                              
               <<y;y>>_10.2675:      0.50715984     -0.10493578j   Residual Norm: 0.09312333                              
               <<y;y>>_10.2700:      0.46477613     -0.09159611j   Residual Norm: 0.09807030                              
               <<y;y>>_10.2725:      0.42757401     -0.09173343j   Residual Norm: 0.10046293                              
               <<y;y>>_10.2750:      0.40071775     -0.10664416j   Residual Norm: 0.09882668                              
               <<y;y>>_10.2775:      0.40025260     -0.12662378j   Residual Norm: 0.09763930                              
               <<y;y>>_10.2800:      0.41305302     -0.11706491j   Residual Norm: 0.10844834                              
               <<y;y>>_10.2825:      0.40005978     -0.09612593j   Residual Norm: 0.13139680                              
               <<y;y>>_10.2850:      0.37350800     -0.09246369j   Residual Norm: 0.15459656                              
               <<y;y>>_10.2875:      0.35192725     -0.11050806j   Residual Norm: 0.16846045                              
               <<y;y>>_10.2900:      0.36043439     -0.14182178j   Residual Norm: 0.16786297                              
               <<y;y>>_10.2925:      0.39893533     -0.13697126j   Residual Norm: 0.15386452                              
               <<y;y>>_10.2950:      0.40602567     -0.09917248j   Residual Norm: 0.13427011                              
               <<y;y>>_10.2975:      0.38653574     -0.07379553j   Residual Norm: 0.11934668                              
               <<y;y>>_10.3000:      0.36168199     -0.06408004j   Residual Norm: 0.11705260                              
               <<y;y>>_10.3025:      0.33859580     -0.06568192j   Residual Norm: 0.13048197                              
               <<y;y>>_10.3050:      0.32180834     -0.07448438j   Residual Norm: 0.15661200                              
               <<y;y>>_10.3075:      0.31069526     -0.08528128j   Residual Norm: 0.18219752                              
               <<y;y>>_10.3100:      0.30654153     -0.09577717j   Residual Norm: 0.19543099                              
               <<y;y>>_10.3125:      0.29902624     -0.09960080j   Residual Norm: 0.20064776                              
               <<y;y>>_10.3150:      0.28360201     -0.11784907j   Residual Norm: 0.21037503                              
               <<y;y>>_10.3175:      0.29248776     -0.15912644j   Residual Norm: 0.22738495                              
               <<y;y>>_10.3200:      0.34998880     -0.17134455j   Residual Norm: 0.24863201                              
               <<y;y>>_10.3225:      0.38261750     -0.12462118j   Residual Norm: 0.27299850                              
               <<y;y>>_10.3250:      0.37128178     -0.08343875j   Residual Norm: 0.30108697                              
               <<y;y>>_10.3275:      0.34806934     -0.06179146j   Residual Norm: 0.33367202                              
               <<y;y>>_10.3300:      0.32416996     -0.05185177j   Residual Norm: 0.37097476                              
               <<y;y>>_10.3325:      0.30109032     -0.04887017j   Residual Norm: 0.41226745                              
               <<y;y>>_10.3350:      0.27853656     -0.05159237j   Residual Norm: 0.45480639                              
               <<y;y>>_10.3375:      0.25726144     -0.06135838j   Residual Norm: 0.49093651                              
               <<y;y>>_10.3400:      0.24336249     -0.07975169j   Residual Norm: 0.50448312                              
               <<y;y>>_10.3425:      0.24636333     -0.09424532j   Residual Norm: 0.48468777                              
               <<y;y>>_10.3450:      0.24605759     -0.08789322j   Residual Norm: 0.47148354                              
               <<y;y>>_10.3475:      0.22576203     -0.08239413j   Residual Norm: 0.52725603                              
               <<y;y>>_10.3500:      0.19755701     -0.09074965j   Residual Norm: 0.63324209                              
               <<y;y>>_10.3525:      0.16936037     -0.11053164j   Residual Norm: 0.68222838                              
               <<y;y>>_10.3550:      0.13602883     -0.14267018j   Residual Norm: 0.61765895                              
               <<y;y>>_10.3575:      0.10136721     -0.20981364j   Residual Norm: 0.55554198                              
               <<y;y>>_10.3600:      0.11267776     -0.33490062j   Residual Norm: 0.54785833                              
               <<y;y>>_10.3625:      0.26546779     -0.44339852j   Residual Norm: 0.57081896                              
               <<y;y>>_10.3650:      0.44209987     -0.36033548j   Residual Norm: 0.60196112                              
               <<y;y>>_10.3675:      0.47140637     -0.22525963j   Residual Norm: 0.62983189                              
               <<y;y>>_10.3700:      0.43717122     -0.14568308j   Residual Norm: 0.64843957                              
               <<y;y>>_10.3725:      0.39442048     -0.10624358j   Residual Norm: 0.65387345                              
               <<y;y>>_10.3750:      0.35414774     -0.08866412j   Residual Norm: 0.64309509                              
               <<y;y>>_10.3775:      0.31651141     -0.08538865j   Residual Norm: 0.61406438                              
               <<y;y>>_10.3800:      0.28056067     -0.09620596j   Residual Norm: 0.56711539                              
               <<y;y>>_10.3825:      0.24962425     -0.12775448j   Residual Norm: 0.50741226                              
               <<y;y>>_10.3850:      0.24604853     -0.18894904j   Residual Norm: 0.44686549                              
               <<y;y>>_10.3875:      0.31611528     -0.23911129j   Residual Norm: 0.40180289                              
               <<y;y>>_10.3900:      0.39500045     -0.19254763j   Residual Norm: 0.38393923                              
               <<y;y>>_10.3925:      0.40090260     -0.12325016j   Residual Norm: 0.39184145                              
               <<y;y>>_10.3950:      0.37728020     -0.08193316j   Residual Norm: 0.41475738                              
               <<y;y>>_10.3975:      0.35075860     -0.05996766j   Residual Norm: 0.44253123                              
               <<y;y>>_10.4000:      0.32664894     -0.04779365j   Residual Norm: 0.46950486                              
               <<z;z>>_10.1000:      0.30163768     -0.00839645j   Residual Norm: 0.03515428                              
               <<z;z>>_10.1025:      0.29691130     -0.00914889j   Residual Norm: 0.03521613                              
               <<z;z>>_10.1050:      0.29175633     -0.01005021j   Residual Norm: 0.03524172                              
               <<z;z>>_10.1075:      0.28608891     -0.01114463j   Residual Norm: 0.03522356                              
               <<z;z>>_10.1100:      0.27980127     -0.01249441j   Residual Norm: 0.03515248                              
               <<z;z>>_10.1125:      0.27275302     -0.01418970j   Residual Norm: 0.03501751                              
               <<z;z>>_10.1150:      0.26475919     -0.01636548j   Residual Norm: 0.03480775                              
               <<z;z>>_10.1175:      0.25557621     -0.01923205j   Residual Norm: 0.03452530                              
               <<z;z>>_10.1200:      0.24489723     -0.02312664j   Residual Norm: 0.03425114                              
               <<z;z>>_10.1225:      0.23238597     -0.02854750j   Residual Norm: 0.03436118                              
               <<z;z>>_10.1250:      0.21751519     -0.03604298j   Residual Norm: 0.03523875                              
               <<z;z>>_10.1275:      0.19896092     -0.04691425j   Residual Norm: 0.03575326                              
               <<z;z>>_10.1300:      0.17544113     -0.06441143j   Residual Norm: 0.03549953                              
               <<z;z>>_10.1325:      0.14626148     -0.09453982j   Residual Norm: 0.03498801                              
               <<z;z>>_10.1350:      0.11391924     -0.14986960j   Residual Norm: 0.03443417                              
               <<z;z>>_10.1375:      0.09891650     -0.25377089j   Residual Norm: 0.03389419                              
               <<z;z>>_10.1400:      0.18149998     -0.40517998j   Residual Norm: 0.03339122                              
               <<z;z>>_10.1425:      0.40502479     -0.43448206j   Residual Norm: 0.03294637                              
               <<z;z>>_10.1450:      0.52975066     -0.29032171j   Residual Norm: 0.03258385                              
               <<z;z>>_10.1475:      0.52829308     -0.17089100j   Residual Norm: 0.03232538                              
               <<z;z>>_10.1500:      0.49663681     -0.10606289j   Residual Norm: 0.03218714                              
               <<z;z>>_10.1525:      0.46567229     -0.07127608j   Residual Norm: 0.03218849                              
               <<z;z>>_10.1550:      0.44010752     -0.05136767j   Residual Norm: 0.03234142                              
               <<z;z>>_10.1575:      0.41939816     -0.03918861j   Residual Norm: 0.03264753                              
               <<z;z>>_10.1600:      0.40236942     -0.03131367j   Residual Norm: 0.03309961                              
               <<z;z>>_10.1625:      0.38803713     -0.02599690j   Residual Norm: 0.03368313                              
               <<z;z>>_10.1650:      0.37567675     -0.02228974j   Residual Norm: 0.03437826                              
               <<z;z>>_10.1675:      0.36476653     -0.01964708j   Residual Norm: 0.03516193                              
               <<z;z>>_10.1700:      0.35492719     -0.01774082j   Residual Norm: 0.03600974                              
               <<z;z>>_10.1725:      0.34587681     -0.01636626j   Residual Norm: 0.03689738                              
               <<z;z>>_10.1750:      0.33739969     -0.01539261j   Residual Norm: 0.03780144                              
               <<z;z>>_10.1775:      0.32932481     -0.01473580j   Residual Norm: 0.03869963                              
               <<z;z>>_10.1800:      0.32151073     -0.01434320j   Residual Norm: 0.03957059                              
               <<z;z>>_10.1825:      0.31383444     -0.01418514j   Residual Norm: 0.04039330                              
               <<z;z>>_10.1850:      0.30618245     -0.01425087j   Residual Norm: 0.04114615                              
               <<z;z>>_10.1875:      0.29844290     -0.01454783j   Residual Norm: 0.04180582                              
               <<z;z>>_10.1900:      0.29049749     -0.01510450j   Residual Norm: 0.04234585                              
               <<z;z>>_10.1925:      0.28221228     -0.01597774j   Residual Norm: 0.04273488                              
               <<z;z>>_10.1950:      0.27342576     -0.01726824j   Residual Norm: 0.04293473                              
               <<z;z>>_10.1975:      0.26393318     -0.01915098j   Residual Norm: 0.04289836                              
               <<z;z>>_10.2000:      0.25346672     -0.02193755j   Residual Norm: 0.04256865                              
               <<z;z>>_10.2025:      0.24168014     -0.02620980j   Residual Norm: 0.04188015                              
               <<z;z>>_10.2050:      0.22818754     -0.03312230j   Residual Norm: 0.04076916                              
               <<z;z>>_10.2075:      0.21290839     -0.04510155j   Residual Norm: 0.03920386                              
               <<z;z>>_10.2100:      0.19793301     -0.06719999j   Residual Norm: 0.03725392                              
               <<z;z>>_10.2125:      0.19533826     -0.10607134j   Residual Norm: 0.03521049                              
               <<z;z>>_10.2150:      0.23379291     -0.14310634j   Residual Norm: 0.03368391                              
               <<z;z>>_10.2175:      0.28402314     -0.12346122j   Residual Norm: 0.03342124                              
               <<z;z>>_10.2200:      0.28908718     -0.08443876j   Residual Norm: 0.03470643                              
               <<z;z>>_10.2225:      0.27249228     -0.06318389j   Residual Norm: 0.03704146                              
               <<z;z>>_10.2250:      0.25374427     -0.05684234j   Residual Norm: 0.03971767                              
               <<z;z>>_10.2275:      0.24058698     -0.05751369j   Residual Norm: 0.04235434                              
               <<z;z>>_10.2300:      0.23005975     -0.05444125j   Residual Norm: 0.04432969                              
               <<z;z>>_10.2325:      0.21260800     -0.05075782j   Residual Norm: 0.04499908                              
               <<z;z>>_10.2350:      0.19008834     -0.05235413j   Residual Norm: 0.04461100                              
               <<z;z>>_10.2375:      0.16421002     -0.05989956j   Residual Norm: 0.04363113                              
               <<z;z>>_10.2400:      0.13440524     -0.07501708j   Residual Norm: 0.04252426                              
               <<z;z>>_10.2425:      0.10003734     -0.10271936j   Residual Norm: 0.04197423                              
               <<z;z>>_10.2450:      0.06453209     -0.15428891j   Residual Norm: 0.04306616                              
               <<z;z>>_10.2475:      0.05107420     -0.24650338j   Residual Norm: 0.04713628                              
               <<z;z>>_10.2500:      0.12157976     -0.35342855j   Residual Norm: 0.05555617                              
               <<z;z>>_10.2525:      0.24768268     -0.35623280j   Residual Norm: 0.06995323                              
               <<z;z>>_10.2550:      0.28615042     -0.29997206j   Residual Norm: 0.08541523                              
               <<z;z>>_10.2575:      0.28978184     -0.30556901j   Residual Norm: 0.09131215                              
               <<z;z>>_10.2600:      0.36441606     -0.32212254j   Residual Norm: 0.08597528                              
               <<z;z>>_10.2625:      0.43718099     -0.24425897j   Residual Norm: 0.07720384                              
               <<z;z>>_10.2650:      0.42963865     -0.15757682j   Residual Norm: 0.07112909                              
               <<z;z>>_10.2675:      0.39392312     -0.10772590j   Residual Norm: 0.06976447                              
               <<z;z>>_10.2700:      0.35685107     -0.08176160j   Residual Norm: 0.07274187                              
               <<z;z>>_10.2725:      0.32292571     -0.06851670j   Residual Norm: 0.07878205                              
               <<z;z>>_10.2750:      0.29159945     -0.06279289j   Residual Norm: 0.08679345                              
               <<z;z>>_10.2775:      0.26167417     -0.06242018j   Residual Norm: 0.09663226                              
               <<z;z>>_10.2800:      0.23153933     -0.06678705j   Residual Norm: 0.10785572                              
               <<z;z>>_10.2825:      0.19952761     -0.07792900j   Residual Norm: 0.11870351                              
               <<z;z>>_10.2850:      0.16634235     -0.10109710j   Residual Norm: 0.12915234                              
               <<z;z>>_10.2875:      0.14088810     -0.14510908j   Residual Norm: 0.13932056                              
               <<z;z>>_10.2900:      0.15471816     -0.20393416j   Residual Norm: 0.14814560                              
               <<z;z>>_10.2925:      0.20664656     -0.21050336j   Residual Norm: 0.15325450                              
               <<z;z>>_10.2950:      0.20789551     -0.17253347j   Residual Norm: 0.15294872                              
               <<z;z>>_10.2975:      0.16444462     -0.15913946j   Residual Norm: 0.14913556                              
               <<z;z>>_10.3000:      0.10614846     -0.18219411j   Residual Norm: 0.14614339                              
               <<z;z>>_10.3025:      0.04681067     -0.24947366j   Residual Norm: 0.14794840                              
               <<z;z>>_10.3050:      0.01312682     -0.37730364j   Residual Norm: 0.15558400                              
               <<z;z>>_10.3075:      0.07265976     -0.57388891j   Residual Norm: 0.16254783                              
               <<z;z>>_10.3100:      0.34651168     -0.70246563j   Residual Norm: 0.16859750                              
               <<z;z>>_10.3125:      0.60091447     -0.53484703j   Residual Norm: 0.17905193                              
               <<z;z>>_10.3150:      0.63041768     -0.32806347j   Residual Norm: 0.19451100                              
               <<z;z>>_10.3175:      0.58163175     -0.21108895j   Residual Norm: 0.21080183                              
               <<z;z>>_10.3200:      0.53004677     -0.14856303j   Residual Norm: 0.22397718                              
               <<z;z>>_10.3225:      0.48381901     -0.10996714j   Residual Norm: 0.24672059                              
               <<z;z>>_10.3250:      0.44158290     -0.08671620j   Residual Norm: 0.28342301                              
               <<z;z>>_10.3275:      0.40381825     -0.07365991j   Residual Norm: 0.32829815                              
               <<z;z>>_10.3300:      0.36942999     -0.06743560j   Residual Norm: 0.37846206                              
               <<z;z>>_10.3325:      0.33695530     -0.06693091j   Residual Norm: 0.43185452                              
               <<z;z>>_10.3350:      0.30548684     -0.07313185j   Residual Norm: 0.48430429                              
               <<z;z>>_10.3375:      0.27671659     -0.08956064j   Residual Norm: 0.52637067                              
               <<z;z>>_10.3400:      0.26161573     -0.11850949j   Residual Norm: 0.54288687                              
               <<z;z>>_10.3425:      0.27349121     -0.13731157j   Residual Norm: 0.53843147                              
               <<z;z>>_10.3450:      0.27666992     -0.12446957j   Residual Norm: 0.57847204                              
               <<z;z>>_10.3475:      0.25187949     -0.11675955j   Residual Norm: 0.70629611                              
               <<z;z>>_10.3500:      0.22270584     -0.13126772j   Residual Norm: 0.87192296                              
               <<z;z>>_10.3525:      0.20674199     -0.15430224j   Residual Norm: 0.95813451                              
               <<z;z>>_10.3550:      0.18422719     -0.17311549j   Residual Norm: 0.87934349                              
               <<z;z>>_10.3575:      0.14823378     -0.22405765j   Residual Norm: 0.73549420                              
               <<z;z>>_10.3600:      0.15158954     -0.33500988j   Residual Norm: 0.63840963                              
               <<z;z>>_10.3625:      0.28807521     -0.43376012j   Residual Norm: 0.59778808                              
               <<z;z>>_10.3650:      0.44739170     -0.35382681j   Residual Norm: 0.58630064                              
               <<z;z>>_10.3675:      0.46806277     -0.22603282j   Residual Norm: 0.58076539                              
               <<z;z>>_10.3700:      0.42878049     -0.15147048j   Residual Norm: 0.56824377                              
               <<z;z>>_10.3725:      0.38109803     -0.11570818j   Residual Norm: 0.54309118                              
               <<z;z>>_10.3750:      0.33503441     -0.10186005j   Residual Norm: 0.50469901                              
               <<z;z>>_10.3775:      0.29039282     -0.10362553j   Residual Norm: 0.45713563                              
               <<z;z>>_10.3800:      0.24620552     -0.12261716j   Residual Norm: 0.41004292                              
               <<z;z>>_10.3825:      0.20732447     -0.16885764j   Residual Norm: 0.37863333                              
               <<z;z>>_10.3850:      0.20438032     -0.25507020j   Residual Norm: 0.37746227                              
               <<z;z>>_10.3875:      0.30047653     -0.32625768j   Residual Norm: 0.40790122                              
               <<z;z>>_10.3900:      0.40721899     -0.26608087j   Residual Norm: 0.45647057                              
               <<z;z>>_10.3925:      0.41293980     -0.17585812j   Residual Norm: 0.50713341                              
               <<z;z>>_10.3950:      0.37644872     -0.12548873j   Residual Norm: 0.54967784                              
               <<z;z>>_10.3975:      0.33344545     -0.10467384j   Residual Norm: 0.58081524                              
               <<z;z>>_10.4000:      0.29057833     -0.10328046j   Residual Norm: 0.60301218                              
                                                                                                                          
* Info * Processing 29 Fock builds...                                                                                     
                                                                                                                          
* Info * 76 gerade trial vectors in reduced space                                                                         
* Info * 77 ungerade trial vectors in reduced space                                                                       
                                                                                                                          
* Info * 60.33 MB of memory used for subspace procedure on the master node                                                
* Info * 112.51 GB of memory available for the solver on the master node                                                  
                                                                                                                          
               *** Iteration:   3 * Residuals (Max,Min): 1.25e+00 and 1.72e-02                                            
                                                                                                                          
               Operator:  electric dipole (xyz)                                                                           
                                                                                                                          
               <<x;x>>_10.1000:      0.19778657     -0.01921972j   Residual Norm: 0.58347078                              
               <<x;x>>_10.1025:      0.18691770     -0.02136225j   Residual Norm: 0.46058627                              
               <<x;x>>_10.1050:      0.17482175     -0.02395001j   Residual Norm: 0.37685374                              
               <<x;x>>_10.1075:      0.16125139     -0.02711272j   Residual Norm: 0.31857092                              
               <<x;x>>_10.1100:      0.14588697     -0.03103521j   Residual Norm: 0.27636584                              
               <<x;x>>_10.1125:      0.12831137     -0.03598624j   Residual Norm: 0.24460955                              
               <<x;x>>_10.1150:      0.10797441     -0.04236906j   Residual Norm: 0.21988874                              
               <<x;x>>_10.1175:      0.08415090     -0.05081245j   Residual Norm: 0.20006663                              
               <<x;x>>_10.1200:      0.05592671     -0.06232524j   Residual Norm: 0.18386621                              
               <<x;x>>_10.1225:      0.02229955     -0.07839803j   Residual Norm: 0.17105733                              
               <<x;x>>_10.1250:     -0.01830869     -0.10067579j   Residual Norm: 0.16215706                              
               <<x;x>>_10.1275:     -0.06985047     -0.13307321j   Residual Norm: 0.15480935                              
               <<x;x>>_10.1300:     -0.13613711     -0.18533895j   Residual Norm: 0.14730178                              
               <<x;x>>_10.1325:     -0.21919696     -0.27550879j   Residual Norm: 0.14021698                              
               <<x;x>>_10.1350:     -0.31133325     -0.44134749j   Residual Norm: 0.13382260                              
               <<x;x>>_10.1375:     -0.35025413     -0.75273702j   Residual Norm: 0.12808888                              
               <<x;x>>_10.1400:     -0.09443893     -1.20338602j   Residual Norm: 0.12292759                              
               <<x;x>>_10.1425:      0.57712772     -1.28244326j   Residual Norm: 0.11828574                              
               <<x;x>>_10.1450:      0.94704929     -0.85091918j   Residual Norm: 0.11422503                              
               <<x;x>>_10.1475:      0.94506595     -0.49719339j   Residual Norm: 0.11070469                              
               <<x;x>>_10.1500:      0.85536127     -0.30532446j   Residual Norm: 0.10725630                              
               <<x;x>>_10.1525:      0.76827034     -0.20216822j   Residual Norm: 0.10384544                              
               <<x;x>>_10.1550:      0.69743973     -0.14294104j   Residual Norm: 0.10059252                              
               <<x;x>>_10.1575:      0.64119986     -0.10653831j   Residual Norm: 0.09751155                              
               <<x;x>>_10.1600:      0.59606813     -0.08283964j   Residual Norm: 0.09458321                              
               <<x;x>>_10.1625:      0.55914064     -0.06667951j   Residual Norm: 0.09178575                              
               <<x;x>>_10.1650:      0.52828859     -0.05524596j   Residual Norm: 0.08910066                              
               <<x;x>>_10.1675:      0.50198833     -0.04691791j   Residual Norm: 0.08651301                              
               <<x;x>>_10.1700:      0.47914304     -0.04071402j   Residual Norm: 0.08401086                              
               <<x;x>>_10.1725:      0.45895023     -0.03601535j   Residual Norm: 0.08158455                              
               <<x;x>>_10.1750:      0.44081071     -0.03241811j   Residual Norm: 0.07922603                              
               <<x;x>>_10.1775:      0.42426697     -0.02965176j   Residual Norm: 0.07692823                              
               <<x;x>>_10.1800:      0.40896119     -0.02753159j   Residual Norm: 0.07468447                              
               <<x;x>>_10.1825:      0.39460600     -0.02593044j   Residual Norm: 0.07248773                              
               <<x;x>>_10.1850:      0.38096367     -0.02476153j   Residual Norm: 0.07032992                              
               <<x;x>>_10.1875:      0.36783058     -0.02396821j   Residual Norm: 0.06820083                              
               <<x;x>>_10.1900:      0.35502506     -0.02351838j   Residual Norm: 0.06608683                              
               <<x;x>>_10.1925:      0.34237703     -0.02340274j   Residual Norm: 0.06396885                              
               <<x;x>>_10.1950:      0.32971828     -0.02363705j   Residual Norm: 0.06181930                              
               <<x;x>>_10.1975:      0.31687229     -0.02427034j   Residual Norm: 0.05959710                              
               <<x;x>>_10.2000:      0.30364308     -0.02540383j   Residual Norm: 0.05723932                              
               <<x;x>>_10.2025:      0.28980505     -0.02723267j   Residual Norm: 0.05464734                              
               <<x;x>>_10.2050:      0.27510812     -0.03014016j   Residual Norm: 0.05166600                              
               <<x;x>>_10.2075:      0.25937285     -0.03491341j   Residual Norm: 0.04806641                              
               <<x;x>>_10.2100:      0.24303779     -0.04315694j   Residual Norm: 0.04362080                              
               <<x;x>>_10.2125:      0.22946534     -0.05697921j   Residual Norm: 0.03867850                              
               <<x;x>>_10.2150:      0.22665621     -0.07103568j   Residual Norm: 0.03568300                              
               <<x;x>>_10.2175:      0.22519312     -0.07028368j   Residual Norm: 0.03704066                              
               <<x;x>>_10.2200:      0.20878707     -0.06745985j   Residual Norm: 0.03913017                              
               <<x;x>>_10.2225:      0.18545738     -0.07587166j   Residual Norm: 0.03871163                              
               <<x;x>>_10.2250:      0.16728257     -0.09816839j   Residual Norm: 0.03634255                              
               <<x;x>>_10.2275:      0.17109043     -0.12106697j   Residual Norm: 0.03502109                              
               <<x;x>>_10.2300:      0.17732974     -0.11382109j   Residual Norm: 0.03776062                              
               <<x;x>>_10.2325:      0.15455434     -0.09990250j   Residual Norm: 0.04238725                              
               <<x;x>>_10.2350:      0.11541924     -0.09984194j   Residual Norm: 0.04580808                              
               <<x;x>>_10.2375:      0.06784318     -0.11367672j   Residual Norm: 0.04762466                              
               <<x;x>>_10.2400:      0.01157502     -0.14313211j   Residual Norm: 0.04834593                              
               <<x;x>>_10.2425:     -0.05507192     -0.19690207j   Residual Norm: 0.04835327                              
               <<x;x>>_10.2450:     -0.12788844     -0.29579512j   Residual Norm: 0.04776439                              
               <<x;x>>_10.2475:     -0.17012815     -0.47515958j   Residual Norm: 0.04642645                              
               <<x;x>>_10.2500:     -0.06241776     -0.70813973j   Residual Norm: 0.04381018                              
               <<x;x>>_10.2525:      0.17082041     -0.76270143j   Residual Norm: 0.03921996                              
               <<x;x>>_10.2550:      0.24694355     -0.72936495j   Residual Norm: 0.03429477                              
               <<x;x>>_10.2575:      0.33036666     -0.84886660j   Residual Norm: 0.03323768                              
               <<x;x>>_10.2600:      0.65273659     -0.88583125j   Residual Norm: 0.03524201                              
               <<x;x>>_10.2625:      0.87542758     -0.62140449j   Residual Norm: 0.03739500                              
               <<x;x>>_10.2650:      0.86289033     -0.37785477j   Residual Norm: 0.03889633                              
               <<x;x>>_10.2675:      0.78660746     -0.24140203j   Residual Norm: 0.03981766                              
               <<x;x>>_10.2700:      0.71210103     -0.16757947j   Residual Norm: 0.04030088                              
               <<x;x>>_10.2725:      0.64967697     -0.12578337j   Residual Norm: 0.04039411                              
               <<x;x>>_10.2750:      0.59860515     -0.10156537j   Residual Norm: 0.04003984                              
               <<x;x>>_10.2775:      0.55759861     -0.08697509j   Residual Norm: 0.03936549                              
               <<x;x>>_10.2800:      0.52292240     -0.07575647j   Residual Norm: 0.03910594                              
               <<x;x>>_10.2825:      0.48995039     -0.06813134j   Residual Norm: 0.03945838                              
               <<x;x>>_10.2850:      0.45913847     -0.06540775j   Residual Norm: 0.04144717                              
               <<x;x>>_10.2875:      0.43174062     -0.06579063j   Residual Norm: 0.04715696                              
               <<x;x>>_10.2900:      0.40467848     -0.06636292j   Residual Norm: 0.05259921                              
               <<x;x>>_10.2925:      0.37397173     -0.07041726j   Residual Norm: 0.05423344                              
               <<x;x>>_10.2950:      0.33978200     -0.08196226j   Residual Norm: 0.05421823                              
               <<x;x>>_10.2975:      0.30233601     -0.10581933j   Residual Norm: 0.05401428                              
               <<x;x>>_10.3000:      0.26539614     -0.15226395j   Residual Norm: 0.05437363                              
               <<x;x>>_10.3025:      0.25069974     -0.23469157j   Residual Norm: 0.05687896                              
               <<x;x>>_10.3050:      0.30318237     -0.33101256j   Residual Norm: 0.06455607                              
               <<x;x>>_10.3075:      0.42675504     -0.37508227j   Residual Norm: 0.07515418                              
               <<x;x>>_10.3100:      0.54788178     -0.30170952j   Residual Norm: 0.08329587                              
               <<x;x>>_10.3125:      0.56498131     -0.19258942j   Residual Norm: 0.09071346                              
               <<x;x>>_10.3150:      0.53282087     -0.12633566j   Residual Norm: 0.09971560                              
               <<x;x>>_10.3175:      0.49448753     -0.09219562j   Residual Norm: 0.11088671                              
               <<x;x>>_10.3200:      0.45883015     -0.07509387j   Residual Norm: 0.12292256                              
               <<x;x>>_10.3225:      0.42594461     -0.06812113j   Residual Norm: 0.13547815                              
               <<x;x>>_10.3250:      0.39463995     -0.06912601j   Residual Norm: 0.14834837                              
               <<x;x>>_10.3275:      0.36464454     -0.07928796j   Residual Norm: 0.16027887                              
               <<x;x>>_10.3300:      0.34045375     -0.10155574j   Residual Norm: 0.16872263                              
               <<x;x>>_10.3325:      0.33180609     -0.12843085j   Residual Norm: 0.17136848                              
               <<x;x>>_10.3350:      0.32380183     -0.14868005j   Residual Norm: 0.17295093                              
               <<x;x>>_10.3375:      0.31462471     -0.19109690j   Residual Norm: 0.18385295                              
               <<x;x>>_10.3400:      0.35082706     -0.25313869j   Residual Norm: 0.21110612                              
               <<x;x>>_10.3425:      0.44599655     -0.26526376j   Residual Norm: 0.23708146                              
               <<x;x>>_10.3450:      0.50605201     -0.19276665j   Residual Norm: 0.24505351                              
               <<x;x>>_10.3475:      0.49742522     -0.12545922j   Residual Norm: 0.24219042                              
               <<x;x>>_10.3500:      0.46882266     -0.08976843j   Residual Norm: 0.23367355                              
               <<x;x>>_10.3525:      0.44044876     -0.07512716j   Residual Norm: 0.22051207                              
               <<x;x>>_10.3550:      0.42031114     -0.07395076j   Residual Norm: 0.20298443                              
               <<x;x>>_10.3575:      0.41436916     -0.07276366j   Residual Norm: 0.18727281                              
               <<x;x>>_10.3600:      0.40742787     -0.05967325j   Residual Norm: 0.18119263                              
               <<x;x>>_10.3625:      0.39084722     -0.04781620j   Residual Norm: 0.18117601                              
               <<x;x>>_10.3650:      0.37140041     -0.04180982j   Residual Norm: 0.18280573                              
               <<x;x>>_10.3675:      0.35169241     -0.03992584j   Residual Norm: 0.18634987                              
               <<x;x>>_10.3700:      0.33168822     -0.04117707j   Residual Norm: 0.19452521                              
               <<x;x>>_10.3725:      0.31073189     -0.04579585j   Residual Norm: 0.21159531                              
               <<x;x>>_10.3750:      0.28815996     -0.05539235j   Residual Norm: 0.24306319                              
               <<x;x>>_10.3775:      0.26429001     -0.07394350j   Residual Norm: 0.29475580                              
               <<x;x>>_10.3800:      0.24489068     -0.10909604j   Residual Norm: 0.37092103                              
               <<x;x>>_10.3825:      0.25372900     -0.16185503j   Residual Norm: 0.47001317                              
               <<x;x>>_10.3850:      0.30433003     -0.18544302j   Residual Norm: 0.57632105                              
               <<x;x>>_10.3875:      0.33642782     -0.16874228j   Residual Norm: 0.67133423                              
               <<x;x>>_10.3900:      0.35277462     -0.14890309j   Residual Norm: 0.80379588                              
               <<x;x>>_10.3925:      0.34966256     -0.12418896j   Residual Norm: 1.00341212                              
               <<x;x>>_10.3950:      0.33366690     -0.12101752j   Residual Norm: 1.17736947                              
               <<x;x>>_10.3975:      0.33976430     -0.13414164j   Residual Norm: 1.23464145                              
               <<x;x>>_10.4000:      0.36411345     -0.11842489j   Residual Norm: 1.17123060                              
               <<y;y>>_10.1000:      0.31418756     -0.00510636j   Residual Norm: 0.34962379                              
               <<y;y>>_10.1025:      0.31133397     -0.00541414j   Residual Norm: 0.28344803                              
               <<y;y>>_10.1050:      0.30830485     -0.00577665j   Residual Norm: 0.23860212                              
               <<y;y>>_10.1075:      0.30506978     -0.00620925j   Residual Norm: 0.20787179                              
               <<y;y>>_10.1100:      0.30158979     -0.00673372j   Residual Norm: 0.18617093                              
               <<y;y>>_10.1125:      0.29781438     -0.00738171j   Residual Norm: 0.17040601                              
               <<y;y>>_10.1150:      0.29367740     -0.00820062j   Residual Norm: 0.15868154                              
               <<y;y>>_10.1175:      0.28909211     -0.00926422j   Residual Norm: 0.14979473                              
               <<y;y>>_10.1200:      0.28394960     -0.01069079j   Residual Norm: 0.14302261                              
               <<y;y>>_10.1225:      0.27813071     -0.01265488j   Residual Norm: 0.13829825                              
               <<y;y>>_10.1250:      0.27144881     -0.01534843j   Residual Norm: 0.13602004                              
               <<y;y>>_10.1275:      0.26343841     -0.01922885j   Residual Norm: 0.13448161                              
               <<y;y>>_10.1300:      0.25365091     -0.02543651j   Residual Norm: 0.13238971                              
               <<y;y>>_10.1325:      0.24184648     -0.03607951j   Residual Norm: 0.13002217                              
               <<y;y>>_10.1350:      0.22892109     -0.05557094j   Residual Norm: 0.12739304                              
               <<y;y>>_10.1375:      0.22214936     -0.09207668j   Residual Norm: 0.12429586                              
               <<y;y>>_10.1400:      0.24974742     -0.14486233j   Residual Norm: 0.12051447                              
               <<y;y>>_10.1425:      0.32585064     -0.15423863j   Residual Norm: 0.11594526                              
               <<y;y>>_10.1450:      0.36663028     -0.10396634j   Residual Norm: 0.11070861                              
               <<y;y>>_10.1475:      0.36387132     -0.06279507j   Residual Norm: 0.10493006                              
               <<y;y>>_10.1500:      0.35077238     -0.04054775j   Residual Norm: 0.09841120                              
               <<y;y>>_10.1525:      0.33788170     -0.02867958j   Residual Norm: 0.09144831                              
               <<y;y>>_10.1550:      0.32678623     -0.02195946j   Residual Norm: 0.08446687                              
               <<y;y>>_10.1575:      0.31728235     -0.01792323j   Residual Norm: 0.07772831                              
               <<y;y>>_10.1600:      0.30895346     -0.01539049j   Residual Norm: 0.07139100                              
               <<y;y>>_10.1625:      0.30144938     -0.01376016j   Residual Norm: 0.06554336                              
               <<y;y>>_10.1650:      0.29450904     -0.01270662j   Residual Norm: 0.06022198                              
               <<y;y>>_10.1675:      0.28794042     -0.01204392j   Residual Norm: 0.05542724                              
               <<y;y>>_10.1700:      0.28159936     -0.01166154j   Residual Norm: 0.05113669                              
               <<y;y>>_10.1725:      0.27537371     -0.01149212j   Residual Norm: 0.04731521                              
               <<y;y>>_10.1750:      0.26917225     -0.01149450j   Residual Norm: 0.04392204                              
               <<y;y>>_10.1775:      0.26291683     -0.01164440j   Residual Norm: 0.04091528                              
               <<y;y>>_10.1800:      0.25653678     -0.01192927j   Residual Norm: 0.03825456                              
               <<y;y>>_10.1825:      0.24996450     -0.01234549j   Residual Norm: 0.03590237                              
               <<y;y>>_10.1850:      0.24313175     -0.01289707j   Residual Norm: 0.03382468                              
               <<y;y>>_10.1875:      0.23596623     -0.01359543j   Residual Norm: 0.03199105                              
               <<y;y>>_10.1900:      0.22838800     -0.01446010j   Residual Norm: 0.03037447                              
               <<y;y>>_10.1925:      0.22030533     -0.01552058j   Residual Norm: 0.02895108                              
               <<y;y>>_10.1950:      0.21160953     -0.01681950j   Residual Norm: 0.02769983                              
               <<y;y>>_10.1975:      0.20216827     -0.01841806j   Residual Norm: 0.02660211                              
               <<y;y>>_10.2000:      0.19181629     -0.02040501j   Residual Norm: 0.02564139                              
               <<y;y>>_10.2025:      0.18034259     -0.02291218j   Residual Norm: 0.02480279                              
               <<y;y>>_10.2050:      0.16747273     -0.02614208j   Residual Norm: 0.02407236                              
               <<y;y>>_10.2075:      0.15284734     -0.03041993j   Residual Norm: 0.02343494                              
               <<y;y>>_10.2100:      0.13601115     -0.03629200j   Residual Norm: 0.02286601                              
               <<y;y>>_10.2125:      0.11647554     -0.04466777j   Residual Norm: 0.02230275                              
               <<y;y>>_10.2150:      0.09376311     -0.05677262j   Residual Norm: 0.02163155                              
               <<y;y>>_10.2175:      0.06645005     -0.07479456j   Residual Norm: 0.02095889                              
               <<y;y>>_10.2200:      0.03355374     -0.10541818j   Residual Norm: 0.02045608                              
               <<y;y>>_10.2225:      0.00078337     -0.16180749j   Residual Norm: 0.02000498                              
               <<y;y>>_10.2250:     -0.00086396     -0.25968886j   Residual Norm: 0.01953109                              
               <<y;y>>_10.2275:      0.09721647     -0.34877880j   Residual Norm: 0.01906170                              
               <<y;y>>_10.2300:      0.21359174     -0.30029504j   Residual Norm: 0.01873607                              
               <<y;y>>_10.2325:      0.21766350     -0.21345866j   Residual Norm: 0.01878326                              
               <<y;y>>_10.2350:      0.16767443     -0.17258896j   Residual Norm: 0.01935073                              
               <<y;y>>_10.2375:      0.10316054     -0.17158599j   Residual Norm: 0.02035434                              
               <<y;y>>_10.2400:      0.03087099     -0.20590778j   Residual Norm: 0.02160140                              
               <<y;y>>_10.2425:     -0.04646513     -0.28906145j   Residual Norm: 0.02298036                              
               <<y;y>>_10.2450:     -0.10266336     -0.45832039j   Residual Norm: 0.02451022                              
               <<y;y>>_10.2475:     -0.01632349     -0.73650137j   Residual Norm: 0.02633542                              
               <<y;y>>_10.2500:      0.35995015     -0.87924611j   Residual Norm: 0.02859564                              
               <<y;y>>_10.2525:      0.65299148     -0.65565101j   Residual Norm: 0.03079361                              
               <<y;y>>_10.2550:      0.67720110     -0.42295893j   Residual Norm: 0.03264899                              
               <<y;y>>_10.2575:      0.62960433     -0.31007193j   Residual Norm: 0.03472251                              
               <<y;y>>_10.2600:      0.60736207     -0.24737747j   Residual Norm: 0.03737363                              
               <<y;y>>_10.2625:      0.58220792     -0.17922200j   Residual Norm: 0.04055174                              
               <<y;y>>_10.2650:      0.53745912     -0.12977047j   Residual Norm: 0.04395321                              
               <<y;y>>_10.2675:      0.49095818     -0.10316188j   Residual Norm: 0.04728063                              
               <<y;y>>_10.2700:      0.44840565     -0.09225509j   Residual Norm: 0.05003312                              
               <<y;y>>_10.2725:      0.41058970     -0.09476287j   Residual Norm: 0.05139865                              
               <<y;y>>_10.2750:      0.38287684     -0.11238292j   Residual Norm: 0.05099791                              
               <<y;y>>_10.2775:      0.38046123     -0.13471182j   Residual Norm: 0.05187946                              
               <<y;y>>_10.2800:      0.38678663     -0.13181335j   Residual Norm: 0.06008026                              
               <<y;y>>_10.2825:      0.37068197     -0.12952029j   Residual Norm: 0.07241714                              
               <<y;y>>_10.2850:      0.36005793     -0.15592000j   Residual Norm: 0.08003076                              
               <<y;y>>_10.2875:      0.39661811     -0.18261338j   Residual Norm: 0.07951478                              
               <<y;y>>_10.2900:      0.44035392     -0.14857469j   Residual Norm: 0.07250324                              
               <<y;y>>_10.2925:      0.43576008     -0.10097875j   Residual Norm: 0.06230448                              
               <<y;y>>_10.2950:      0.41125786     -0.07392303j   Residual Norm: 0.05195916                              
               <<y;y>>_10.2975:      0.38450716     -0.06211711j   Residual Norm: 0.04424181                              
               <<y;y>>_10.3000:      0.35927594     -0.06042490j   Residual Norm: 0.04216456                              
               <<y;y>>_10.3025:      0.33800385     -0.06754479j   Residual Norm: 0.04758733                              
               <<y;y>>_10.3050:      0.32526963     -0.07990180j   Residual Norm: 0.05978111                              
               <<y;y>>_10.3075:      0.32055843     -0.09034141j   Residual Norm: 0.07319631                              
               <<y;y>>_10.3100:      0.31539851     -0.09434717j   Residual Norm: 0.07761380                              
               <<y;y>>_10.3125:      0.30305241     -0.10733618j   Residual Norm: 0.07751725                              
               <<y;y>>_10.3150:      0.31033465     -0.13787780j   Residual Norm: 0.08381843                              
               <<y;y>>_10.3175:      0.35241576     -0.14111819j   Residual Norm: 0.09617355                              
               <<y;y>>_10.3200:      0.36881442     -0.10352795j   Residual Norm: 0.11022582                              
               <<y;y>>_10.3225:      0.35324500     -0.07498339j   Residual Norm: 0.12420238                              
               <<y;y>>_10.3250:      0.32975868     -0.06336477j   Residual Norm: 0.13817091                              
               <<y;y>>_10.3275:      0.30691116     -0.06448007j   Residual Norm: 0.15166509                              
               <<y;y>>_10.3300:      0.29135579     -0.07682667j   Residual Norm: 0.16137573                              
               <<y;y>>_10.3325:      0.29315751     -0.08847943j   Residual Norm: 0.16169178                              
               <<y;y>>_10.3350:      0.29490000     -0.08120408j   Residual Norm: 0.15405967                              
               <<y;y>>_10.3375:      0.28102159     -0.07482806j   Residual Norm: 0.15249857                              
               <<y;y>>_10.3400:      0.26571522     -0.07869370j   Residual Norm: 0.16784029                              
               <<y;y>>_10.3425:      0.25520679     -0.08405605j   Residual Norm: 0.18431978                              
               <<y;y>>_10.3450:      0.24043168     -0.08720711j   Residual Norm: 0.18661062                              
               <<y;y>>_10.3475:      0.22024890     -0.09774102j   Residual Norm: 0.17948532                              
               <<y;y>>_10.3500:      0.19611462     -0.11834906j   Residual Norm: 0.15368742                              
               <<y;y>>_10.3525:      0.17228807     -0.16562492j   Residual Norm: 0.13252775                              
               <<y;y>>_10.3550:      0.19051032     -0.25112239j   Residual Norm: 0.13422820                              
               <<y;y>>_10.3575:      0.30383559     -0.29740462j   Residual Norm: 0.15025172                              
               <<y;y>>_10.3600:      0.39273252     -0.22171066j   Residual Norm: 0.17045589                              
               <<y;y>>_10.3625:      0.39139919     -0.14087302j   Residual Norm: 0.19005761                              
               <<y;y>>_10.3650:      0.36117876     -0.09662540j   Residual Norm: 0.20748541                              
               <<y;y>>_10.3675:      0.32828803     -0.07518382j   Residual Norm: 0.22297380                              
               <<y;y>>_10.3700:      0.29699531     -0.06626230j   Residual Norm: 0.23822955                              
               <<y;y>>_10.3725:      0.26666750     -0.06583477j   Residual Norm: 0.25659755                              
               <<y;y>>_10.3750:      0.23605611     -0.07389470j   Residual Norm: 0.28331603                              
               <<y;y>>_10.3775:      0.20525792     -0.09443908j   Residual Norm: 0.32515223                              
               <<y;y>>_10.3800:      0.18165166     -0.13650180j   Residual Norm: 0.38846995                              
               <<y;y>>_10.3825:      0.19617072     -0.20002154j   Residual Norm: 0.47525913                              
               <<y;y>>_10.3850:      0.26493461     -0.22113020j   Residual Norm: 0.57809777                              
               <<y;y>>_10.3875:      0.30190568     -0.18434464j   Residual Norm: 0.68805341                              
               <<y;y>>_10.3900:      0.30485743     -0.15201019j   Residual Norm: 0.83803472                              
               <<y;y>>_10.3925:      0.28910654     -0.12930643j   Residual Norm: 1.03643216                              
               <<y;y>>_10.3950:      0.26749529     -0.13194274j   Residual Norm: 1.19820035                              
               <<y;y>>_10.3975:      0.27330797     -0.15031634j   Residual Norm: 1.25150343                              
               <<y;y>>_10.4000:      0.29982368     -0.13468322j   Residual Norm: 1.19303890                              
               <<z;z>>_10.1000:      0.30163798     -0.00840855j   Residual Norm: 0.48821428                              
               <<z;z>>_10.1025:      0.29690805     -0.00915889j   Residual Norm: 0.39026946                              
               <<z;z>>_10.1050:      0.29174884     -0.01005991j   Residual Norm: 0.32348708                              
               <<z;z>>_10.1075:      0.28607661     -0.01115523j   Residual Norm: 0.27710995                              
               <<z;z>>_10.1100:      0.27978336     -0.01250694j   Residual Norm: 0.24366341                              
               <<z;z>>_10.1125:      0.27272829     -0.01420532j   Residual Norm: 0.21862556                              
               <<z;z>>_10.1150:      0.26472590     -0.01638575j   Residual Norm: 0.19923788                              
               <<z;z>>_10.1175:      0.25553187     -0.01925928j   Residual Norm: 0.18376214                              
               <<z;z>>_10.1200:      0.24483828     -0.02316440j   Residual Norm: 0.17115927                              
               <<z;z>>_10.1225:      0.23230709     -0.02860142j   Residual Norm: 0.16129113                              
               <<z;z>>_10.1250:      0.21740695     -0.03612374j   Residual Norm: 0.15467650                              
               <<z;z>>_10.1275:      0.19881208     -0.04704609j   Residual Norm: 0.14921129                              
               <<z;z>>_10.1300:      0.17524264     -0.06463846j   Residual Norm: 0.14334554                              
               <<z;z>>_10.1325:      0.14601561     -0.09495308j   Residual Norm: 0.13760279                              
               <<z;z>>_10.1350:      0.11371183     -0.15066349j   Residual Norm: 0.13222178                              
               <<z;z>>_10.1375:      0.09923313     -0.25522099j   Residual Norm: 0.12717227                              
               <<z;z>>_10.1400:      0.18362636     -0.40651492j   Residual Norm: 0.12237449                              
               <<z;z>>_10.1425:      0.40749951     -0.43311600j   Residual Norm: 0.11779091                              
               <<z;z>>_10.1450:      0.53010911     -0.28838293j   Residual Norm: 0.11351017                              
               <<z;z>>_10.1475:      0.52787508     -0.16976119j   Residual Norm: 0.10951427                              
               <<z;z>>_10.1500:      0.49615729     -0.10545935j   Residual Norm: 0.10533781                              
               <<z;z>>_10.1525:      0.46526656     -0.07093473j   Residual Norm: 0.10098667                              
               <<z;z>>_10.1550:      0.43977939     -0.05116016j   Residual Norm: 0.09663281                              
               <<z;z>>_10.1575:      0.41913130     -0.03905428j   Residual Norm: 0.09233591                              
               <<z;z>>_10.1600:      0.40214848     -0.03122219j   Residual Norm: 0.08811984                              
               <<z;z>>_10.1625:      0.38785047     -0.02593209j   Residual Norm: 0.08400320                              
               <<z;z>>_10.1650:      0.37551594     -0.02224240j   Residual Norm: 0.08000350                              
               <<z;z>>_10.1675:      0.36462545     -0.01961175j   Residual Norm: 0.07613613                              
               <<z;z>>_10.1700:      0.35480128     -0.01771409j   Residual Norm: 0.07241299                              
               <<z;z>>_10.1725:      0.34576263     -0.01634597j   Residual Norm: 0.06884152                              
               <<z;z>>_10.1750:      0.33729451     -0.01537735j   Residual Norm: 0.06542422                              
               <<z;z>>_10.1775:      0.32922640     -0.01472470j   Residual Norm: 0.06215851                              
               <<z;z>>_10.1800:      0.32141717     -0.01433573j   Residual Norm: 0.05903671                              
               <<z;z>>_10.1825:      0.31374399     -0.01418109j   Residual Norm: 0.05604606                              
               <<z;z>>_10.1850:      0.30609342     -0.01425028j   Residual Norm: 0.05316852                              
               <<z;z>>_10.1875:      0.29835351     -0.01455110j   Residual Norm: 0.05038038                              
               <<z;z>>_10.1900:      0.29040577     -0.01511239j   Residual Norm: 0.04765151                              
               <<z;z>>_10.1925:      0.28211583     -0.01599166j   Residual Norm: 0.04494408                              
               <<z;z>>_10.1950:      0.27332158     -0.01729057j   Residual Norm: 0.04221101                              
               <<z;z>>_10.1975:      0.26381728     -0.01918591j   Residual Norm: 0.03939429                              
               <<z;z>>_10.2000:      0.25333381     -0.02199265j   Residual Norm: 0.03642433                              
               <<z;z>>_10.2025:      0.24152358     -0.02629958j   Residual Norm: 0.03322370                              
               <<z;z>>_10.2050:      0.22800157     -0.03327646j   Residual Norm: 0.02972377                              
               <<z;z>>_10.2075:      0.21270234     -0.04538352j   Residual Norm: 0.02591633                              
               <<z;z>>_10.2100:      0.19780235     -0.06773228j   Residual Norm: 0.02199005                              
               <<z;z>>_10.2125:      0.19570216     -0.10688314j   Residual Norm: 0.01862342                              
               <<z;z>>_10.2150:      0.23496892     -0.14320822j   Residual Norm: 0.01722637                              
               <<z;z>>_10.2175:      0.28439406     -0.12258342j   Residual Norm: 0.01887770                              
               <<z;z>>_10.2200:      0.28863694     -0.08399959j   Residual Norm: 0.02253888                              
               <<z;z>>_10.2225:      0.27193858     -0.06343231j   Residual Norm: 0.02615693                              
               <<z;z>>_10.2250:      0.25369298     -0.05771879j   Residual Norm: 0.02833003                              
               <<z;z>>_10.2275:      0.24159339     -0.05804608j   Residual Norm: 0.02952024                              
               <<z;z>>_10.2300:      0.23076254     -0.05395481j   Residual Norm: 0.03202136                              
               <<z;z>>_10.2325:      0.21268711     -0.05036175j   Residual Norm: 0.03528310                              
               <<z;z>>_10.2350:      0.18999670     -0.05226963j   Residual Norm: 0.03779274                              
               <<z;z>>_10.2375:      0.16408604     -0.06011871j   Residual Norm: 0.03939554                              
               <<z;z>>_10.2400:      0.13430855     -0.07568964j   Residual Norm: 0.04029429                              
               <<z;z>>_10.2425:      0.10023225     -0.10429948j   Residual Norm: 0.04062422                              
               <<z;z>>_10.2450:      0.06637498     -0.15759091j   Residual Norm: 0.04046190                              
               <<z;z>>_10.2475:      0.05930522     -0.25001013j   Residual Norm: 0.04000204                              
               <<z;z>>_10.2500:      0.13568418     -0.34358400j   Residual Norm: 0.03933022                              
               <<z;z>>_10.2525:      0.24284001     -0.33481896j   Residual Norm: 0.03694373                              
               <<z;z>>_10.2550:      0.26604269     -0.29589365j   Residual Norm: 0.03355331                              
               <<z;z>>_10.2575:      0.28192835     -0.32082900j   Residual Norm: 0.03300586                              
               <<z;z>>_10.2600:      0.37708127     -0.32570547j   Residual Norm: 0.03496989                              
               <<z;z>>_10.2625:      0.43936448     -0.23339962j   Residual Norm: 0.03689878                              
               <<z;z>>_10.2650:      0.42313853     -0.15032401j   Residual Norm: 0.03809167                              
               <<z;z>>_10.2675:      0.38550801     -0.10467742j   Residual Norm: 0.03879761                              
               <<z;z>>_10.2700:      0.34798749     -0.08130392j   Residual Norm: 0.03941427                              
               <<z;z>>_10.2725:      0.31350956     -0.07002301j   Residual Norm: 0.04034174                              
               <<z;z>>_10.2750:      0.28111714     -0.06646703j   Residual Norm: 0.04199519                              
               <<z;z>>_10.2775:      0.24941797     -0.06949452j   Residual Norm: 0.04483891                              
               <<z;z>>_10.2800:      0.21733445     -0.08053488j   Residual Norm: 0.04933443                              
               <<z;z>>_10.2825:      0.18653336     -0.10494982j   Residual Norm: 0.05568724                              
               <<z;z>>_10.2850:      0.17103965     -0.14942210j   Residual Norm: 0.06353551                              
               <<z;z>>_10.2875:      0.20046997     -0.18891943j   Residual Norm: 0.07131718                              
               <<z;z>>_10.2900:      0.23305191     -0.16847856j   Residual Norm: 0.07642179                              
               <<z;z>>_10.2925:      0.21378596     -0.13701513j   Residual Norm: 0.07739069                              
               <<z;z>>_10.2950:      0.16905669     -0.13117817j   Residual Norm: 0.07542561                              
               <<z;z>>_10.2975:      0.11480310     -0.15184146j   Residual Norm: 0.07270923                              
               <<z;z>>_10.3000:      0.05556415     -0.20596937j   Residual Norm: 0.07075765                              
               <<z;z>>_10.3025:      0.00681656     -0.31504666j   Residual Norm: 0.07061106                              
               <<z;z>>_10.3050:      0.02923742     -0.49807894j   Residual Norm: 0.07329076                              
               <<z;z>>_10.3075:      0.24159055     -0.66887755j   Residual Norm: 0.07778868                              
               <<z;z>>_10.3100:      0.52606066     -0.57317962j   Residual Norm: 0.08280733                              
               <<z;z>>_10.3125:      0.59612998     -0.36682149j   Residual Norm: 0.08784634                              
               <<z;z>>_10.3150:      0.56074781     -0.24282471j   Residual Norm: 0.08965005                              
               <<z;z>>_10.3175:      0.51798965     -0.17484985j   Residual Norm: 0.08718863                              
               <<z;z>>_10.3200:      0.47392989     -0.12919639j   Residual Norm: 0.09127435                              
               <<z;z>>_10.3225:      0.42858411     -0.10321277j   Residual Norm: 0.10369773                              
               <<z;z>>_10.3250:      0.38630722     -0.09276630j   Residual Norm: 0.11995465                              
               <<z;z>>_10.3275:      0.34856516     -0.09574972j   Residual Norm: 0.13716250                              
               <<z;z>>_10.3300:      0.32156418     -0.11275882j   Residual Norm: 0.15106063                              
               <<z;z>>_10.3325:      0.31770463     -0.12982295j   Residual Norm: 0.15565036                              
               <<z;z>>_10.3350:      0.31457983     -0.12484688j   Residual Norm: 0.15310160                              
               <<z;z>>_10.3375:      0.29453028     -0.12541786j   Residual Norm: 0.15794699                              
               <<z;z>>_10.3400:      0.28240611     -0.14121972j   Residual Norm: 0.17925002                              
               <<z;z>>_10.3425:      0.28758994     -0.14788805j   Residual Norm: 0.19710652                              
               <<z;z>>_10.3450:      0.27860030     -0.13346310j   Residual Norm: 0.18959380                              
               <<z;z>>_10.3475:      0.24304495     -0.13109260j   Residual Norm: 0.16938293                              
               <<z;z>>_10.3500:      0.19781675     -0.15808852j   Residual Norm: 0.15206398                              
               <<z;z>>_10.3525:      0.16089349     -0.22844306j   Residual Norm: 0.14286120                              
               <<z;z>>_10.3550:      0.18780110     -0.35177098j   Residual Norm: 0.14024807                              
               <<z;z>>_10.3575:      0.35127379     -0.41796221j   Residual Norm: 0.14088739                              
               <<z;z>>_10.3600:      0.48050186     -0.30979953j   Residual Norm: 0.14224799                              
               <<z;z>>_10.3625:      0.48174539     -0.19386684j   Residual Norm: 0.14303982                              
               <<z;z>>_10.3650:      0.44241969     -0.12961154j   Residual Norm: 0.14319274                              
               <<z;z>>_10.3675:      0.39999156     -0.09729213j   Residual Norm: 0.14409729                              
               <<z;z>>_10.3700:      0.36073414     -0.08197157j   Residual Norm: 0.14927885                              
               <<z;z>>_10.3725:      0.32398740     -0.07731144j   Residual Norm: 0.16499673                              
               <<z;z>>_10.3750:      0.28813791     -0.08202791j   Residual Norm: 0.19923525                              
               <<z;z>>_10.3775:      0.25269483     -0.09907216j   Residual Norm: 0.25873452                              
               <<z;z>>_10.3800:      0.22331481     -0.13631351j   Residual Norm: 0.34628310                              
               <<z;z>>_10.3825:      0.22561705     -0.19515045j   Residual Norm: 0.45650202                              
               <<z;z>>_10.3850:      0.27516007     -0.22577897j   Residual Norm: 0.56618337                              
               <<z;z>>_10.3875:      0.31068887     -0.21641802j   Residual Norm: 0.65210367                              
               <<z;z>>_10.3900:      0.33916104     -0.19788873j   Residual Norm: 0.77380945                              
               <<z;z>>_10.3925:      0.34207814     -0.16287737j   Residual Norm: 0.97136620                              
               <<z;z>>_10.3950:      0.32354227     -0.15361053j   Residual Norm: 1.15343402                              
               <<z;z>>_10.3975:      0.33065833     -0.16620335j   Residual Norm: 1.21722390                              
               <<z;z>>_10.4000:      0.36042152     -0.14455052j   Residual Norm: 1.15281223                              
                                                                                                                          
* Info * Processing 31 Fock builds...                                                                                     
                                                                                                                          
* Info * 107 gerade trial vectors in reduced space                                                                        
* Info * 108 ungerade trial vectors in reduced space                                                                      
                                                                                                                          
* Info * 63.67 MB of memory used for subspace procedure on the master node                                                
* Info * 112.32 GB of memory available for the solver on the master node                                                  
                                                                                                                          
               *** Iteration:   4 * Residuals (Max,Min): 5.27e-01 and 2.85e-03                                            
                                                                                                                          
               Operator:  electric dipole (xyz)                                                                           
                                                                                                                          
               <<x;x>>_10.1000:      0.19774473     -0.01919893j   Residual Norm: 0.00488542                              
               <<x;x>>_10.1025:      0.18687775     -0.02135124j   Residual Norm: 0.00478029                              
               <<x;x>>_10.1050:      0.17478375     -0.02394454j   Residual Norm: 0.00468135                              
               <<x;x>>_10.1075:      0.16121435     -0.02711080j   Residual Norm: 0.00458640                              
               <<x;x>>_10.1100:      0.14584984     -0.03103595j   Residual Norm: 0.00449316                              
               <<x;x>>_10.1125:      0.12827311     -0.03598935j   Residual Norm: 0.00439917                              
               <<x;x>>_10.1150:      0.10793392     -0.04237463j   Residual Norm: 0.00430195                              
               <<x;x>>_10.1175:      0.08410692     -0.05082088j   Residual Norm: 0.00420050                              
               <<x;x>>_10.1200:      0.05587754     -0.06233734j   Residual Norm: 0.00410367                              
               <<x;x>>_10.1225:      0.02224253     -0.07841538j   Residual Norm: 0.00406041                              
               <<x;x>>_10.1250:     -0.01837751     -0.10070254j   Residual Norm: 0.00413238                              
               <<x;x>>_10.1275:     -0.06993437     -0.13311735j   Residual Norm: 0.00418404                              
               <<x;x>>_10.1300:     -0.13623938     -0.18541349j   Residual Norm: 0.00416104                              
               <<x;x>>_10.1325:     -0.21931861     -0.27564069j   Residual Norm: 0.00414778                              
               <<x;x>>_10.1350:     -0.31145293     -0.44159425j   Residual Norm: 0.00421743                              
               <<x;x>>_10.1375:     -0.35024082     -0.75318367j   Residual Norm: 0.00446365                              
               <<x;x>>_10.1400:     -0.09393287     -1.20384498j   Residual Norm: 0.00504570                              
               <<x;x>>_10.1425:      0.57778664     -1.28221560j   Residual Norm: 0.00622506                              
               <<x;x>>_10.1450:      0.94720397     -0.85050238j   Residual Norm: 0.00837616                              
               <<x;x>>_10.1475:      0.94501981     -0.49694702j   Residual Norm: 0.01193013                              
               <<x;x>>_10.1500:      0.85528901     -0.30519552j   Residual Norm: 0.01651200                              
               <<x;x>>_10.1525:      0.76820893     -0.20209779j   Residual Norm: 0.01839135                              
               <<x;x>>_10.1550:      0.69739219     -0.14289976j   Residual Norm: 0.01653489                              
               <<x;x>>_10.1575:      0.64116342     -0.10651251j   Residual Norm: 0.01417935                              
               <<x;x>>_10.1600:      0.59603990     -0.08282264j   Residual Norm: 0.01240795                              
               <<x;x>>_10.1625:      0.55911844     -0.06666782j   Residual Norm: 0.01115757                              
               <<x;x>>_10.1650:      0.52827084     -0.05523762j   Residual Norm: 0.01025610                              
               <<x;x>>_10.1675:      0.50197394     -0.04691178j   Residual Norm: 0.00958222                              
               <<x;x>>_10.1700:      0.47913121     -0.04070941j   Residual Norm: 0.00906029                              
               <<x;x>>_10.1725:      0.45894040     -0.03601180j   Residual Norm: 0.00864340                              
               <<x;x>>_10.1750:      0.44080245     -0.03241533j   Residual Norm: 0.00830189                              
               <<x;x>>_10.1775:      0.42425997     -0.02964954j   Residual Norm: 0.00801677                              
               <<x;x>>_10.1800:      0.40895521     -0.02752981j   Residual Norm: 0.00777585                              
               <<x;x>>_10.1825:      0.39460085     -0.02592898j   Residual Norm: 0.00757164                              
               <<x;x>>_10.1850:      0.38095921     -0.02476033j   Residual Norm: 0.00740013                              
               <<x;x>>_10.1875:      0.36782669     -0.02396722j   Residual Norm: 0.00726024                              
               <<x;x>>_10.1900:      0.35502164     -0.02351757j   Residual Norm: 0.00715375                              
               <<x;x>>_10.1925:      0.34237400     -0.02340208j   Residual Norm: 0.00708576                              
               <<x;x>>_10.1950:      0.32971557     -0.02363653j   Residual Norm: 0.00706564                              
               <<x;x>>_10.1975:      0.31686983     -0.02426996j   Residual Norm: 0.00710907                              
               <<x;x>>_10.2000:      0.30364079     -0.02540359j   Residual Norm: 0.00724146                              
               <<x;x>>_10.2025:      0.28980288     -0.02723261j   Residual Norm: 0.00750385                              
               <<x;x>>_10.2050:      0.27510599     -0.03014034j   Residual Norm: 0.00796213                              
               <<x;x>>_10.2075:      0.25937068     -0.03491394j   Residual Norm: 0.00871751                              
               <<x;x>>_10.2100:      0.24303557     -0.04315804j   Residual Norm: 0.00989738                              
               <<x;x>>_10.2125:      0.22946334     -0.05698096j   Residual Norm: 0.01153869                              
               <<x;x>>_10.2150:      0.22665387     -0.07103716j   Residual Norm: 0.01323790                              
               <<x;x>>_10.2175:      0.22518727     -0.07028714j   Residual Norm: 0.01416127                              
               <<x;x>>_10.2200:      0.20877939     -0.06747145j   Residual Norm: 0.01427288                              
               <<x;x>>_10.2225:      0.18545542     -0.07589793j   Residual Norm: 0.01428838                              
               <<x;x>>_10.2250:      0.16731188     -0.09820878j   Residual Norm: 0.01439742                              
               <<x;x>>_10.2275:      0.17116624     -0.12106070j   Residual Norm: 0.01402462                              
               <<x;x>>_10.2300:      0.17735733     -0.11375725j   Residual Norm: 0.01250173                              
               <<x;x>>_10.2325:      0.15453743     -0.09985798j   Residual Norm: 0.01014211                              
               <<x;x>>_10.2350:      0.11539327     -0.09982097j   Residual Norm: 0.00779453                              
               <<x;x>>_10.2375:      0.06781709     -0.11367058j   Residual Norm: 0.00586485                              
               <<x;x>>_10.2400:      0.01154949     -0.14313824j   Residual Norm: 0.00438856                              
               <<x;x>>_10.2425:     -0.05509605     -0.19692459j   Residual Norm: 0.00335194                              
               <<x;x>>_10.2450:     -0.12790107     -0.29584622j   Residual Norm: 0.00284703                              
               <<x;x>>_10.2475:     -0.17008275     -0.47524436j   Residual Norm: 0.00294420                              
               <<x;x>>_10.2500:     -0.06225976     -0.70814667j   Residual Norm: 0.00327166                              
               <<x;x>>_10.2525:      0.17087558     -0.76254922j   Residual Norm: 0.00354072                              
               <<x;x>>_10.2550:      0.24686423     -0.72931413j   Residual Norm: 0.00371961                              
               <<x;x>>_10.2575:      0.33038920     -0.84893342j   Residual Norm: 0.00375684                              
               <<x;x>>_10.2600:      0.65286915     -0.88575064j   Residual Norm: 0.00404266                              
               <<x;x>>_10.2625:      0.87541824     -0.62124247j   Residual Norm: 0.00473329                              
               <<x;x>>_10.2650:      0.86280952     -0.37775458j   Residual Norm: 0.00570731                              
               <<x;x>>_10.2675:      0.78651952     -0.24134969j   Residual Norm: 0.00685972                              
               <<x;x>>_10.2700:      0.71201864     -0.16755328j   Residual Norm: 0.00813904                              
               <<x;x>>_10.2725:      0.64960028     -0.12577340j   Residual Norm: 0.00947219                              
               <<x;x>>_10.2750:      0.59853404     -0.10156835j   Residual Norm: 0.01053484                              
               <<x;x>>_10.2775:      0.55753531     -0.08698720j   Residual Norm: 0.01035704                              
               <<x;x>>_10.2800:      0.52286337     -0.07577407j   Residual Norm: 0.00905472                              
               <<x;x>>_10.2825:      0.48989805     -0.06816112j   Residual Norm: 0.00980749                              
               <<x;x>>_10.2850:      0.45911959     -0.06544206j   Residual Norm: 0.01557185                              
               <<x;x>>_10.2875:      0.43174291     -0.06574644j   Residual Norm: 0.02651366                              
               <<x;x>>_10.2900:      0.40455864     -0.06627683j   Residual Norm: 0.03574308                              
               <<x;x>>_10.2925:      0.37376099     -0.07041423j   Residual Norm: 0.04027558                              
               <<x;x>>_10.2950:      0.33952910     -0.08206239j   Residual Norm: 0.04290798                              
               <<x;x>>_10.2975:      0.30204971     -0.10605991j   Residual Norm: 0.04506115                              
               <<x;x>>_10.3000:      0.26511095     -0.15275803j   Residual Norm: 0.04712117                              
               <<x;x>>_10.3025:      0.25063794     -0.23565829j   Residual Norm: 0.05021170                              
               <<x;x>>_10.3050:      0.30418992     -0.33245900j   Residual Norm: 0.05776099                              
               <<x;x>>_10.3075:      0.42959882     -0.37495075j   Residual Norm: 0.06849240                              
               <<x;x>>_10.3100:      0.54902642     -0.29904433j   Residual Norm: 0.07573212                              
               <<x;x>>_10.3125:      0.56413580     -0.19057524j   Residual Norm: 0.08021087                              
               <<x;x>>_10.3150:      0.53151269     -0.12528284j   Residual Norm: 0.08405084                              
               <<x;x>>_10.3175:      0.49311182     -0.09171471j   Residual Norm: 0.08819678                              
               <<x;x>>_10.3200:      0.45743140     -0.07501772j   Residual Norm: 0.09297865                              
               <<x;x>>_10.3225:      0.42450576     -0.06841847j   Residual Norm: 0.09856571                              
               <<x;x>>_10.3250:      0.39316253     -0.06991248j   Residual Norm: 0.10497256                              
               <<x;x>>_10.3275:      0.36339351     -0.08083536j   Residual Norm: 0.11140190                              
               <<x;x>>_10.3300:      0.34046078     -0.10355227j   Residual Norm: 0.11438478                              
               <<x;x>>_10.3325:      0.33208082     -0.12826995j   Residual Norm: 0.10622894                              
               <<x;x>>_10.3350:      0.32017121     -0.14957268j   Residual Norm: 0.08612790                              
               <<x;x>>_10.3375:      0.31114935     -0.19876091j   Residual Norm: 0.06983865                              
               <<x;x>>_10.3400:      0.35885215     -0.26593091j   Residual Norm: 0.06674647                              
               <<x;x>>_10.3425:      0.46390877     -0.26128433j   Residual Norm: 0.06840189                              
               <<x;x>>_10.3450:      0.50982075     -0.17975658j   Residual Norm: 0.06777437                              
               <<x;x>>_10.3475:      0.49352794     -0.11755580j   Residual Norm: 0.06604517                              
               <<x;x>>_10.3500:      0.46343294     -0.08689466j   Residual Norm: 0.06448993                              
               <<x;x>>_10.3525:      0.43622540     -0.07628638j   Residual Norm: 0.06374203                              
               <<x;x>>_10.3550:      0.42051142     -0.07690838j   Residual Norm: 0.06359344                              
               <<x;x>>_10.3575:      0.41702539     -0.07101667j   Residual Norm: 0.06267788                              
               <<x;x>>_10.3600:      0.40628870     -0.05618880j   Residual Norm: 0.06122051                              
               <<x;x>>_10.3625:      0.38792137     -0.04600937j   Residual Norm: 0.06149209                              
               <<x;x>>_10.3650:      0.36811800     -0.04143754j   Residual Norm: 0.06569751                              
               <<x;x>>_10.3675:      0.34828564     -0.04078140j   Residual Norm: 0.07603431                              
               <<x;x>>_10.3700:      0.32824697     -0.04368202j   Residual Norm: 0.09507249                              
               <<x;x>>_10.3725:      0.30813953     -0.05124686j   Residual Norm: 0.12537874                              
               <<x;x>>_10.3750:      0.29081495     -0.06511752j   Residual Norm: 0.16583949                              
               <<x;x>>_10.3775:      0.28121634     -0.07995294j   Residual Norm: 0.20012441                              
               <<x;x>>_10.3800:      0.26791531     -0.08937004j   Residual Norm: 0.20298501                              
               <<x;x>>_10.3825:      0.24429966     -0.11191415j   Residual Norm: 0.18379371                              
               <<x;x>>_10.3850:      0.22991670     -0.16518439j   Residual Norm: 0.16687740                              
               <<x;x>>_10.3875:      0.27311102     -0.23928336j   Residual Norm: 0.16117937                              
               <<x;x>>_10.3900:      0.37674506     -0.24021258j   Residual Norm: 0.16822152                              
               <<x;x>>_10.3925:      0.42444800     -0.16768532j   Residual Norm: 0.19303320                              
               <<x;x>>_10.3950:      0.41477214     -0.10781996j   Residual Norm: 0.22768637                              
               <<x;x>>_10.3975:      0.38889530     -0.07454180j   Residual Norm: 0.26024821                              
               <<x;x>>_10.4000:      0.36253830     -0.05723954j   Residual Norm: 0.29077912                              
               <<y;y>>_10.1000:      0.31418234     -0.00510386j   Residual Norm: 0.01115141                              
               <<y;y>>_10.1025:      0.31132897     -0.00541282j   Residual Norm: 0.01139258                              
               <<y;y>>_10.1050:      0.30830008     -0.00577600j   Residual Norm: 0.01164569                              
               <<y;y>>_10.1075:      0.30506512     -0.00620902j   Residual Norm: 0.01190866                              
               <<y;y>>_10.1100:      0.30158511     -0.00673381j   Residual Norm: 0.01217806                              
               <<y;y>>_10.1125:      0.29780957     -0.00738209j   Residual Norm: 0.01244843                              
               <<y;y>>_10.1150:      0.29367232     -0.00820129j   Residual Norm: 0.01271138                              
               <<y;y>>_10.1175:      0.28908661     -0.00926523j   Residual Norm: 0.01295445                              
               <<y;y>>_10.1200:      0.28394347     -0.01069224j   Residual Norm: 0.01316264                              
               <<y;y>>_10.1225:      0.27812364     -0.01265695j   Residual Norm: 0.01333672                              
               <<y;y>>_10.1250:      0.27144034     -0.01535161j   Residual Norm: 0.01351315                              
               <<y;y>>_10.1275:      0.26342815     -0.01923407j   Residual Norm: 0.01361310                              
               <<y;y>>_10.1300:      0.25363845     -0.02544531j   Residual Norm: 0.01351041                              
               <<y;y>>_10.1325:      0.24183172     -0.03609506j   Residual Norm: 0.01316996                              
               <<y;y>>_10.1350:      0.22890651     -0.05559997j   Residual Norm: 0.01256625                              
               <<y;y>>_10.1375:      0.22215029     -0.09212919j   Residual Norm: 0.01171844                              
               <<y;y>>_10.1400:      0.24980600     -0.14491646j   Residual Norm: 0.01085685                              
               <<y;y>>_10.1425:      0.32592731     -0.15421257j   Residual Norm: 0.01088066                              
               <<y;y>>_10.1450:      0.36664815     -0.10391802j   Residual Norm: 0.01391729                              
               <<y;y>>_10.1475:      0.36386568     -0.06276656j   Residual Norm: 0.02224439                              
               <<y;y>>_10.1500:      0.35076365     -0.04053295j   Residual Norm: 0.03448153                              
               <<y;y>>_10.1525:      0.33787425     -0.02867159j   Residual Norm: 0.04065630                              
               <<y;y>>_10.1550:      0.32678038     -0.02195482j   Residual Norm: 0.03706647                              
               <<y;y>>_10.1575:      0.31727774     -0.01792036j   Residual Norm: 0.03131038                              
               <<y;y>>_10.1600:      0.30894975     -0.01538863j   Residual Norm: 0.02645908                              
               <<y;y>>_10.1625:      0.30144631     -0.01375892j   Residual Norm: 0.02266236                              
               <<y;y>>_10.1650:      0.29450643     -0.01270577j   Residual Norm: 0.01964786                              
               <<y;y>>_10.1675:      0.28793814     -0.01204333j   Residual Norm: 0.01718846                              
               <<y;y>>_10.1700:      0.28159730     -0.01166114j   Residual Norm: 0.01513114                              
               <<y;y>>_10.1725:      0.27537181     -0.01149186j   Residual Norm: 0.01337450                              
               <<y;y>>_10.1750:      0.26917043     -0.01149435j   Residual Norm: 0.01185009                              
               <<y;y>>_10.1775:      0.26291506     -0.01164434j   Residual Norm: 0.01051109                              
               <<y;y>>_10.1800:      0.25653502     -0.01192930j   Residual Norm: 0.00932594                              
               <<y;y>>_10.1825:      0.24996270     -0.01234560j   Residual Norm: 0.00827529                              
               <<y;y>>_10.1850:      0.24312987     -0.01289727j   Residual Norm: 0.00735103                              
               <<y;y>>_10.1875:      0.23596423     -0.01359572j   Residual Norm: 0.00655726                              
               <<y;y>>_10.1900:      0.22838583     -0.01446051j   Residual Norm: 0.00591227                              
               <<y;y>>_10.1925:      0.22030292     -0.01552112j   Residual Norm: 0.00545011                              
               <<y;y>>_10.1950:      0.21160681     -0.01682023j   Residual Norm: 0.00521722                              
               <<y;y>>_10.1975:      0.20216514     -0.01841903j   Residual Norm: 0.00525978                              
               <<y;y>>_10.2000:      0.19181262     -0.02040634j   Residual Norm: 0.00560580                              
               <<y;y>>_10.2025:      0.18033819     -0.02291402j   Residual Norm: 0.00625882                              
               <<y;y>>_10.2050:      0.16746734     -0.02614471j   Residual Norm: 0.00721071                              
               <<y;y>>_10.2075:      0.15284062     -0.03042380j   Residual Norm: 0.00845716                              
               <<y;y>>_10.2100:      0.13600263     -0.03629796j   Residual Norm: 0.00997956                              
               <<y;y>>_10.2125:      0.11646471     -0.04467734j   Residual Norm: 0.01157769                              
               <<y;y>>_10.2150:      0.09374962     -0.05678843j   Residual Norm: 0.01246435                              
               <<y;y>>_10.2175:      0.06643357     -0.07482189j   Residual Norm: 0.01255698                              
               <<y;y>>_10.2200:      0.03353769     -0.10546983j   Residual Norm: 0.01352731                              
               <<y;y>>_10.2225:      0.00079277     -0.16190795j   Residual Norm: 0.01532546                              
               <<y;y>>_10.2250:     -0.00072834     -0.25983136j   Residual Norm: 0.01728954                              
               <<y;y>>_10.2275:      0.09752409     -0.34870834j   Residual Norm: 0.01891604                              
               <<y;y>>_10.2300:      0.21366355     -0.29999195j   Residual Norm: 0.01966795                              
               <<y;y>>_10.2325:      0.21753361     -0.21325974j   Residual Norm: 0.01906216                              
               <<y;y>>_10.2350:      0.16750076     -0.17250857j   Residual Norm: 0.01703816                              
               <<y;y>>_10.2375:      0.10298057     -0.17158835j   Residual Norm: 0.01415231                              
               <<y;y>>_10.2400:      0.03068781     -0.20599333j   Residual Norm: 0.01134343                              
               <<y;y>>_10.2425:     -0.04663368     -0.28927586j   Residual Norm: 0.00966785                              
               <<y;y>>_10.2450:     -0.10269244     -0.45875378j   Residual Norm: 0.00991827                              
               <<y;y>>_10.2475:     -0.01579898     -0.73701119j   Residual Norm: 0.01188805                              
               <<y;y>>_10.2500:      0.36081993     -0.87889752j   Residual Norm: 0.01471213                              
               <<y;y>>_10.2525:      0.65310729     -0.65490246j   Residual Norm: 0.01774842                              
               <<y;y>>_10.2550:      0.67694149     -0.42250864j   Residual Norm: 0.02062963                              
               <<y;y>>_10.2575:      0.62930910     -0.30985164j   Residual Norm: 0.02259716                              
               <<y;y>>_10.2600:      0.60709507     -0.24725255j   Residual Norm: 0.02443777                              
               <<y;y>>_10.2625:      0.58194052     -0.17915008j   Residual Norm: 0.02844562                              
               <<y;y>>_10.2650:      0.53718988     -0.12974666j   Residual Norm: 0.03388682                              
               <<y;y>>_10.2675:      0.49068318     -0.10317686j   Residual Norm: 0.03946288                              
               <<y;y>>_10.2700:      0.44811412     -0.09230757j   Residual Norm: 0.04441705                              
               <<y;y>>_10.2725:      0.41026787     -0.09486127j   Residual Norm: 0.04776391                              
               <<y;y>>_10.2750:      0.38250741     -0.11254605j   Residual Norm: 0.04823830                              
               <<y;y>>_10.2775:      0.38000277     -0.13498000j   Residual Norm: 0.04649880                              
               <<y;y>>_10.2800:      0.38619549     -0.13236983j   Residual Norm: 0.04825840                              
               <<y;y>>_10.2825:      0.37019718     -0.13070620j   Residual Norm: 0.05559168                              
               <<y;y>>_10.2850:      0.36061112     -0.15781102j   Residual Norm: 0.06146442                              
               <<y;y>>_10.2875:      0.39886175     -0.18328319j   Residual Norm: 0.06132544                              
               <<y;y>>_10.2900:      0.44157995     -0.14750534j   Residual Norm: 0.05570733                              
               <<y;y>>_10.2925:      0.43591601     -0.10015933j   Residual Norm: 0.04708791                              
               <<y;y>>_10.2950:      0.41116879     -0.07352311j   Residual Norm: 0.03787027                              
               <<y;y>>_10.2975:      0.38439823     -0.06195457j   Residual Norm: 0.03036248                              
               <<y;y>>_10.3000:      0.35918443     -0.06041625j   Residual Norm: 0.02764022                              
               <<y;y>>_10.3025:      0.33795477     -0.06768842j   Residual Norm: 0.03204102                              
               <<y;y>>_10.3050:      0.32537092     -0.08021397j   Residual Norm: 0.04269801                              
               <<y;y>>_10.3075:      0.32094713     -0.09061797j   Residual Norm: 0.05461143                              
               <<y;y>>_10.3100:      0.31574792     -0.09452401j   Residual Norm: 0.05683980                              
               <<y;y>>_10.3125:      0.30364727     -0.10788850j   Residual Norm: 0.04990083                              
               <<y;y>>_10.3150:      0.31217340     -0.13810445j   Residual Norm: 0.04481474                              
               <<y;y>>_10.3175:      0.35399061     -0.13918240j   Residual Norm: 0.04696495                              
               <<y;y>>_10.3200:      0.36841703     -0.10155790j   Residual Norm: 0.05415323                              
               <<y;y>>_10.3225:      0.35221292     -0.07403678j   Residual Norm: 0.06393307                              
               <<y;y>>_10.3250:      0.32875840     -0.06322977j   Residual Norm: 0.07649694                              
               <<y;y>>_10.3275:      0.30636637     -0.06509757j   Residual Norm: 0.09330218                              
               <<y;y>>_10.3300:      0.29231948     -0.07759433j   Residual Norm: 0.11403421                              
               <<y;y>>_10.3325:      0.29457801     -0.08645009j   Residual Norm: 0.13257152                              
               <<y;y>>_10.3350:      0.29240571     -0.07893167j   Residual Norm: 0.14023524                              
               <<y;y>>_10.3375:      0.27716474     -0.07661159j   Residual Norm: 0.13623160                              
               <<y;y>>_10.3400:      0.26535732     -0.08472316j   Residual Norm: 0.12537148                              
               <<y;y>>_10.3425:      0.26188263     -0.08805390j   Residual Norm: 0.10758029                              
               <<y;y>>_10.3450:      0.24789795     -0.08359581j   Residual Norm: 0.08771498                              
               <<y;y>>_10.3475:      0.22067263     -0.09007793j   Residual Norm: 0.07739937                              
               <<y;y>>_10.3500:      0.18985008     -0.11743661j   Residual Norm: 0.07505067                              
               <<y;y>>_10.3525:      0.17172716     -0.17709898j   Residual Norm: 0.07610317                              
               <<y;y>>_10.3550:      0.21621865     -0.26123289j   Residual Norm: 0.07989200                              
               <<y;y>>_10.3575:      0.33271168     -0.26414665j   Residual Norm: 0.08815127                              
               <<y;y>>_10.3600:      0.38100035     -0.18061846j   Residual Norm: 0.10283038                              
               <<y;y>>_10.3625:      0.36342750     -0.11871396j   Residual Norm: 0.12463726                              
               <<y;y>>_10.3650:      0.33083483     -0.08811362j   Residual Norm: 0.15296249                              
               <<y;y>>_10.3675:      0.29760638     -0.07594063j   Residual Norm: 0.18649032                              
               <<y;y>>_10.3700:      0.26557758     -0.07624067j   Residual Norm: 0.22323702                              
               <<y;y>>_10.3725:      0.23598309     -0.08934540j   Residual Norm: 0.25921143                              
               <<y;y>>_10.3750:      0.21778845     -0.11751497j   Residual Norm: 0.28519465                              
               <<y;y>>_10.3775:      0.22612540     -0.14204789j   Residual Norm: 0.28524740                              
               <<y;y>>_10.3800:      0.22882435     -0.13824220j   Residual Norm: 0.25220099                              
               <<y;y>>_10.3825:      0.20317096     -0.14579743j   Residual Norm: 0.21098135                              
               <<y;y>>_10.3850:      0.17916694     -0.19268286j   Residual Norm: 0.19624038                              
               <<y;y>>_10.3875:      0.20921806     -0.27100546j   Residual Norm: 0.22955966                              
               <<y;y>>_10.3900:      0.30881989     -0.29538930j   Residual Norm: 0.32850128                              
               <<y;y>>_10.3925:      0.38692045     -0.23973891j   Residual Norm: 0.43868588                              
               <<y;y>>_10.3950:      0.40307624     -0.16006232j   Residual Norm: 0.49318431                              
               <<y;y>>_10.3975:      0.37914431     -0.10525682j   Residual Norm: 0.51456655                              
               <<y;y>>_10.4000:      0.34786603     -0.07552465j   Residual Norm: 0.52737939                              
               <<z;z>>_10.1000:      0.30162381     -0.00840153j   Residual Norm: 0.00414387                              
               <<z;z>>_10.1025:      0.29689452     -0.00915517j   Residual Norm: 0.00417158                              
               <<z;z>>_10.1050:      0.29173596     -0.01005807j   Residual Norm: 0.00421206                              
               <<z;z>>_10.1075:      0.28606406     -0.01115458j   Residual Norm: 0.00426390                              
               <<z;z>>_10.1100:      0.27977079     -0.01250718j   Residual Norm: 0.00432551                              
               <<z;z>>_10.1125:      0.27271534     -0.01420636j   Residual Norm: 0.00439496                              
               <<z;z>>_10.1150:      0.26471220     -0.01638762j   Residual Norm: 0.00447001                              
               <<z;z>>_10.1175:      0.25551699     -0.01926211j   Residual Norm: 0.00454923                              
               <<z;z>>_10.1200:      0.24482166     -0.02316847j   Residual Norm: 0.00463903                              
               <<z;z>>_10.1225:      0.23228783     -0.02860724j   Residual Norm: 0.00478021                              
               <<z;z>>_10.1250:      0.21738373     -0.03613272j   Residual Norm: 0.00502646                              
               <<z;z>>_10.1275:      0.19878379     -0.04706091j   Residual Norm: 0.00525352                              
               <<z;z>>_10.1300:      0.17520819     -0.06466348j   Residual Norm: 0.00539601                              
               <<z;z>>_10.1325:      0.14597464     -0.09499737j   Residual Norm: 0.00550385                              
               <<z;z>>_10.1350:      0.11367152     -0.15074632j   Residual Norm: 0.00559756                              
               <<z;z>>_10.1375:      0.09923747     -0.25537092j   Residual Norm: 0.00567681                              
               <<z;z>>_10.1400:      0.18379610     -0.40666901j   Residual Norm: 0.00573228                              
               <<z;z>>_10.1425:      0.40772064     -0.43303962j   Residual Norm: 0.00573901                              
               <<z;z>>_10.1450:      0.53016103     -0.28824294j   Residual Norm: 0.00564496                              
               <<z;z>>_10.1475:      0.52785948     -0.16967831j   Residual Norm: 0.00562584                              
               <<z;z>>_10.1500:      0.49613282     -0.10541590j   Residual Norm: 0.00644725                              
               <<z;z>>_10.1525:      0.46524566     -0.07091097j   Residual Norm: 0.00769745                              
               <<z;z>>_10.1550:      0.43976313     -0.05114623j   Residual Norm: 0.00814567                              
               <<z;z>>_10.1575:      0.41911876     -0.03904559j   Residual Norm: 0.00813878                              
               <<z;z>>_10.1600:      0.40213870     -0.03121648j   Residual Norm: 0.00806551                              
               <<z;z>>_10.1625:      0.38784271     -0.02592817j   Residual Norm: 0.00801604                              
               <<z;z>>_10.1650:      0.37550967     -0.02223961j   Residual Norm: 0.00800041                              
               <<z;z>>_10.1675:      0.36462030     -0.01960970j   Residual Norm: 0.00801618                              
               <<z;z>>_10.1700:      0.35479699     -0.01771256j   Residual Norm: 0.00806119                              
               <<z;z>>_10.1725:      0.34575899     -0.01634480j   Residual Norm: 0.00813531                              
               <<z;z>>_10.1750:      0.33729139     -0.01537645j   Residual Norm: 0.00824018                              
               <<z;z>>_10.1775:      0.32922367     -0.01472399j   Residual Norm: 0.00837888                              
               <<z;z>>_10.1800:      0.32141477     -0.01433517j   Residual Norm: 0.00855576                              
               <<z;z>>_10.1825:      0.31374185     -0.01418064j   Residual Norm: 0.00877636                              
               <<z;z>>_10.1850:      0.30609148     -0.01424994j   Residual Norm: 0.00904746                              
               <<z;z>>_10.1875:      0.29835173     -0.01455084j   Residual Norm: 0.00937728                              
               <<z;z>>_10.1900:      0.29040411     -0.01511221j   Residual Norm: 0.00977567                              
               <<z;z>>_10.1925:      0.28211426     -0.01599155j   Residual Norm: 0.01025428                              
               <<z;z>>_10.1950:      0.27332005     -0.01729054j   Residual Norm: 0.01082665                              
               <<z;z>>_10.1975:      0.26381576     -0.01918597j   Residual Norm: 0.01150796                              
               <<z;z>>_10.2000:      0.25333226     -0.02199285j   Residual Norm: 0.01231386                              
               <<z;z>>_10.2025:      0.24152195     -0.02630000j   Residual Norm: 0.01325762                              
               <<z;z>>_10.2050:      0.22799981     -0.03327726j   Residual Norm: 0.01434388                              
               <<z;z>>_10.2075:      0.21270049     -0.04538505j   Residual Norm: 0.01555665                              
               <<z;z>>_10.2100:      0.19780094     -0.06773520j   Residual Norm: 0.01684002                              
               <<z;z>>_10.2125:      0.19570350     -0.10688751j   Residual Norm: 0.01807546                              
               <<z;z>>_10.2150:      0.23497429     -0.14320828j   Residual Norm: 0.01907427                              
               <<z;z>>_10.2175:      0.28439363     -0.12257875j   Residual Norm: 0.01961398                              
               <<z;z>>_10.2200:      0.28863136     -0.08399948j   Residual Norm: 0.01950634                              
               <<z;z>>_10.2225:      0.27193342     -0.06343946j   Residual Norm: 0.01857073                              
               <<z;z>>_10.2250:      0.25369660     -0.05773307j   Residual Norm: 0.01637305                              
               <<z;z>>_10.2275:      0.24161253     -0.05805116j   Residual Norm: 0.01231179                              
               <<z;z>>_10.2300:      0.23077364     -0.05394397j   Residual Norm: 0.00752619                              
               <<z;z>>_10.2325:      0.21268829     -0.05035342j   Residual Norm: 0.00449989                              
               <<z;z>>_10.2350:      0.18999583     -0.05226607j   Residual Norm: 0.00356731                              
               <<z;z>>_10.2375:      0.16408542     -0.06011896j   Residual Norm: 0.00364605                              
               <<z;z>>_10.2400:      0.13430919     -0.07569481j   Residual Norm: 0.00411753                              
               <<z;z>>_10.2425:      0.10023767     -0.10431413j   Residual Norm: 0.00488159                              
               <<z;z>>_10.2450:      0.06640186     -0.15762248j   Residual Norm: 0.00592074                              
               <<z;z>>_10.2475:      0.05940443     -0.25003262j   Residual Norm: 0.00704931                              
               <<z;z>>_10.2500:      0.13581821     -0.34346171j   Residual Norm: 0.00770417                              
               <<z;z>>_10.2525:      0.24281139     -0.33461976j   Residual Norm: 0.00779867                              
               <<z;z>>_10.2550:      0.26591472     -0.29579206j   Residual Norm: 0.00754972                              
               <<z;z>>_10.2575:      0.28182892     -0.32081187j   Residual Norm: 0.00681595                              
               <<z;z>>_10.2600:      0.37702148     -0.32566421j   Residual Norm: 0.00663404                              
               <<z;z>>_10.2625:      0.43925729     -0.23334688j   Residual Norm: 0.00765816                              
               <<z;z>>_10.2650:      0.42300271     -0.15030513j   Residual Norm: 0.00946684                              
               <<z;z>>_10.2675:      0.38535986     -0.10468900j   Residual Norm: 0.01167201                              
               <<z;z>>_10.2700:      0.34782498     -0.08134353j   Residual Norm: 0.01418309                              
               <<z;z>>_10.2725:      0.31332460     -0.07009761j   Residual Norm: 0.01706675                              
               <<z;z>>_10.2750:      0.28089853     -0.06659691j   Residual Norm: 0.02042129                              
               <<z;z>>_10.2775:      0.24915523     -0.06972785j   Residual Norm: 0.02423454                              
               <<z;z>>_10.2800:      0.21704895     -0.08098184j   Residual Norm: 0.02892433                              
               <<z;z>>_10.2825:      0.18641310     -0.10581158j   Residual Norm: 0.03542506                              
               <<z;z>>_10.2850:      0.17183439     -0.15066433j   Residual Norm: 0.04366242                              
               <<z;z>>_10.2875:      0.20247997     -0.18875965j   Residual Norm: 0.05250578                              
               <<z;z>>_10.2900:      0.23362016     -0.16686524j   Residual Norm: 0.05984739                              
               <<z;z>>_10.2925:      0.21317062     -0.13600072j   Residual Norm: 0.06412087                              
               <<z;z>>_10.2950:      0.16816863     -0.13086220j   Residual Norm: 0.06578249                              
               <<z;z>>_10.2975:      0.11386492     -0.15208035j   Residual Norm: 0.06631829                              
               <<z;z>>_10.3000:      0.05466514     -0.20689097j   Residual Norm: 0.06689980                              
               <<z;z>>_10.3025:      0.00641454     -0.31711122j   Residual Norm: 0.06844307                              
               <<z;z>>_10.3050:      0.03128650     -0.50134610j   Residual Norm: 0.07213148                              
               <<z;z>>_10.3075:      0.24781750     -0.66852461j   Residual Norm: 0.07718772                              
               <<z;z>>_10.3100:      0.52817727     -0.56723957j   Residual Norm: 0.08196352                              
               <<z;z>>_10.3125:      0.59375567     -0.36294632j   Residual Norm: 0.08623881                              
               <<z;z>>_10.3150:      0.55809032     -0.24165302j   Residual Norm: 0.08940895                              
               <<z;z>>_10.3175:      0.51613599     -0.17446866j   Residual Norm: 0.09359672                              
               <<z;z>>_10.3200:      0.47219049     -0.12902736j   Residual Norm: 0.10238495                              
               <<z;z>>_10.3225:      0.42682366     -0.10341562j   Residual Norm: 0.11383643                              
               <<z;z>>_10.3250:      0.38457824     -0.09349092j   Residual Norm: 0.12586716                              
               <<z;z>>_10.3275:      0.34726223     -0.09726652j   Residual Norm: 0.13598238                              
               <<z;z>>_10.3300:      0.32210080     -0.11447285j   Residual Norm: 0.13799483                              
               <<z;z>>_10.3325:      0.31885142     -0.12786286j   Residual Norm: 0.12317171                              
               <<z;z>>_10.3350:      0.31056412     -0.12226513j   Residual Norm: 0.09389585                              
               <<z;z>>_10.3375:      0.28836033     -0.12755476j   Residual Norm: 0.06781499                              
               <<z;z>>_10.3400:      0.27967542     -0.14759327j   Residual Norm: 0.05814476                              
               <<z;z>>_10.3425:      0.28845907     -0.15066653j   Residual Norm: 0.05862309                              
               <<z;z>>_10.3450:      0.27448536     -0.13512259j   Residual Norm: 0.05947282                              
               <<z;z>>_10.3475:      0.23548660     -0.13832971j   Residual Norm: 0.06063992                              
               <<z;z>>_10.3500:      0.19049341     -0.17548455j   Residual Norm: 0.06306438                              
               <<z;z>>_10.3525:      0.16524845     -0.26243808j   Residual Norm: 0.06635658                              
               <<z;z>>_10.3550:      0.23501490     -0.38664442j   Residual Norm: 0.06996998                              
               <<z;z>>_10.3575:      0.41397544     -0.38878210j   Residual Norm: 0.07368009                              
               <<z;z>>_10.3600:      0.49147067     -0.26065659j   Residual Norm: 0.07748003                              
               <<z;z>>_10.3625:      0.47120601     -0.16431288j   Residual Norm: 0.08140865                              
               <<z;z>>_10.3650:      0.42988418     -0.11366454j   Residual Norm: 0.08546972                              
               <<z;z>>_10.3675:      0.38943710     -0.08815483j   Residual Norm: 0.08976631                              
               <<z;z>>_10.3700:      0.35254774     -0.07636021j   Residual Norm: 0.09529413                              
               <<z;z>>_10.3725:      0.31843167     -0.07383899j   Residual Norm: 0.10674522                              
               <<z;z>>_10.3750:      0.28722493     -0.07950898j   Residual Norm: 0.13651637                              
               <<z;z>>_10.3775:      0.26023303     -0.09058003j   Residual Norm: 0.18705511                              
               <<z;z>>_10.3800:      0.23074350     -0.10571897j   Residual Norm: 0.22291063                              
               <<z;z>>_10.3825:      0.19653338     -0.13975991j   Residual Norm: 0.23239054                              
               <<z;z>>_10.3850:      0.17839712     -0.21113987j   Residual Norm: 0.23181015                              
               <<z;z>>_10.3875:      0.23755950     -0.30614675j   Residual Norm: 0.23134662                              
               <<z;z>>_10.3900:      0.37237983     -0.29944023j   Residual Norm: 0.23782569                              
               <<z;z>>_10.3925:      0.42510319     -0.20144708j   Residual Norm: 0.25017886                              
               <<z;z>>_10.3950:      0.40728997     -0.12846257j   Residual Norm: 0.25507069                              
               <<z;z>>_10.3975:      0.37399838     -0.08914179j   Residual Norm: 0.25791191                              
               <<z;z>>_10.4000:      0.34167394     -0.06832274j   Residual Norm: 0.26664044                              
                                                                                                                          
* Info * Processing 28 Fock builds...                                                                                     
                                                                                                                          
* Info * 135 gerade trial vectors in reduced space                                                                        
* Info * 136 ungerade trial vectors in reduced space                                                                      
                                                                                                                          
* Info * 66.68 MB of memory used for subspace procedure on the master node                                                
* Info * 112.36 GB of memory available for the solver on the master node                                                  
                                                                                                                          
               *** Iteration:   5 * Residuals (Max,Min): 3.11e-01 and 1.80e-04                                            
                                                                                                                          
               Operator:  electric dipole (xyz)                                                                           
                                                                                                                          
               <<x;x>>_10.1000:      0.19774469     -0.01919893j   Residual Norm: 0.00071938                              
               <<x;x>>_10.1025:      0.18687770     -0.02135125j   Residual Norm: 0.00072738                              
               <<x;x>>_10.1050:      0.17478369     -0.02394456j   Residual Norm: 0.00073560                              
               <<x;x>>_10.1075:      0.16121428     -0.02711082j   Residual Norm: 0.00074378                              
               <<x;x>>_10.1100:      0.14584977     -0.03103597j   Residual Norm: 0.00075159                              
               <<x;x>>_10.1125:      0.12827302     -0.03598938j   Residual Norm: 0.00075862                              
               <<x;x>>_10.1150:      0.10793382     -0.04237466j   Residual Norm: 0.00076449                              
               <<x;x>>_10.1175:      0.08410680     -0.05082092j   Residual Norm: 0.00076948                              
               <<x;x>>_10.1200:      0.05587740     -0.06233739j   Residual Norm: 0.00077805                              
               <<x;x>>_10.1225:      0.02224235     -0.07841545j   Residual Norm: 0.00080946                              
               <<x;x>>_10.1250:     -0.01837774     -0.10070265j   Residual Norm: 0.00088054                              
               <<x;x>>_10.1275:     -0.06993469     -0.13311755j   Residual Norm: 0.00093370                              
               <<x;x>>_10.1300:     -0.13623979     -0.18541385j   Residual Norm: 0.00095199                              
               <<x;x>>_10.1325:     -0.21931911     -0.27564136j   Residual Norm: 0.00096001                              
               <<x;x>>_10.1350:     -0.31145339     -0.44159554j   Residual Norm: 0.00096724                              
               <<x;x>>_10.1375:     -0.35024048     -0.75318602j   Residual Norm: 0.00097538                              
               <<x;x>>_10.1400:     -0.09392973     -1.20384722j   Residual Norm: 0.00098431                              
               <<x;x>>_10.1425:      0.57779040     -1.28221378j   Residual Norm: 0.00099316                              
               <<x;x>>_10.1450:      0.94720466     -0.85049969j   Residual Norm: 0.00099959                              
               <<x;x>>_10.1475:      0.94501945     -0.49694542j   Residual Norm: 0.00100254                              
               <<x;x>>_10.1500:      0.85528853     -0.30519451j   Residual Norm: 0.00100748                              
               <<x;x>>_10.1525:      0.76820839     -0.20209711j   Residual Norm: 0.00101450                              
               <<x;x>>_10.1550:      0.69739167     -0.14289934j   Residual Norm: 0.00102126                              
               <<x;x>>_10.1575:      0.64116298     -0.10651226j   Residual Norm: 0.00102691                              
               <<x;x>>_10.1600:      0.59603953     -0.08282247j   Residual Norm: 0.00103122                              
               <<x;x>>_10.1625:      0.55911813     -0.06666771j   Residual Norm: 0.00103406                              
               <<x;x>>_10.1650:      0.52827057     -0.05523754j   Residual Norm: 0.00103533                              
               <<x;x>>_10.1675:      0.50197370     -0.04691173j   Residual Norm: 0.00103496                              
               <<x;x>>_10.1700:      0.47913100     -0.04070937j   Residual Norm: 0.00103287                              
               <<x;x>>_10.1725:      0.45894020     -0.03601177j   Residual Norm: 0.00102898                              
               <<x;x>>_10.1750:      0.44080227     -0.03241530j   Residual Norm: 0.00102322                              
               <<x;x>>_10.1775:      0.42425980     -0.02964952j   Residual Norm: 0.00101552                              
               <<x;x>>_10.1800:      0.40895505     -0.02752979j   Residual Norm: 0.00100581                              
               <<x;x>>_10.1825:      0.39460070     -0.02592897j   Residual Norm: 0.00099403                              
               <<x;x>>_10.1850:      0.38095906     -0.02476033j   Residual Norm: 0.00098009                              
               <<x;x>>_10.1875:      0.36782654     -0.02396722j   Residual Norm: 0.00096389                              
               <<x;x>>_10.1900:      0.35502149     -0.02351757j   Residual Norm: 0.00094531                              
               <<x;x>>_10.1925:      0.34237385     -0.02340209j   Residual Norm: 0.00092417                              
               <<x;x>>_10.1950:      0.32971542     -0.02363654j   Residual Norm: 0.00090025                              
               <<x;x>>_10.1975:      0.31686967     -0.02426997j   Residual Norm: 0.00087320                              
               <<x;x>>_10.2000:      0.30364063     -0.02540361j   Residual Norm: 0.00084255                              
               <<x;x>>_10.2025:      0.28980271     -0.02723265j   Residual Norm: 0.00080756                              
               <<x;x>>_10.2050:      0.27510581     -0.03014040j   Residual Norm: 0.00076715                              
               <<x;x>>_10.2075:      0.25937049     -0.03491407j   Residual Norm: 0.00071999                              
               <<x;x>>_10.2100:      0.24303545     -0.04315828j   Residual Norm: 0.00066557                              
               <<x;x>>_10.2125:      0.22946353     -0.05698126j   Residual Norm: 0.00060953                              
               <<x;x>>_10.2150:      0.22665436     -0.07103679j   Residual Norm: 0.00057326                              
               <<x;x>>_10.2175:      0.22518672     -0.07028629j   Residual Norm: 0.00057206                              
               <<x;x>>_10.2200:      0.20877806     -0.06747148j   Residual Norm: 0.00057641                              
               <<x;x>>_10.2225:      0.18545423     -0.07589925j   Residual Norm: 0.00056320                              
               <<x;x>>_10.2250:      0.16731230     -0.09821135j   Residual Norm: 0.00053482                              
               <<x;x>>_10.2275:      0.17116946     -0.12106146j   Residual Norm: 0.00049549                              
               <<x;x>>_10.2300:      0.17735888     -0.11375506j   Residual Norm: 0.00044516                              
               <<x;x>>_10.2325:      0.15453706     -0.09985630j   Residual Norm: 0.00038646                              
               <<x;x>>_10.2350:      0.11539249     -0.09982013j   Residual Norm: 0.00032558                              
               <<x;x>>_10.2375:      0.06781629     -0.11367022j   Residual Norm: 0.00026759                              
               <<x;x>>_10.2400:      0.01154874     -0.14313820j   Residual Norm: 0.00021783                              
               <<x;x>>_10.2425:     -0.05509674     -0.19692489j   Residual Norm: 0.00018519                              
               <<x;x>>_10.2450:     -0.12790152     -0.29584705j   Residual Norm: 0.00018013                              
               <<x;x>>_10.2475:     -0.17008215     -0.47524577j   Residual Norm: 0.00020083                              
               <<x;x>>_10.2500:     -0.06225727     -0.70814684j   Residual Norm: 0.00023189                              
               <<x;x>>_10.2525:      0.17087685     -0.76254689j   Residual Norm: 0.00029908                              
               <<x;x>>_10.2550:      0.24686382     -0.72931275j   Residual Norm: 0.00044806                              
               <<x;x>>_10.2575:      0.33039026     -0.84893280j   Residual Norm: 0.00063788                              
               <<x;x>>_10.2600:      0.65287062     -0.88574679j   Residual Norm: 0.00081542                              
               <<x;x>>_10.2625:      0.87541601     -0.62123795j   Residual Norm: 0.00097691                              
               <<x;x>>_10.2650:      0.86280577     -0.37775199j   Residual Norm: 0.00113299                              
               <<x;x>>_10.2675:      0.78651565     -0.24134843j   Residual Norm: 0.00129029                              
               <<x;x>>_10.2700:      0.71201486     -0.16755281j   Residual Norm: 0.00145077                              
               <<x;x>>_10.2725:      0.64959658     -0.12577349j   Residual Norm: 0.00161148                              
               <<x;x>>_10.2750:      0.59853048     -0.10156895j   Residual Norm: 0.00175919                              
               <<x;x>>_10.2775:      0.55753211     -0.08698805j   Residual Norm: 0.00187133                              
               <<x;x>>_10.2800:      0.52286030     -0.07577475j   Residual Norm: 0.00197756                              
               <<x;x>>_10.2825:      0.48989509     -0.06816163j   Residual Norm: 0.00212804                              
               <<x;x>>_10.2850:      0.45911746     -0.06544111j   Residual Norm: 0.00237453                              
               <<x;x>>_10.2875:      0.43173792     -0.06573932j   Residual Norm: 0.00286143                              
               <<x;x>>_10.2900:      0.40454079     -0.06627012j   Residual Norm: 0.00341116                              
               <<x;x>>_10.2925:      0.37373449     -0.07041785j   Residual Norm: 0.00376505                              
               <<x;x>>_10.2950:      0.33949740     -0.08207872j   Residual Norm: 0.00399963                              
               <<x;x>>_10.2975:      0.30201297     -0.10609512j   Residual Norm: 0.00418485                              
               <<x;x>>_10.3000:      0.26507319     -0.15282892j   Residual Norm: 0.00435272                              
               <<x;x>>_10.3025:      0.25062937     -0.23579959j   Residual Norm: 0.00461332                              
               <<x;x>>_10.3050:      0.30434233     -0.33267913j   Residual Norm: 0.00529611                              
               <<x;x>>_10.3075:      0.43003271     -0.37492722j   Residual Norm: 0.00633020                              
               <<x;x>>_10.3100:      0.54919553     -0.29864049j   Residual Norm: 0.00712138                              
               <<x;x>>_10.3125:      0.56400571     -0.19027573j   Residual Norm: 0.00772884                              
               <<x;x>>_10.3150:      0.53131553     -0.12513230j   Residual Norm: 0.00837062                              
               <<x;x>>_10.3175:      0.49290942     -0.09165269j   Residual Norm: 0.00912028                              
               <<x;x>>_10.3200:      0.45722862     -0.07501635j   Residual Norm: 0.00985211                              
               <<x;x>>_10.3225:      0.42429730     -0.06847610j   Residual Norm: 0.01052138                              
               <<x;x>>_10.3250:      0.39294983     -0.07005416j   Residual Norm: 0.01109511                              
               <<x;x>>_10.3275:      0.36322732     -0.08111590j   Residual Norm: 0.01146103                              
               <<x;x>>_10.3300:      0.34053567     -0.10393733j   Residual Norm: 0.01152835                              
               <<x;x>>_10.3325:      0.33234135     -0.12834711j   Residual Norm: 0.01162514                              
               <<x;x>>_10.3350:      0.32010443     -0.14957322j   Residual Norm: 0.01238529                              
               <<x;x>>_10.3375:      0.31104177     -0.19915481j   Residual Norm: 0.01371835                              
               <<x;x>>_10.3400:      0.35940455     -0.26655482j   Residual Norm: 0.01572874                              
               <<x;x>>_10.3425:      0.46483547     -0.26093693j   Residual Norm: 0.01713699                              
               <<x;x>>_10.3450:      0.50995594     -0.17908021j   Residual Norm: 0.01721092                              
               <<x;x>>_10.3475:      0.49332677     -0.11719473j   Residual Norm: 0.01674053                              
               <<x;x>>_10.3500:      0.46320194     -0.08679197j   Residual Norm: 0.01628184                              
               <<x;x>>_10.3525:      0.43609702     -0.07637972j   Residual Norm: 0.01613950                              
               <<x;x>>_10.3550:      0.42066028     -0.07701899j   Residual Norm: 0.01619833                              
               <<x;x>>_10.3575:      0.41719955     -0.07080923j   Residual Norm: 0.01570953                              
               <<x;x>>_10.3600:      0.40622024     -0.05595978j   Residual Norm: 0.01452453                              
               <<x;x>>_10.3625:      0.38777372     -0.04589775j   Residual Norm: 0.01337670                              
               <<x;x>>_10.3650:      0.36796165     -0.04141614j   Residual Norm: 0.01295828                              
               <<x;x>>_10.3675:      0.34813188     -0.04084491j   Residual Norm: 0.01387589                              
               <<x;x>>_10.3700:      0.32811399     -0.04387070j   Residual Norm: 0.01664096                              
               <<x;x>>_10.3725:      0.30814504     -0.05164222j   Residual Norm: 0.02138875                              
               <<x;x>>_10.3750:      0.29133905     -0.06555182j   Residual Norm: 0.02730086                              
               <<x;x>>_10.3775:      0.28178236     -0.07948650j   Residual Norm: 0.03204922                              
               <<x;x>>_10.3800:      0.26715159     -0.08942786j   Residual Norm: 0.03644938                              
               <<x;x>>_10.3825:      0.24424069     -0.11442312j   Residual Norm: 0.04656438                              
               <<x;x>>_10.3850:      0.23478979     -0.16855405j   Residual Norm: 0.05842880                              
               <<x;x>>_10.3875:      0.28235805     -0.23549031j   Residual Norm: 0.05856843                              
               <<x;x>>_10.3900:      0.38048788     -0.22834249j   Residual Norm: 0.05563645                              
               <<x;x>>_10.3925:      0.41886553     -0.15549445j   Residual Norm: 0.06407954                              
               <<x;x>>_10.3950:      0.40396409     -0.10097386j   Residual Norm: 0.08291084                              
               <<x;x>>_10.3975:      0.37680663     -0.07243375j   Residual Norm: 0.10980883                              
               <<x;x>>_10.4000:      0.34983866     -0.05869852j   Residual Norm: 0.14554257                              
               <<y;y>>_10.1000:      0.31418235     -0.00510386j   Residual Norm: 0.00057169                              
               <<y;y>>_10.1025:      0.31132898     -0.00541282j   Residual Norm: 0.00057049                              
               <<y;y>>_10.1050:      0.30830009     -0.00577600j   Residual Norm: 0.00057288                              
               <<y;y>>_10.1075:      0.30506513     -0.00620902j   Residual Norm: 0.00057847                              
               <<y;y>>_10.1100:      0.30158512     -0.00673381j   Residual Norm: 0.00058681                              
               <<y;y>>_10.1125:      0.29780958     -0.00738209j   Residual Norm: 0.00059746                              
               <<y;y>>_10.1150:      0.29367233     -0.00820129j   Residual Norm: 0.00060994                              
               <<y;y>>_10.1175:      0.28908662     -0.00926523j   Residual Norm: 0.00062422                              
               <<y;y>>_10.1200:      0.28394348     -0.01069224j   Residual Norm: 0.00064317                              
               <<y;y>>_10.1225:      0.27812365     -0.01265695j   Residual Norm: 0.00068132                              
               <<y;y>>_10.1250:      0.27144035     -0.01535161j   Residual Norm: 0.00075431                              
               <<y;y>>_10.1275:      0.26342814     -0.01923408j   Residual Norm: 0.00081903                              
               <<y;y>>_10.1300:      0.25363845     -0.02544534j   Residual Norm: 0.00085838                              
               <<y;y>>_10.1325:      0.24183171     -0.03609511j   Residual Norm: 0.00088938                              
               <<y;y>>_10.1350:      0.22890651     -0.05560008j   Residual Norm: 0.00091811                              
               <<y;y>>_10.1375:      0.22215039     -0.09212939j   Residual Norm: 0.00094422                              
               <<y;y>>_10.1400:      0.24980642     -0.14491661j   Residual Norm: 0.00096566                              
               <<y;y>>_10.1425:      0.32592775     -0.15421223j   Residual Norm: 0.00097983                              
               <<y;y>>_10.1450:      0.36664820     -0.10391760j   Residual Norm: 0.00098320                              
               <<y;y>>_10.1475:      0.36386561     -0.06276626j   Residual Norm: 0.00097445                              
               <<y;y>>_10.1500:      0.35076354     -0.04053269j   Residual Norm: 0.00096002                              
               <<y;y>>_10.1525:      0.33787406     -0.02867138j   Residual Norm: 0.00094168                              
               <<y;y>>_10.1550:      0.32678017     -0.02195469j   Residual Norm: 0.00091898                              
               <<y;y>>_10.1575:      0.31727754     -0.01792028j   Residual Norm: 0.00089303                              
               <<y;y>>_10.1600:      0.30894957     -0.01538858j   Residual Norm: 0.00086527                              
               <<y;y>>_10.1625:      0.30144614     -0.01375889j   Residual Norm: 0.00083691                              
               <<y;y>>_10.1650:      0.29450627     -0.01270575j   Residual Norm: 0.00080879                              
               <<y;y>>_10.1675:      0.28793798     -0.01204333j   Residual Norm: 0.00078147                              
               <<y;y>>_10.1700:      0.28159715     -0.01166114j   Residual Norm: 0.00075525                              
               <<y;y>>_10.1725:      0.27537165     -0.01149187j   Residual Norm: 0.00073025                              
               <<y;y>>_10.1750:      0.26917027     -0.01149436j   Residual Norm: 0.00070651                              
               <<y;y>>_10.1775:      0.26291490     -0.01164436j   Residual Norm: 0.00068400                              
               <<y;y>>_10.1800:      0.25653485     -0.01192932j   Residual Norm: 0.00066265                              
               <<y;y>>_10.1825:      0.24996252     -0.01234562j   Residual Norm: 0.00064239                              
               <<y;y>>_10.1850:      0.24312967     -0.01289730j   Residual Norm: 0.00062317                              
               <<y;y>>_10.1875:      0.23596402     -0.01359576j   Residual Norm: 0.00060495                              
               <<y;y>>_10.1900:      0.22838559     -0.01446055j   Residual Norm: 0.00058773                              
               <<y;y>>_10.1925:      0.22030265     -0.01552118j   Residual Norm: 0.00057154                              
               <<y;y>>_10.1950:      0.21160651     -0.01682031j   Residual Norm: 0.00055648                              
               <<y;y>>_10.1975:      0.20216479     -0.01841914j   Residual Norm: 0.00054269                              
               <<y;y>>_10.2000:      0.19181222     -0.02040648j   Residual Norm: 0.00053040                              
               <<y;y>>_10.2025:      0.18033771     -0.02291421j   Residual Norm: 0.00051991                              
               <<y;y>>_10.2050:      0.16746677     -0.02614497j   Residual Norm: 0.00051158                              
               <<y;y>>_10.2075:      0.15283992     -0.03042419j   Residual Norm: 0.00050567                              
               <<y;y>>_10.2100:      0.13600178     -0.03629855j   Residual Norm: 0.00050142                              
               <<y;y>>_10.2125:      0.11646371     -0.04467828j   Residual Norm: 0.00049392                              
               <<y;y>>_10.2150:      0.09374854     -0.05678986j   Residual Norm: 0.00047226                              
               <<y;y>>_10.2175:      0.06643236     -0.07482398j   Residual Norm: 0.00045150                              
               <<y;y>>_10.2200:      0.03353634     -0.10547335j   Residual Norm: 0.00045714                              
               <<y;y>>_10.2225:      0.00079252     -0.16191450j   Residual Norm: 0.00047841                              
               <<y;y>>_10.2250:     -0.00072210     -0.25984122j   Residual Norm: 0.00050736                              
               <<y;y>>_10.2275:      0.09754065     -0.34870910j   Residual Norm: 0.00054181                              
               <<y;y>>_10.2300:      0.21367136     -0.29998047j   Residual Norm: 0.00057946                              
               <<y;y>>_10.2325:      0.21753276     -0.21325133j   Residual Norm: 0.00061700                              
               <<y;y>>_10.2350:      0.16749821     -0.17250433j   Residual Norm: 0.00065274                              
               <<y;y>>_10.2375:      0.10297822     -0.17158663j   Residual Norm: 0.00068894                              
               <<y;y>>_10.2400:      0.03068605     -0.20599364j   Residual Norm: 0.00073010                              
               <<y;y>>_10.2425:     -0.04663401     -0.28927895j   Residual Norm: 0.00077992                              
               <<y;y>>_10.2450:     -0.10268726     -0.45876118j   Residual Norm: 0.00084002                              
               <<y;y>>_10.2475:     -0.01577637     -0.73701542j   Residual Norm: 0.00090912                              
               <<y;y>>_10.2500:      0.36084587     -0.87886790j   Residual Norm: 0.00098088                              
               <<y;y>>_10.2525:      0.65309913     -0.65486405j   Residual Norm: 0.00105268                              
               <<y;y>>_10.2550:      0.67691883     -0.42248622j   Residual Norm: 0.00112631                              
               <<y;y>>_10.2575:      0.62928522     -0.30984038j   Residual Norm: 0.00118696                              
               <<y;y>>_10.2600:      0.60707196     -0.24724702j   Residual Norm: 0.00127389                              
               <<y;y>>_10.2625:      0.58191731     -0.17914836j   Residual Norm: 0.00144569                              
               <<y;y>>_10.2650:      0.53716600     -0.12974828j   Residual Norm: 0.00166776                              
               <<y;y>>_10.2675:      0.49065779     -0.10318191j   Residual Norm: 0.00190426                              
               <<y;y>>_10.2700:      0.44808621     -0.09231714j   Residual Norm: 0.00213212                              
               <<y;y>>_10.2725:      0.41023676     -0.09487804j   Residual Norm: 0.00231173                              
               <<y;y>>_10.2750:      0.38247476     -0.11257469j   Residual Norm: 0.00238989                              
               <<y;y>>_10.2775:      0.37997475     -0.13502263j   Residual Norm: 0.00241154                              
               <<y;y>>_10.2800:      0.38617214     -0.13242632j   Residual Norm: 0.00266511                              
               <<y;y>>_10.2825:      0.37018546     -0.13079421j   Residual Norm: 0.00323382                              
               <<y;y>>_10.2850:      0.36066855     -0.15793663j   Residual Norm: 0.00374887                              
               <<y;y>>_10.2875:      0.39902504     -0.18331884j   Residual Norm: 0.00394858                              
               <<y;y>>_10.2900:      0.44166777     -0.14742754j   Residual Norm: 0.00382563                              
               <<y;y>>_10.2925:      0.43593234     -0.10010097j   Residual Norm: 0.00349704                              
               <<y;y>>_10.2950:      0.41116991     -0.07349312j   Residual Norm: 0.00310714                              
               <<y;y>>_10.2975:      0.38439954     -0.06193984j   Residual Norm: 0.00282713                              
               <<y;y>>_10.3000:      0.35918912     -0.06041049j   Residual Norm: 0.00288272                              
               <<y;y>>_10.3025:      0.33796639     -0.06769060j   Residual Norm: 0.00345156                              
               <<y;y>>_10.3050:      0.32540249     -0.08022032j   Residual Norm: 0.00457496                              
               <<y;y>>_10.3075:      0.32100440     -0.09059065j   Residual Norm: 0.00585680                              
               <<y;y>>_10.3100:      0.31576606     -0.09446115j   Residual Norm: 0.00624848                              
               <<y;y>>_10.3125:      0.30364530     -0.10785263j   Residual Norm: 0.00614933                              
               <<y;y>>_10.3150:      0.31220825     -0.13805847j   Residual Norm: 0.00689512                              
               <<y;y>>_10.3175:      0.35398155     -0.13905452j   Residual Norm: 0.00846097                              
               <<y;y>>_10.3200:      0.36830184     -0.10146309j   Residual Norm: 0.01014488                              
               <<y;y>>_10.3225:      0.35206275     -0.07402360j   Residual Norm: 0.01154859                              
               <<y;y>>_10.3250:      0.32860917     -0.06330127j   Residual Norm: 0.01252021                              
               <<y;y>>_10.3275:      0.30627287     -0.06528058j   Residual Norm: 0.01293778                              
               <<y;y>>_10.3300:      0.29245226     -0.07782596j   Residual Norm: 0.01273353                              
               <<y;y>>_10.3325:      0.29483073     -0.08633193j   Residual Norm: 0.01250066                              
               <<y;y>>_10.3350:      0.29227743     -0.07873275j   Residual Norm: 0.01357286                              
               <<y;y>>_10.3375:      0.27693276     -0.07674256j   Residual Norm: 0.01589445                              
               <<y;y>>_10.3400:      0.26547545     -0.08506370j   Residual Norm: 0.01810474                              
               <<y;y>>_10.3425:      0.26224083     -0.08795394j   Residual Norm: 0.01796344                              
               <<y;y>>_10.3450:      0.24786060     -0.08334121j   Residual Norm: 0.01509233                              
               <<y;y>>_10.3475:      0.22045858     -0.09007316j   Residual Norm: 0.01236594                              
               <<y;y>>_10.3500:      0.18971283     -0.11776352j   Residual Norm: 0.01150376                              
               <<y;y>>_10.3525:      0.17215307     -0.17779494j   Residual Norm: 0.01235736                              
               <<y;y>>_10.3550:      0.21805189     -0.26116061j   Residual Norm: 0.01430806                              
               <<y;y>>_10.3575:      0.33360993     -0.26153303j   Residual Norm: 0.01706204                              
               <<y;y>>_10.3600:      0.37944033     -0.17835312j   Residual Norm: 0.02064220                              
               <<y;y>>_10.3625:      0.36106393     -0.11774684j   Residual Norm: 0.02520246                              
               <<y;y>>_10.3650:      0.32825926     -0.08807023j   Residual Norm: 0.03088614                              
               <<y;y>>_10.3675:      0.29482424     -0.07667038j   Residual Norm: 0.03771496                              
               <<y;y>>_10.3700:      0.26249508     -0.07792000j   Residual Norm: 0.04544486                              
               <<y;y>>_10.3725:      0.23272214     -0.09247482j   Residual Norm: 0.05335388                              
               <<y;y>>_10.3750:      0.21514189     -0.12224129j   Residual Norm: 0.06046900                              
               <<y;y>>_10.3775:      0.22249682     -0.14716794j   Residual Norm: 0.06884185                              
               <<y;y>>_10.3800:      0.22117965     -0.15105691j   Residual Norm: 0.08783461                              
               <<y;y>>_10.3825:      0.20321955     -0.17708150j   Residual Norm: 0.11935667                              
               <<y;y>>_10.3850:      0.21761617     -0.23473868j   Residual Norm: 0.14850973                              
               <<y;y>>_10.3875:      0.29020159     -0.26709806j   Residual Norm: 0.15595747                              
               <<y;y>>_10.3900:      0.36729250     -0.22488520j   Residual Norm: 0.15733714                              
               <<y;y>>_10.3925:      0.38046031     -0.15038674j   Residual Norm: 0.17941522                              
               <<y;y>>_10.3950:      0.35475482     -0.10214985j   Residual Norm: 0.21589969                              
               <<y;y>>_10.3975:      0.32236110     -0.07795768j   Residual Norm: 0.26010737                              
               <<y;y>>_10.4000:      0.29111806     -0.06764996j   Residual Norm: 0.31121655                              
               <<z;z>>_10.1000:      0.30162379     -0.00840153j   Residual Norm: 0.00070729                              
               <<z;z>>_10.1025:      0.29689450     -0.00915518j   Residual Norm: 0.00071281                              
               <<z;z>>_10.1050:      0.29173594     -0.01005807j   Residual Norm: 0.00071973                              
               <<z;z>>_10.1075:      0.28606404     -0.01115458j   Residual Norm: 0.00072772                              
               <<z;z>>_10.1100:      0.27977076     -0.01250719j   Residual Norm: 0.00073636                              
               <<z;z>>_10.1125:      0.27271531     -0.01420637j   Residual Norm: 0.00074514                              
               <<z;z>>_10.1150:      0.26471216     -0.01638763j   Residual Norm: 0.00075351                              
               <<z;z>>_10.1175:      0.25551695     -0.01926213j   Residual Norm: 0.00076145                              
               <<z;z>>_10.1200:      0.24482161     -0.02316849j   Residual Norm: 0.00077253                              
               <<z;z>>_10.1225:      0.23228777     -0.02860727j   Residual Norm: 0.00080391                              
               <<z;z>>_10.1250:      0.21738366     -0.03613276j   Residual Norm: 0.00087234                              
               <<z;z>>_10.1275:      0.19878369     -0.04706097j   Residual Norm: 0.00092620                              
               <<z;z>>_10.1300:      0.17520807     -0.06466360j   Residual Norm: 0.00094776                              
               <<z;z>>_10.1325:      0.14597449     -0.09499757j   Residual Norm: 0.00095869                              
               <<z;z>>_10.1350:      0.11367139     -0.15074672j   Residual Norm: 0.00096754                              
               <<z;z>>_10.1375:      0.09923760     -0.25537165j   Residual Norm: 0.00097575                              
               <<z;z>>_10.1400:      0.18379714     -0.40666967j   Residual Norm: 0.00098303                              
               <<z;z>>_10.1425:      0.40772182     -0.43303892j   Residual Norm: 0.00098834                              
               <<z;z>>_10.1450:      0.53016113     -0.28824201j   Residual Norm: 0.00098924                              
               <<z;z>>_10.1475:      0.52785925     -0.16967781j   Residual Norm: 0.00098497                              
               <<z;z>>_10.1500:      0.49613258     -0.10541564j   Residual Norm: 0.00098136                              
               <<z;z>>_10.1525:      0.46524546     -0.07091082j   Residual Norm: 0.00097841                              
               <<z;z>>_10.1550:      0.43976296     -0.05114614j   Residual Norm: 0.00097392                              
               <<z;z>>_10.1575:      0.41911862     -0.03904553j   Residual Norm: 0.00096746                              
               <<z;z>>_10.1600:      0.40213857     -0.03121644j   Residual Norm: 0.00095918                              
               <<z;z>>_10.1625:      0.38784259     -0.02592814j   Residual Norm: 0.00094941                              
               <<z;z>>_10.1650:      0.37550957     -0.02223960j   Residual Norm: 0.00093847                              
               <<z;z>>_10.1675:      0.36462020     -0.01960969j   Residual Norm: 0.00092669                              
               <<z;z>>_10.1700:      0.35479689     -0.01771256j   Residual Norm: 0.00091433                              
               <<z;z>>_10.1725:      0.34575890     -0.01634480j   Residual Norm: 0.00090164                              
               <<z;z>>_10.1750:      0.33729129     -0.01537645j   Residual Norm: 0.00088880                              
               <<z;z>>_10.1775:      0.32922358     -0.01472399j   Residual Norm: 0.00087593                              
               <<z;z>>_10.1800:      0.32141467     -0.01433518j   Residual Norm: 0.00086311                              
               <<z;z>>_10.1825:      0.31374174     -0.01418066j   Residual Norm: 0.00085034                              
               <<z;z>>_10.1850:      0.30609137     -0.01424996j   Residual Norm: 0.00083759                              
               <<z;z>>_10.1875:      0.29835161     -0.01455086j   Residual Norm: 0.00082473                              
               <<z;z>>_10.1900:      0.29040398     -0.01511224j   Residual Norm: 0.00081158                              
               <<z;z>>_10.1925:      0.28211411     -0.01599159j   Residual Norm: 0.00079783                              
               <<z;z>>_10.1950:      0.27331988     -0.01729060j   Residual Norm: 0.00078306                              
               <<z;z>>_10.1975:      0.26381556     -0.01918606j   Residual Norm: 0.00076665                              
               <<z;z>>_10.2000:      0.25333202     -0.02199298j   Residual Norm: 0.00074771                              
               <<z;z>>_10.2025:      0.24152165     -0.02630021j   Residual Norm: 0.00072500                              
               <<z;z>>_10.2050:      0.22799945     -0.03327762j   Residual Norm: 0.00069682                              
               <<z;z>>_10.2075:      0.21270011     -0.04538572j   Residual Norm: 0.00066107                              
               <<z;z>>_10.2100:      0.19780080     -0.06773649j   Residual Norm: 0.00061564                              
               <<z;z>>_10.2125:      0.19570473     -0.10688944j   Residual Norm: 0.00055969                              
               <<z;z>>_10.2150:      0.23497765     -0.14320811j   Residual Norm: 0.00049647                              
               <<z;z>>_10.2175:      0.28439473     -0.12257587j   Residual Norm: 0.00043673                              
               <<z;z>>_10.2200:      0.28863029     -0.08399761j   Residual Norm: 0.00039828                              
               <<z;z>>_10.2225:      0.27193198     -0.06343895j   Residual Norm: 0.00039404                              
               <<z;z>>_10.2250:      0.25369565     -0.05773354j   Residual Norm: 0.00041489                              
               <<z;z>>_10.2275:      0.24161258     -0.05805157j   Residual Norm: 0.00043146                              
               <<z;z>>_10.2300:      0.23077357     -0.05394369j   Residual Norm: 0.00043291                              
               <<z;z>>_10.2325:      0.21268782     -0.05035320j   Residual Norm: 0.00044197                              
               <<z;z>>_10.2350:      0.18999523     -0.05226607j   Residual Norm: 0.00046489                              
               <<z;z>>_10.2375:      0.16408476     -0.06011917j   Residual Norm: 0.00049556                              
               <<z;z>>_10.2400:      0.13430848     -0.07569531j   Residual Norm: 0.00053053                              
               <<z;z>>_10.2425:      0.10023700     -0.10431518j   Residual Norm: 0.00056828                              
               <<z;z>>_10.2450:      0.06640185     -0.15762450j   Residual Norm: 0.00060464                              
               <<z;z>>_10.2475:      0.05940710     -0.25003492j   Residual Norm: 0.00062268                              
               <<z;z>>_10.2500:      0.13582263     -0.34345959j   Residual Norm: 0.00058963                              
               <<z;z>>_10.2525:      0.24281160     -0.33461519j   Residual Norm: 0.00054231                              
               <<z;z>>_10.2550:      0.26591249     -0.29578943j   Residual Norm: 0.00056434                              
               <<z;z>>_10.2575:      0.28182687     -0.32081074j   Residual Norm: 0.00067345                              
               <<z;z>>_10.2600:      0.37701957     -0.32566270j   Residual Norm: 0.00082247                              
               <<z;z>>_10.2625:      0.43925408     -0.23334560j   Residual Norm: 0.00096623                              
               <<z;z>>_10.2650:      0.42299879     -0.15030491j   Residual Norm: 0.00109543                              
               <<z;z>>_10.2675:      0.38535551     -0.10468973j   Residual Norm: 0.00121328                              
               <<z;z>>_10.2700:      0.34782010     -0.08134527j   Residual Norm: 0.00132525                              
               <<z;z>>_10.2725:      0.31331892     -0.07010080j   Residual Norm: 0.00143937                              
               <<z;z>>_10.2750:      0.28089183     -0.06660259j   Residual Norm: 0.00156927                              
               <<z;z>>_10.2775:      0.24914773     -0.06973819j   Residual Norm: 0.00173610                              
               <<z;z>>_10.2800:      0.21704260     -0.08100143j   Residual Norm: 0.00197567                              
               <<z;z>>_10.2825:      0.18641922     -0.10584899j   Residual Norm: 0.00234698                              
               <<z;z>>_10.2850:      0.17189535     -0.15070929j   Residual Norm: 0.00289130                              
               <<z;z>>_10.2875:      0.20259150     -0.18869707j   Residual Norm: 0.00357223                              
               <<z;z>>_10.2900:      0.23360291     -0.16672603j   Residual Norm: 0.00424282                              
               <<z;z>>_10.2925:      0.21306405     -0.13592855j   Residual Norm: 0.00474693                              
               <<z;z>>_10.2950:      0.16803839     -0.13086061j   Residual Norm: 0.00506356                              
               <<z;z>>_10.2975:      0.11372454     -0.15214674j   Residual Norm: 0.00527511                              
               <<z;z>>_10.3000:      0.05452462     -0.20705765j   Residual Norm: 0.00546934                              
               <<z;z>>_10.3025:      0.00634486     -0.31745970j   Residual Norm: 0.00573196                              
               <<z;z>>_10.3050:      0.03160020     -0.50189811j   Residual Norm: 0.00618391                              
               <<z;z>>_10.3075:      0.24880393     -0.66853066j   Residual Norm: 0.00678063                              
               <<z;z>>_10.3100:      0.52858026     -0.56636967j   Residual Norm: 0.00737904                              
               <<z;z>>_10.3125:      0.59348780     -0.36231762j   Residual Norm: 0.00788891                              
               <<z;z>>_10.3150:      0.55770711     -0.24137119j   Residual Norm: 0.00793332                              
               <<z;z>>_10.3175:      0.51578647     -0.17435173j   Residual Norm: 0.00739173                              
               <<z;z>>_10.3200:      0.47185211     -0.12900218j   Residual Norm: 0.00740609                              
               <<z;z>>_10.3225:      0.42648238     -0.10348107j   Residual Norm: 0.00812069                              
               <<z;z>>_10.3250:      0.38423552     -0.09368005j   Residual Norm: 0.00899151                              
               <<z;z>>_10.3275:      0.34698833     -0.09765578j   Residual Norm: 0.00970983                              
               <<z;z>>_10.3300:      0.32217358     -0.11502179j   Residual Norm: 0.01015770                              
               <<z;z>>_10.3325:      0.31924506     -0.12798610j   Residual Norm: 0.01075760                              
               <<z;z>>_10.3350:      0.31057627     -0.12214752j   Residual Norm: 0.01225674                              
               <<z;z>>_10.3375:      0.28819470     -0.12770045j   Residual Norm: 0.01436870                              
               <<z;z>>_10.3400:      0.27975050     -0.14795227j   Residual Norm: 0.01646822                              
               <<z;z>>_10.3425:      0.28870490     -0.15071784j   Residual Norm: 0.01691540                              
               <<z;z>>_10.3450:      0.27439635     -0.13512686j   Residual Norm: 0.01533555                              
               <<z;z>>_10.3475:      0.23523719     -0.13866895j   Residual Norm: 0.01398615                              
               <<z;z>>_10.3500:      0.19035414     -0.17638565j   Residual Norm: 0.01402190                              
               <<z;z>>_10.3525:      0.16601753     -0.26414366j   Residual Norm: 0.01502681                              
               <<z;z>>_10.3550:      0.23833136     -0.38756284j   Residual Norm: 0.01634214                              
               <<z;z>>_10.3575:      0.41673724     -0.38576937j   Residual Norm: 0.01758488                              
               <<z;z>>_10.3600:      0.49106499     -0.25755328j   Residual Norm: 0.01858054                              
               <<z;z>>_10.3625:      0.46984962     -0.16258738j   Residual Norm: 0.01925234                              
               <<z;z>>_10.3650:      0.42849653     -0.11277905j   Residual Norm: 0.01956439                              
               <<z;z>>_10.3675:      0.38816347     -0.08772157j   Residual Norm: 0.01950949                              
               <<z;z>>_10.3700:      0.35137863     -0.07621748j   Residual Norm: 0.01918069                              
               <<z;z>>_10.3725:      0.31738954     -0.07394483j   Residual Norm: 0.01913225                              
               <<z;z>>_10.3750:      0.28648189     -0.07972922j   Residual Norm: 0.02115798                              
               <<z;z>>_10.3775:      0.25952486     -0.09034144j   Residual Norm: 0.02599813                              
               <<z;z>>_10.3800:      0.22920164     -0.10558046j   Residual Norm: 0.02893253                              
               <<z;z>>_10.3825:      0.19461804     -0.14060412j   Residual Norm: 0.02882930                              
               <<z;z>>_10.3850:      0.17702794     -0.21328501j   Residual Norm: 0.02834419                              
               <<z;z>>_10.3875:      0.23836204     -0.30868854j   Residual Norm: 0.02761712                              
               <<z;z>>_10.3900:      0.37437136     -0.29932660j   Residual Norm: 0.02614152                              
               <<z;z>>_10.3925:      0.42479336     -0.19961432j   Residual Norm: 0.02649073                              
               <<z;z>>_10.3950:      0.40498529     -0.12758632j   Residual Norm: 0.03112398                              
               <<z;z>>_10.3975:      0.37088751     -0.08957705j   Residual Norm: 0.04248396                              
               <<z;z>>_10.4000:      0.33796910     -0.07002381j   Residual Norm: 0.06326563                              
                                                                                                                          
* Info * Processing 27 Fock builds...                                                                                     
                                                                                                                          
* Info * 162 gerade trial vectors in reduced space                                                                        
* Info * 163 ungerade trial vectors in reduced space                                                                      
                                                                                                                          
* Info * 69.58 MB of memory used for subspace procedure on the master node                                                
* Info * 112.30 GB of memory available for the solver on the master node                                                  
                                                                                                                          
               *** Iteration:   6 * Residuals (Max,Min): 4.20e-02 and 6.76e-05                                            
                                                                                                                          
               Operator:  electric dipole (xyz)                                                                           
                                                                                                                          
               <<x;x>>_10.1000:      0.19774467     -0.01919894j   Residual Norm: 0.00141136                              
               <<x;x>>_10.1025:      0.18687768     -0.02135126j   Residual Norm: 0.00133201                              
               <<x;x>>_10.1050:      0.17478367     -0.02394456j   Residual Norm: 0.00128716                              
               <<x;x>>_10.1075:      0.16121426     -0.02711082j   Residual Norm: 0.00126819                              
               <<x;x>>_10.1100:      0.14584974     -0.03103598j   Residual Norm: 0.00126995                              
               <<x;x>>_10.1125:      0.12827300     -0.03598938j   Residual Norm: 0.00128974                              
               <<x;x>>_10.1150:      0.10793379     -0.04237467j   Residual Norm: 0.00132652                              
               <<x;x>>_10.1175:      0.08410676     -0.05082094j   Residual Norm: 0.00137950                              
               <<x;x>>_10.1200:      0.05587735     -0.06233742j   Residual Norm: 0.00144211                              
               <<x;x>>_10.1225:      0.02224229     -0.07841548j   Residual Norm: 0.00148143                              
               <<x;x>>_10.1250:     -0.01837783     -0.10070268j   Residual Norm: 0.00145290                              
               <<x;x>>_10.1275:     -0.06993482     -0.13311762j   Residual Norm: 0.00146428                              
               <<x;x>>_10.1300:     -0.13623996     -0.18541400j   Residual Norm: 0.00158530                              
               <<x;x>>_10.1325:     -0.21931931     -0.27564163j   Residual Norm: 0.00177556                              
               <<x;x>>_10.1350:     -0.31145356     -0.44159606j   Residual Norm: 0.00202827                              
               <<x;x>>_10.1375:     -0.35024031     -0.75318698j   Residual Norm: 0.00236674                              
               <<x;x>>_10.1400:     -0.09392837     -1.20384808j   Residual Norm: 0.00283501                              
               <<x;x>>_10.1425:      0.57779192     -1.28221286j   Residual Norm: 0.00348859                              
               <<x;x>>_10.1450:      0.94720476     -0.85049850j   Residual Norm: 0.00431659                              
               <<x;x>>_10.1475:      0.94501913     -0.49694482j   Residual Norm: 0.00518579                              
               <<x;x>>_10.1500:      0.85528823     -0.30519424j   Residual Norm: 0.00596732                              
               <<x;x>>_10.1525:      0.76820817     -0.20209698j   Residual Norm: 0.00564923                              
               <<x;x>>_10.1550:      0.69739152     -0.14289926j   Residual Norm: 0.00446445                              
               <<x;x>>_10.1575:      0.64116286     -0.10651220j   Residual Norm: 0.00343856                              
               <<x;x>>_10.1600:      0.59603943     -0.08282244j   Residual Norm: 0.00273053                              
               <<x;x>>_10.1625:      0.55911804     -0.06666768j   Residual Norm: 0.00224498                              
               <<x;x>>_10.1650:      0.52827050     -0.05523752j   Residual Norm: 0.00189976                              
               <<x;x>>_10.1675:      0.50197363     -0.04691171j   Residual Norm: 0.00164445                              
               <<x;x>>_10.1700:      0.47913094     -0.04070935j   Residual Norm: 0.00144889                              
               <<x;x>>_10.1725:      0.45894015     -0.03601176j   Residual Norm: 0.00129450                              
               <<x;x>>_10.1750:      0.44080222     -0.03241529j   Residual Norm: 0.00116942                              
               <<x;x>>_10.1775:      0.42425976     -0.02964952j   Residual Norm: 0.00106575                              
               <<x;x>>_10.1800:      0.40895501     -0.02752979j   Residual Norm: 0.00097810                              
               <<x;x>>_10.1825:      0.39460066     -0.02592897j   Residual Norm: 0.00090264                              
               <<x;x>>_10.1850:      0.38095903     -0.02476032j   Residual Norm: 0.00083659                              
               <<x;x>>_10.1875:      0.36782651     -0.02396722j   Residual Norm: 0.00077790                              
               <<x;x>>_10.1900:      0.35502146     -0.02351757j   Residual Norm: 0.00072499                              
               <<x;x>>_10.1925:      0.34237382     -0.02340208j   Residual Norm: 0.00067664                              
               <<x;x>>_10.1950:      0.32971539     -0.02363654j   Residual Norm: 0.00063187                              
               <<x;x>>_10.1975:      0.31686965     -0.02426997j   Residual Norm: 0.00058980                              
               <<x;x>>_10.2000:      0.30364061     -0.02540361j   Residual Norm: 0.00054961                              
               <<x;x>>_10.2025:      0.28980269     -0.02723264j   Residual Norm: 0.00051037                              
               <<x;x>>_10.2050:      0.27510579     -0.03014040j   Residual Norm: 0.00047082                              
               <<x;x>>_10.2075:      0.25937047     -0.03491407j   Residual Norm: 0.00042907                              
               <<x;x>>_10.2100:      0.24303542     -0.04315829j   Residual Norm: 0.00038230                              
               <<x;x>>_10.2125:      0.22946351     -0.05698127j   Residual Norm: 0.00032884                              
               <<x;x>>_10.2150:      0.22665435     -0.07103679j   Residual Norm: 0.00027886                              
               <<x;x>>_10.2175:      0.22518670     -0.07028628j   Residual Norm: 0.00025897                              
               <<x;x>>_10.2200:      0.20877803     -0.06747148j   Residual Norm: 0.00026516                              
               <<x;x>>_10.2225:      0.18545420     -0.07589926j   Residual Norm: 0.00027001                              
               <<x;x>>_10.2250:      0.16731229     -0.09821137j   Residual Norm: 0.00026214                              
               <<x;x>>_10.2275:      0.17116946     -0.12106147j   Residual Norm: 0.00023592                              
               <<x;x>>_10.2300:      0.17735888     -0.11375505j   Residual Norm: 0.00019152                              
               <<x;x>>_10.2325:      0.15453705     -0.09985629j   Residual Norm: 0.00014299                              
               <<x;x>>_10.2350:      0.11539247     -0.09982012j   Residual Norm: 0.00010422                              
               <<x;x>>_10.2375:      0.06781628     -0.11367022j   Residual Norm: 0.00007907                              
               <<x;x>>_10.2400:      0.01154873     -0.14313820j   Residual Norm: 0.00006755                              
               <<x;x>>_10.2425:     -0.05509674     -0.19692489j   Residual Norm: 0.00006843                              
               <<x;x>>_10.2450:     -0.12790152     -0.29584705j   Residual Norm: 0.00007751                              
               <<x;x>>_10.2475:     -0.17008213     -0.47524578j   Residual Norm: 0.00008928                              
               <<x;x>>_10.2500:     -0.06225723     -0.70814685j   Residual Norm: 0.00009910                              
               <<x;x>>_10.2525:      0.17087690     -0.76254691j   Residual Norm: 0.00010720                              
               <<x;x>>_10.2550:      0.24686397     -0.72931285j   Residual Norm: 0.00012335                              
               <<x;x>>_10.2575:      0.33039076     -0.84893279j   Residual Norm: 0.00015470                              
               <<x;x>>_10.2600:      0.65287113     -0.88574604j   Residual Norm: 0.00019070                              
               <<x;x>>_10.2625:      0.87541576     -0.62123706j   Residual Norm: 0.00022413                              
               <<x;x>>_10.2650:      0.86280522     -0.37775146j   Residual Norm: 0.00025472                              
               <<x;x>>_10.2675:      0.78651508     -0.24134816j   Residual Norm: 0.00028351                              
               <<x;x>>_10.2700:      0.71201433     -0.16755267j   Residual Norm: 0.00031121                              
               <<x;x>>_10.2725:      0.64959608     -0.12577342j   Residual Norm: 0.00033782                              
               <<x;x>>_10.2750:      0.59853000     -0.10156893j   Residual Norm: 0.00036127                              
               <<x;x>>_10.2775:      0.55753164     -0.08698806j   Residual Norm: 0.00037628                              
               <<x;x>>_10.2800:      0.52285983     -0.07577478j   Residual Norm: 0.00038728                              
               <<x;x>>_10.2825:      0.48989460     -0.06816167j   Residual Norm: 0.00040543                              
               <<x;x>>_10.2850:      0.45911696     -0.06544113j   Residual Norm: 0.00042785                              
               <<x;x>>_10.2875:      0.43173728     -0.06573924j   Residual Norm: 0.00045164                              
               <<x;x>>_10.2900:      0.40453981     -0.06627012j   Residual Norm: 0.00047529                              
               <<x;x>>_10.2925:      0.37373325     -0.07041816j   Residual Norm: 0.00049761                              
               <<x;x>>_10.2950:      0.33949595     -0.08207947j   Residual Norm: 0.00051892                              
               <<x;x>>_10.2975:      0.30201129     -0.10609657j   Residual Norm: 0.00053960                              
               <<x;x>>_10.3000:      0.26507146     -0.15283172j   Residual Norm: 0.00056207                              
               <<x;x>>_10.3025:      0.25062878     -0.23580508j   Residual Norm: 0.00060176                              
               <<x;x>>_10.3050:      0.30434800     -0.33268745j   Residual Norm: 0.00070002                              
               <<x;x>>_10.3075:      0.43004891     -0.37492576j   Residual Norm: 0.00083508                              
               <<x;x>>_10.3100:      0.54920094     -0.29862444j   Residual Norm: 0.00092574                              
               <<x;x>>_10.3125:      0.56399931     -0.19026392j   Residual Norm: 0.00098399                              
               <<x;x>>_10.3150:      0.53130625     -0.12512632j   Residual Norm: 0.00104043                              
               <<x;x>>_10.3175:      0.49289945     -0.09165026j   Residual Norm: 0.00110098                              
               <<x;x>>_10.3200:      0.45721817     -0.07501651j   Residual Norm: 0.00113930                              
               <<x;x>>_10.3225:      0.42428609     -0.06847863j   Residual Norm: 0.00115881                              
               <<x;x>>_10.3250:      0.39293737     -0.07005960j   Residual Norm: 0.00118234                              
               <<x;x>>_10.3275:      0.36321345     -0.08112584j   Residual Norm: 0.00125894                              
               <<x;x>>_10.3300:      0.34052186     -0.10395391j   Residual Norm: 0.00147906                              
               <<x;x>>_10.3325:      0.33232875     -0.12837045j   Residual Norm: 0.00182898                              
               <<x;x>>_10.3350:      0.32009077     -0.14961033j   Residual Norm: 0.00203883                              
               <<x;x>>_10.3375:      0.31104179     -0.19922675j   Residual Norm: 0.00202408                              
               <<x;x>>_10.3400:      0.35949698     -0.26665037j   Residual Norm: 0.00198062                              
               <<x;x>>_10.3425:      0.46498302     -0.26088579j   Residual Norm: 0.00190529                              
               <<x;x>>_10.3450:      0.50998630     -0.17897783j   Residual Norm: 0.00175908                              
               <<x;x>>_10.3475:      0.49330837     -0.11713475j   Residual Norm: 0.00166327                              
               <<x;x>>_10.3500:      0.46317847     -0.08676248j   Residual Norm: 0.00173344                              
               <<x;x>>_10.3525:      0.43607927     -0.07636715j   Residual Norm: 0.00200089                              
               <<x;x>>_10.3550:      0.42065356     -0.07701245j   Residual Norm: 0.00229523                              
               <<x;x>>_10.3575:      0.41719604     -0.07079684j   Residual Norm: 0.00231042                              
               <<x;x>>_10.3600:      0.40621218     -0.05594868j   Residual Norm: 0.00204651                              
               <<x;x>>_10.3625:      0.38776542     -0.04589102j   Residual Norm: 0.00177136                              
               <<x;x>>_10.3650:      0.36795487     -0.04141274j   Residual Norm: 0.00170204                              
               <<x;x>>_10.3675:      0.34812702     -0.04084486j   Residual Norm: 0.00196892                              
               <<x;x>>_10.3700:      0.32811224     -0.04387613j   Residual Norm: 0.00260649                              
               <<x;x>>_10.3725:      0.30815290     -0.05165769j   Residual Norm: 0.00358887                              
               <<x;x>>_10.3750:      0.29137795     -0.06557273j   Residual Norm: 0.00476553                              
               <<x;x>>_10.3775:      0.28185153     -0.07947146j   Residual Norm: 0.00565189                              
               <<x;x>>_10.3800:      0.26721909     -0.08939814j   Residual Norm: 0.00616777                              
               <<x;x>>_10.3825:      0.24439154     -0.11437409j   Residual Norm: 0.00749070                              
               <<x;x>>_10.3850:      0.23499252     -0.16823221j   Residual Norm: 0.00930196                              
               <<x;x>>_10.3875:      0.28217532     -0.23506277j   Residual Norm: 0.00924702                              
               <<x;x>>_10.3900:      0.38018383     -0.22807919j   Residual Norm: 0.00832154                              
               <<x;x>>_10.3925:      0.41845249     -0.15531801j   Residual Norm: 0.00856586                              
               <<x;x>>_10.3950:      0.40347498     -0.10093965j   Residual Norm: 0.01038551                              
               <<x;x>>_10.3975:      0.37627204     -0.07253843j   Residual Norm: 0.01367945                              
               <<x;x>>_10.4000:      0.34924631     -0.05896777j   Residual Norm: 0.01840942                              
               <<y;y>>_10.1000:      0.31418234     -0.00510386j   Residual Norm: 0.00117721                              
               <<y;y>>_10.1025:      0.31132898     -0.00541282j   Residual Norm: 0.00101837                              
               <<y;y>>_10.1050:      0.30830009     -0.00577600j   Residual Norm: 0.00089032                              
               <<y;y>>_10.1075:      0.30506513     -0.00620902j   Residual Norm: 0.00078735                              
               <<y;y>>_10.1100:      0.30158512     -0.00673381j   Residual Norm: 0.00070769                              
               <<y;y>>_10.1125:      0.29780957     -0.00738209j   Residual Norm: 0.00065329                              
               <<y;y>>_10.1150:      0.29367232     -0.00820129j   Residual Norm: 0.00062978                              
               <<y;y>>_10.1175:      0.28908661     -0.00926523j   Residual Norm: 0.00064499                              
               <<y;y>>_10.1200:      0.28394347     -0.01069225j   Residual Norm: 0.00070267                              
               <<y;y>>_10.1225:      0.27812364     -0.01265695j   Residual Norm: 0.00078093                              
               <<y;y>>_10.1250:      0.27144033     -0.01535161j   Residual Norm: 0.00082006                              
               <<y;y>>_10.1275:      0.26342813     -0.01923409j   Residual Norm: 0.00087919                              
               <<y;y>>_10.1300:      0.25363843     -0.02544535j   Residual Norm: 0.00105335                              
               <<y;y>>_10.1325:      0.24183169     -0.03609514j   Residual Norm: 0.00132324                              
               <<y;y>>_10.1350:      0.22890649     -0.05560014j   Residual Norm: 0.00167969                              
               <<y;y>>_10.1375:      0.22215042     -0.09212950j   Residual Norm: 0.00214177                              
               <<y;y>>_10.1400:      0.24980658     -0.14491670j   Residual Norm: 0.00274954                              
               <<y;y>>_10.1425:      0.32592792     -0.15421211j   Residual Norm: 0.00355309                              
               <<y;y>>_10.1450:      0.36664821     -0.10391746j   Residual Norm: 0.00452794                              
               <<y;y>>_10.1475:      0.36386557     -0.06276619j   Residual Norm: 0.00550587                              
               <<y;y>>_10.1500:      0.35076351     -0.04053266j   Residual Norm: 0.00628857                              
               <<y;y>>_10.1525:      0.33787404     -0.02867137j   Residual Norm: 0.00579608                              
               <<y;y>>_10.1550:      0.32678015     -0.02195468j   Residual Norm: 0.00439241                              
               <<y;y>>_10.1575:      0.31727753     -0.01792028j   Residual Norm: 0.00320540                              
               <<y;y>>_10.1600:      0.30894955     -0.01538858j   Residual Norm: 0.00238847                              
               <<y;y>>_10.1625:      0.30144613     -0.01375889j   Residual Norm: 0.00182841                              
               <<y;y>>_10.1650:      0.29450626     -0.01270575j   Residual Norm: 0.00143164                              
               <<y;y>>_10.1675:      0.28793797     -0.01204333j   Residual Norm: 0.00114087                              
               <<y;y>>_10.1700:      0.28159714     -0.01166114j   Residual Norm: 0.00092159                              
               <<y;y>>_10.1725:      0.27537164     -0.01149187j   Residual Norm: 0.00075231                              
               <<y;y>>_10.1750:      0.26917027     -0.01149436j   Residual Norm: 0.00061914                              
               <<y;y>>_10.1775:      0.26291489     -0.01164436j   Residual Norm: 0.00051275                              
               <<y;y>>_10.1800:      0.25653484     -0.01192932j   Residual Norm: 0.00042671                              
               <<y;y>>_10.1825:      0.24996251     -0.01234562j   Residual Norm: 0.00035648                              
               <<y;y>>_10.1850:      0.24312967     -0.01289730j   Residual Norm: 0.00029881                              
               <<y;y>>_10.1875:      0.23596401     -0.01359576j   Residual Norm: 0.00025139                              
               <<y;y>>_10.1900:      0.22838559     -0.01446055j   Residual Norm: 0.00021258                              
               <<y;y>>_10.1925:      0.22030265     -0.01552118j   Residual Norm: 0.00018132                              
               <<y;y>>_10.1950:      0.21160650     -0.01682031j   Residual Norm: 0.00015695                              
               <<y;y>>_10.1975:      0.20216479     -0.01841914j   Residual Norm: 0.00013918                              
               <<y;y>>_10.2000:      0.19181221     -0.02040648j   Residual Norm: 0.00012780                              
               <<y;y>>_10.2025:      0.18033771     -0.02291421j   Residual Norm: 0.00012251                              
               <<y;y>>_10.2050:      0.16746677     -0.02614497j   Residual Norm: 0.00012267                              
               <<y;y>>_10.2075:      0.15283992     -0.03042419j   Residual Norm: 0.00012734                              
               <<y;y>>_10.2100:      0.13600177     -0.03629855j   Residual Norm: 0.00013556                              
               <<y;y>>_10.2125:      0.11646370     -0.04467829j   Residual Norm: 0.00014732                              
               <<y;y>>_10.2150:      0.09374854     -0.05678987j   Residual Norm: 0.00016547                              
               <<y;y>>_10.2175:      0.06643235     -0.07482398j   Residual Norm: 0.00018972                              
               <<y;y>>_10.2200:      0.03353633     -0.10547336j   Residual Norm: 0.00021313                              
               <<y;y>>_10.2225:      0.00079252     -0.16191452j   Residual Norm: 0.00023501                              
               <<y;y>>_10.2250:     -0.00072207     -0.25984125j   Residual Norm: 0.00025511                              
               <<y;y>>_10.2275:      0.09754072     -0.34870908j   Residual Norm: 0.00027040                              
               <<y;y>>_10.2300:      0.21367137     -0.29998040j   Residual Norm: 0.00027560                              
               <<y;y>>_10.2325:      0.21753271     -0.21325128j   Residual Norm: 0.00026558                              
               <<y;y>>_10.2350:      0.16749815     -0.17250432j   Residual Norm: 0.00023992                              
               <<y;y>>_10.2375:      0.10297816     -0.17158665j   Residual Norm: 0.00020440                              
               <<y;y>>_10.2400:      0.03068600     -0.20599370j   Residual Norm: 0.00016704                              
               <<y;y>>_10.2425:     -0.04663405     -0.28927908j   Residual Norm: 0.00013377                              
               <<y;y>>_10.2450:     -0.10268719     -0.45876144j   Residual Norm: 0.00010761                              
               <<y;y>>_10.2475:     -0.01577590     -0.73701567j   Residual Norm: 0.00008971                              
               <<y;y>>_10.2500:      0.36084651     -0.87886747j   Residual Norm: 0.00008034                              
               <<y;y>>_10.2525:      0.65309912     -0.65486337j   Residual Norm: 0.00007993                              
               <<y;y>>_10.2550:      0.67691854     -0.42248582j   Residual Norm: 0.00008880                              
               <<y;y>>_10.2575:      0.62928492     -0.30984016j   Residual Norm: 0.00011024                              
               <<y;y>>_10.2600:      0.60707167     -0.24724682j   Residual Norm: 0.00013885                              
               <<y;y>>_10.2625:      0.58191692     -0.17914822j   Residual Norm: 0.00015900                              
               <<y;y>>_10.2650:      0.53716556     -0.12974824j   Residual Norm: 0.00017027                              
               <<y;y>>_10.2675:      0.49065733     -0.10318197j   Residual Norm: 0.00017766                              
               <<y;y>>_10.2700:      0.44808571     -0.09231730j   Residual Norm: 0.00018373                              
               <<y;y>>_10.2725:      0.41023621     -0.09487835j   Residual Norm: 0.00019087                              
               <<y;y>>_10.2750:      0.38247420     -0.11257523j   Residual Norm: 0.00020400                              
               <<y;y>>_10.2775:      0.37997431     -0.13502344j   Residual Norm: 0.00022933                              
               <<y;y>>_10.2800:      0.38617181     -0.13242739j   Residual Norm: 0.00026342                              
               <<y;y>>_10.2825:      0.37018538     -0.13079587j   Residual Norm: 0.00029169                              
               <<y;y>>_10.2850:      0.36066986     -0.15793898j   Residual Norm: 0.00030487                              
               <<y;y>>_10.2875:      0.39902840     -0.18331932j   Residual Norm: 0.00030402                              
               <<y;y>>_10.2900:      0.44166952     -0.14742578j   Residual Norm: 0.00029684                              
               <<y;y>>_10.2925:      0.43593265     -0.10009968j   Residual Norm: 0.00029503                              
               <<y;y>>_10.2950:      0.41116994     -0.07349246j   Residual Norm: 0.00031277                              
               <<y;y>>_10.2975:      0.38439960     -0.06193955j   Residual Norm: 0.00036313                              
               <<y;y>>_10.3000:      0.35918931     -0.06041049j   Residual Norm: 0.00045172                              
               <<y;y>>_10.3025:      0.33796689     -0.06769097j   Residual Norm: 0.00057523                              
               <<y;y>>_10.3050:      0.32540400     -0.08022107j   Residual Norm: 0.00073283                              
               <<y;y>>_10.3075:      0.32100763     -0.09059020j   Residual Norm: 0.00088071                              
               <<y;y>>_10.3100:      0.31576877     -0.09445860j   Residual Norm: 0.00093342                              
               <<y;y>>_10.3125:      0.30364777     -0.10784967j   Residual Norm: 0.00101762                              
               <<y;y>>_10.3150:      0.31221182     -0.13805282j   Residual Norm: 0.00123493                              
               <<y;y>>_10.3175:      0.35398051     -0.13904384j   Residual Norm: 0.00148663                              
               <<y;y>>_10.3200:      0.36829398     -0.10145501j   Residual Norm: 0.00167799                              
               <<y;y>>_10.3225:      0.35205295     -0.07402006j   Residual Norm: 0.00177694                              
               <<y;y>>_10.3250:      0.32859913     -0.06330102j   Residual Norm: 0.00179707                              
               <<y;y>>_10.3275:      0.30626296     -0.06528330j   Residual Norm: 0.00181684                              
               <<y;y>>_10.3300:      0.29244349     -0.07783165j   Residual Norm: 0.00204351                              
               <<y;y>>_10.3325:      0.29482284     -0.08633897j   Residual Norm: 0.00263468                              
               <<y;y>>_10.3350:      0.29226796     -0.07874466j   Residual Norm: 0.00333233                              
               <<y;y>>_10.3375:      0.27692857     -0.07676685j   Residual Norm: 0.00380035                              
               <<y;y>>_10.3400:      0.26550050     -0.08509317j   Residual Norm: 0.00389723                              
               <<y;y>>_10.3425:      0.26228022     -0.08793937j   Residual Norm: 0.00341825                              
               <<y;y>>_10.3450:      0.24786404     -0.08331243j   Residual Norm: 0.00248511                              
               <<y;y>>_10.3475:      0.22044698     -0.09005940j   Residual Norm: 0.00171794                              
               <<y;y>>_10.3500:      0.18970188     -0.11776333j   Residual Norm: 0.00146633                              
               <<y;y>>_10.3525:      0.17215672     -0.17780443j   Residual Norm: 0.00169221                              
               <<y;y>>_10.3550:      0.21808800     -0.26114502j   Residual Norm: 0.00221451                              
               <<y;y>>_10.3575:      0.33360581     -0.26145077j   Residual Norm: 0.00295374                              
               <<y;y>>_10.3600:      0.37935888     -0.17829281j   Residual Norm: 0.00389657                              
               <<y;y>>_10.3625:      0.36095383     -0.11773518j   Residual Norm: 0.00503509                              
               <<y;y>>_10.3650:      0.32813480     -0.08809991j   Residual Norm: 0.00634889                              
               <<y;y>>_10.3675:      0.29468200     -0.07674685j   Residual Norm: 0.00779672                              
               <<y;y>>_10.3700:      0.26233084     -0.07807002j   Residual Norm: 0.00929504                              
               <<y;y>>_10.3725:      0.23255403     -0.09275777j   Residual Norm: 0.01067917                              
               <<y;y>>_10.3750:      0.21507391     -0.12272345j   Residual Norm: 0.01174613                              
               <<y;y>>_10.3775:      0.22264748     -0.14778515j   Residual Norm: 0.01285611                              
               <<y;y>>_10.3800:      0.22160145     -0.15194524j   Residual Norm: 0.01570556                              
               <<y;y>>_10.3825:      0.20481557     -0.17828873j   Residual Norm: 0.02054139                              
               <<y;y>>_10.3850:      0.22106531     -0.23373503j   Residual Norm: 0.02446875                              
               <<y;y>>_10.3875:      0.29092138     -0.26333398j   Residual Norm: 0.02423354                              
               <<y;y>>_10.3900:      0.36573745     -0.22249685j   Residual Norm: 0.02312787                              
               <<y;y>>_10.3925:      0.37858878     -0.14925425j   Residual Norm: 0.02557314                              
               <<y;y>>_10.3950:      0.35291651     -0.10171322j   Residual Norm: 0.03015600                              
               <<y;y>>_10.3975:      0.32053767     -0.07799699j   Residual Norm: 0.03568676                              
               <<y;y>>_10.4000:      0.28923066     -0.06816630j   Residual Norm: 0.04202140                              
               <<z;z>>_10.1000:      0.30162379     -0.00840154j   Residual Norm: 0.00068231                              
               <<z;z>>_10.1025:      0.29689450     -0.00915518j   Residual Norm: 0.00070512                              
               <<z;z>>_10.1050:      0.29173593     -0.01005807j   Residual Norm: 0.00073497                              
               <<z;z>>_10.1075:      0.28606404     -0.01115458j   Residual Norm: 0.00077263                              
               <<z;z>>_10.1100:      0.27977075     -0.01250719j   Residual Norm: 0.00081931                              
               <<z;z>>_10.1125:      0.27271530     -0.01420637j   Residual Norm: 0.00087668                              
               <<z;z>>_10.1150:      0.26471215     -0.01638764j   Residual Norm: 0.00094691                              
               <<z;z>>_10.1175:      0.25551694     -0.01926213j   Residual Norm: 0.00103184                              
               <<z;z>>_10.1200:      0.24482160     -0.02316849j   Residual Norm: 0.00112784                              
               <<z;z>>_10.1225:      0.23228775     -0.02860727j   Residual Norm: 0.00120527                              
               <<z;z>>_10.1250:      0.21738363     -0.03613277j   Residual Norm: 0.00121510                              
               <<z;z>>_10.1275:      0.19878365     -0.04706100j   Residual Norm: 0.00125396                              
               <<z;z>>_10.1300:      0.17520801     -0.06466364j   Residual Norm: 0.00140133                              
               <<z;z>>_10.1325:      0.14597443     -0.09499766j   Residual Norm: 0.00162260                              
               <<z;z>>_10.1350:      0.11367134     -0.15074690j   Residual Norm: 0.00191068                              
               <<z;z>>_10.1375:      0.09923766     -0.25537197j   Residual Norm: 0.00228853                              
               <<z;z>>_10.1400:      0.18379759     -0.40666995j   Residual Norm: 0.00280029                              
               <<z;z>>_10.1425:      0.40772232     -0.43303861j   Residual Norm: 0.00350057                              
               <<z;z>>_10.1450:      0.53016116     -0.28824161j   Residual Norm: 0.00436871                              
               <<z;z>>_10.1475:      0.52785914     -0.16967761j   Residual Norm: 0.00524521                              
               <<z;z>>_10.1500:      0.49613247     -0.10541555j   Residual Norm: 0.00600114                              
               <<z;z>>_10.1525:      0.46524538     -0.07091078j   Residual Norm: 0.00563238                              
               <<z;z>>_10.1550:      0.43976290     -0.05114611j   Residual Norm: 0.00439094                              
               <<z;z>>_10.1575:      0.41911858     -0.03904552j   Residual Norm: 0.00331714                              
               <<z;z>>_10.1600:      0.40213853     -0.03121643j   Residual Norm: 0.00256907                              
               <<z;z>>_10.1625:      0.38784256     -0.02592813j   Residual Norm: 0.00204906                              
               <<z;z>>_10.1650:      0.37550954     -0.02223959j   Residual Norm: 0.00167366                              
               <<z;z>>_10.1675:      0.36462018     -0.01960969j   Residual Norm: 0.00139176                              
               <<z;z>>_10.1700:      0.35479687     -0.01771255j   Residual Norm: 0.00117276                              
               <<z;z>>_10.1725:      0.34575888     -0.01634479j   Residual Norm: 0.00099782                              
               <<z;z>>_10.1750:      0.33729128     -0.01537645j   Residual Norm: 0.00085480                              
               <<z;z>>_10.1775:      0.32922356     -0.01472399j   Residual Norm: 0.00073558                              
               <<z;z>>_10.1800:      0.32141466     -0.01433518j   Residual Norm: 0.00063456                              
               <<z;z>>_10.1825:      0.31374173     -0.01418066j   Residual Norm: 0.00054769                              
               <<z;z>>_10.1850:      0.30609136     -0.01424995j   Residual Norm: 0.00047203                              
               <<z;z>>_10.1875:      0.29835160     -0.01455086j   Residual Norm: 0.00040538                              
               <<z;z>>_10.1900:      0.29040396     -0.01511224j   Residual Norm: 0.00034608                              
               <<z;z>>_10.1925:      0.28211410     -0.01599159j   Residual Norm: 0.00029289                              
               <<z;z>>_10.1950:      0.27331987     -0.01729060j   Residual Norm: 0.00024499                              
               <<z;z>>_10.1975:      0.26381555     -0.01918606j   Residual Norm: 0.00020196                              
               <<z;z>>_10.2000:      0.25333201     -0.02199298j   Residual Norm: 0.00016396                              
               <<z;z>>_10.2025:      0.24152164     -0.02630021j   Residual Norm: 0.00013206                              
               <<z;z>>_10.2050:      0.22799943     -0.03327763j   Residual Norm: 0.00010859                              
               <<z;z>>_10.2075:      0.21270009     -0.04538573j   Residual Norm: 0.00009661                              
               <<z;z>>_10.2100:      0.19780078     -0.06773651j   Residual Norm: 0.00009661                              
               <<z;z>>_10.2125:      0.19570473     -0.10688946j   Residual Norm: 0.00010368                              
               <<z;z>>_10.2150:      0.23497767     -0.14320813j   Residual Norm: 0.00011070                              
               <<z;z>>_10.2175:      0.28439474     -0.12257586j   Residual Norm: 0.00011345                              
               <<z;z>>_10.2200:      0.28863029     -0.08399761j   Residual Norm: 0.00011509                              
               <<z;z>>_10.2225:      0.27193197     -0.06343895j   Residual Norm: 0.00012919                              
               <<z;z>>_10.2250:      0.25369564     -0.05773355j   Residual Norm: 0.00016570                              
               <<z;z>>_10.2275:      0.24161258     -0.05805157j   Residual Norm: 0.00020073                              
               <<z;z>>_10.2300:      0.23077356     -0.05394369j   Residual Norm: 0.00019474                              
               <<z;z>>_10.2325:      0.21268782     -0.05035321j   Residual Norm: 0.00015659                              
               <<z;z>>_10.2350:      0.18999522     -0.05226608j   Residual Norm: 0.00011564                              
               <<z;z>>_10.2375:      0.16408475     -0.06011918j   Residual Norm: 0.00008632                              
               <<z;z>>_10.2400:      0.13430846     -0.07569533j   Residual Norm: 0.00007524                              
               <<z;z>>_10.2425:      0.10023699     -0.10431520j   Residual Norm: 0.00008138                              
               <<z;z>>_10.2450:      0.06640185     -0.15762455j   Residual Norm: 0.00009553                              
               <<z;z>>_10.2475:      0.05940716     -0.25003498j   Residual Norm: 0.00010910                              
               <<z;z>>_10.2500:      0.13582274     -0.34345957j   Residual Norm: 0.00011689                              
               <<z;z>>_10.2525:      0.24281163     -0.33461514j   Residual Norm: 0.00012068                              
               <<z;z>>_10.2550:      0.26591252     -0.29578942j   Residual Norm: 0.00013138                              
               <<z;z>>_10.2575:      0.28182702     -0.32081072j   Residual Norm: 0.00015849                              
               <<z;z>>_10.2600:      0.37701972     -0.32566245j   Residual Norm: 0.00018987                              
               <<z;z>>_10.2625:      0.43925398     -0.23334531j   Residual Norm: 0.00021421                              
               <<z;z>>_10.2650:      0.42299858     -0.15030474j   Residual Norm: 0.00023079                              
               <<z;z>>_10.2675:      0.38535530     -0.10468965j   Residual Norm: 0.00024188                              
               <<z;z>>_10.2700:      0.34781989     -0.08134524j   Residual Norm: 0.00024985                              
               <<z;z>>_10.2725:      0.31331871     -0.07010082j   Residual Norm: 0.00025685                              
               <<z;z>>_10.2750:      0.28089161     -0.06660265j   Residual Norm: 0.00026540                              
               <<z;z>>_10.2775:      0.24914751     -0.06973833j   Residual Norm: 0.00028026                              
               <<z;z>>_10.2800:      0.21704243     -0.08100171j   Residual Norm: 0.00030301                              
               <<z;z>>_10.2825:      0.18641929     -0.10584953j   Residual Norm: 0.00032541                              
               <<z;z>>_10.2850:      0.17189642     -0.15070981j   Residual Norm: 0.00034306                              
               <<z;z>>_10.2875:      0.20259322     -0.18869531j   Residual Norm: 0.00035434                              
               <<z;z>>_10.2900:      0.23360162     -0.16672299j   Residual Norm: 0.00036496                              
               <<z;z>>_10.2925:      0.21306075     -0.13592726j   Residual Norm: 0.00038996                              
               <<z;z>>_10.2950:      0.16803446     -0.13086120j   Residual Norm: 0.00043788                              
               <<z;z>>_10.2975:      0.11372025     -0.15214940j   Residual Norm: 0.00050392                              
               <<z;z>>_10.3000:      0.05452034     -0.20706367j   Residual Norm: 0.00058121                              
               <<z;z>>_10.3025:      0.00634330     -0.31747201j   Residual Norm: 0.00066928                              
               <<z;z>>_10.3050:      0.03161293     -0.50191703j   Residual Norm: 0.00077771                              
               <<z;z>>_10.3075:      0.24884036     -0.66852744j   Residual Norm: 0.00090206                              
               <<z;z>>_10.3100:      0.52859127     -0.56633441j   Residual Norm: 0.00102366                              
               <<z;z>>_10.3125:      0.59347230     -0.36229512j   Residual Norm: 0.00112166                              
               <<z;z>>_10.3150:      0.55768930     -0.24136542j   Residual Norm: 0.00111777                              
               <<z;z>>_10.3175:      0.51577424     -0.17435252j   Residual Norm: 0.00095754                              
               <<z;z>>_10.3200:      0.47184247     -0.12900384j   Residual Norm: 0.00084883                              
               <<z;z>>_10.3225:      0.42647289     -0.10348360j   Residual Norm: 0.00087123                              
               <<z;z>>_10.3250:      0.38422537     -0.09368442j   Residual Norm: 0.00094786                              
               <<z;z>>_10.3275:      0.34697758     -0.09766348j   Residual Norm: 0.00109677                              
               <<z;z>>_10.3300:      0.32216425     -0.11503406j   Residual Norm: 0.00143643                              
               <<z;z>>_10.3325:      0.31923818     -0.12800052j   Residual Norm: 0.00198160                              
               <<z;z>>_10.3350:      0.31056768     -0.12216727j   Residual Norm: 0.00247570                              
               <<z;z>>_10.3375:      0.28819072     -0.12773708j   Residual Norm: 0.00271603                              
               <<z;z>>_10.3400:      0.27978515     -0.14800287j   Residual Norm: 0.00272543                              
               <<z;z>>_10.3425:      0.28876794     -0.15071350j   Residual Norm: 0.00247620                              
               <<z;z>>_10.3450:      0.27441847     -0.13509974j   Residual Norm: 0.00211404                              
               <<z;z>>_10.3475:      0.23524143     -0.13865834j   Residual Norm: 0.00201824                              
               <<z;z>>_10.3500:      0.19036080     -0.17639373j   Residual Norm: 0.00218877                              
               <<z;z>>_10.3525:      0.16605031     -0.26416996j   Residual Norm: 0.00243801                              
               <<z;z>>_10.3550:      0.23842852     -0.38755763j   Residual Norm: 0.00266874                              
               <<z;z>>_10.3575:      0.41680215     -0.38565554j   Residual Norm: 0.00285329                              
               <<z;z>>_10.3600:      0.49103522     -0.25744835j   Residual Norm: 0.00298804                              
               <<z;z>>_10.3625:      0.46979453     -0.16252807j   Residual Norm: 0.00307603                              
               <<z;z>>_10.3650:      0.42844295     -0.11274630j   Residual Norm: 0.00312226                              
               <<z;z>>_10.3675:      0.38811529     -0.08770187j   Residual Norm: 0.00313606                              
               <<z;z>>_10.3700:      0.35133504     -0.07620350j   Residual Norm: 0.00315024                              
               <<z;z>>_10.3725:      0.31734903     -0.07393076j   Residual Norm: 0.00329588                              
               <<z;z>>_10.3750:      0.28643941     -0.07970471j   Residual Norm: 0.00391977                              
               <<z;z>>_10.3775:      0.25944854     -0.09030038j   Residual Norm: 0.00507157                              
               <<z;z>>_10.3800:      0.22906847     -0.10557539j   Residual Norm: 0.00582175                              
               <<z;z>>_10.3825:      0.19446314     -0.14067890j   Residual Norm: 0.00597908                              
               <<z;z>>_10.3850:      0.17691588     -0.21347771j   Residual Norm: 0.00597840                              
               <<z;z>>_10.3875:      0.23846621     -0.30891382j   Residual Norm: 0.00587908                              
               <<z;z>>_10.3900:      0.37452672     -0.29929391j   Residual Norm: 0.00561284                              
               <<z;z>>_10.3925:      0.42476167     -0.19952681j   Residual Norm: 0.00542228                              
               <<z;z>>_10.3950:      0.40486316     -0.12757537j   Residual Norm: 0.00556170                              
               <<z;z>>_10.3975:      0.37072581     -0.08964332j   Residual Norm: 0.00641333                              
               <<z;z>>_10.4000:      0.33777094     -0.07018134j   Residual Norm: 0.00860345                              
                                                                                                                          
* Info * Processing 26 Fock builds...                                                                                     
                                                                                                                          
* Info * 188 gerade trial vectors in reduced space                                                                        
* Info * 189 ungerade trial vectors in reduced space                                                                      
                                                                                                                          
* Info * 72.38 MB of memory used for subspace procedure on the master node                                                
* Info * 112.29 GB of memory available for the solver on the master node                                                  
                                                                                                                          
               *** Iteration:   7 * Residuals (Max,Min): 1.50e-02 and 1.65e-05                                            
                                                                                                                          
               Operator:  electric dipole (xyz)                                                                           
                                                                                                                          
               <<x;x>>_10.1000:      0.19774467     -0.01919894j   Residual Norm: 0.00005528                              
               <<x;x>>_10.1025:      0.18687768     -0.02135126j   Residual Norm: 0.00005182                              
               <<x;x>>_10.1050:      0.17478367     -0.02394456j   Residual Norm: 0.00004860                              
               <<x;x>>_10.1075:      0.16121426     -0.02711082j   Residual Norm: 0.00004561                              
               <<x;x>>_10.1100:      0.14584974     -0.03103597j   Residual Norm: 0.00004285                              
               <<x;x>>_10.1125:      0.12827300     -0.03598938j   Residual Norm: 0.00004029                              
               <<x;x>>_10.1150:      0.10793379     -0.04237467j   Residual Norm: 0.00003793                              
               <<x;x>>_10.1175:      0.08410676     -0.05082094j   Residual Norm: 0.00003581                              
               <<x;x>>_10.1200:      0.05587735     -0.06233741j   Residual Norm: 0.00003414                              
               <<x;x>>_10.1225:      0.02224229     -0.07841548j   Residual Norm: 0.00003374                              
               <<x;x>>_10.1250:     -0.01837783     -0.10070268j   Residual Norm: 0.00003492                              
               <<x;x>>_10.1275:     -0.06993481     -0.13311762j   Residual Norm: 0.00003503                              
               <<x;x>>_10.1300:     -0.13623995     -0.18541399j   Residual Norm: 0.00003376                              
               <<x;x>>_10.1325:     -0.21931930     -0.27564161j   Residual Norm: 0.00003220                              
               <<x;x>>_10.1350:     -0.31145356     -0.44159602j   Residual Norm: 0.00003065                              
               <<x;x>>_10.1375:     -0.35024035     -0.75318690j   Residual Norm: 0.00002917                              
               <<x;x>>_10.1400:     -0.09392854     -1.20384805j   Residual Norm: 0.00002811                              
               <<x;x>>_10.1425:      0.57779181     -1.28221306j   Residual Norm: 0.00002919                              
               <<x;x>>_10.1450:      0.94720487     -0.85049865j   Residual Norm: 0.00003606                              
               <<x;x>>_10.1475:      0.94501925     -0.49694483j   Residual Norm: 0.00004525                              
               <<x;x>>_10.1500:      0.85528829     -0.30519419j   Residual Norm: 0.00004776                              
               <<x;x>>_10.1525:      0.76820819     -0.20209693j   Residual Norm: 0.00004655                              
               <<x;x>>_10.1550:      0.69739151     -0.14289924j   Residual Norm: 0.00004497                              
               <<x;x>>_10.1575:      0.64116285     -0.10651219j   Residual Norm: 0.00004375                              
               <<x;x>>_10.1600:      0.59603943     -0.08282243j   Residual Norm: 0.00004292                              
               <<x;x>>_10.1625:      0.55911804     -0.06666767j   Residual Norm: 0.00004241                              
               <<x;x>>_10.1650:      0.52827050     -0.05523751j   Residual Norm: 0.00004217                              
               <<x;x>>_10.1675:      0.50197363     -0.04691171j   Residual Norm: 0.00004221                              
               <<x;x>>_10.1700:      0.47913094     -0.04070935j   Residual Norm: 0.00004253                              
               <<x;x>>_10.1725:      0.45894015     -0.03601176j   Residual Norm: 0.00004318                              
               <<x;x>>_10.1750:      0.44080222     -0.03241529j   Residual Norm: 0.00004426                              
               <<x;x>>_10.1775:      0.42425976     -0.02964952j   Residual Norm: 0.00004589                              
               <<x;x>>_10.1800:      0.40895501     -0.02752978j   Residual Norm: 0.00004829                              
               <<x;x>>_10.1825:      0.39460066     -0.02592897j   Residual Norm: 0.00005180                              
               <<x;x>>_10.1850:      0.38095903     -0.02476032j   Residual Norm: 0.00005694                              
               <<x;x>>_10.1875:      0.36782651     -0.02396722j   Residual Norm: 0.00006433                              
               <<x;x>>_10.1900:      0.35502146     -0.02351757j   Residual Norm: 0.00007363                              
               <<x;x>>_10.1925:      0.34237382     -0.02340208j   Residual Norm: 0.00007818                              
               <<x;x>>_10.1950:      0.32971539     -0.02363654j   Residual Norm: 0.00006467                              
               <<x;x>>_10.1975:      0.31686965     -0.02426997j   Residual Norm: 0.00004358                              
               <<x;x>>_10.2000:      0.30364061     -0.02540361j   Residual Norm: 0.00003125                              
               <<x;x>>_10.2025:      0.28980269     -0.02723264j   Residual Norm: 0.00002968                              
               <<x;x>>_10.2050:      0.27510579     -0.03014040j   Residual Norm: 0.00003594                              
               <<x;x>>_10.2075:      0.25937047     -0.03491407j   Residual Norm: 0.00004745                              
               <<x;x>>_10.2100:      0.24303542     -0.04315829j   Residual Norm: 0.00006374                              
               <<x;x>>_10.2125:      0.22946351     -0.05698127j   Residual Norm: 0.00008405                              
               <<x;x>>_10.2150:      0.22665435     -0.07103679j   Residual Norm: 0.00010287                              
               <<x;x>>_10.2175:      0.22518669     -0.07028628j   Residual Norm: 0.00010990                              
               <<x;x>>_10.2200:      0.20877803     -0.06747148j   Residual Norm: 0.00010359                              
               <<x;x>>_10.2225:      0.18545420     -0.07589926j   Residual Norm: 0.00009150                              
               <<x;x>>_10.2250:      0.16731229     -0.09821137j   Residual Norm: 0.00007754                              
               <<x;x>>_10.2275:      0.17116946     -0.12106147j   Residual Norm: 0.00006116                              
               <<x;x>>_10.2300:      0.17735888     -0.11375505j   Residual Norm: 0.00004292                              
               <<x;x>>_10.2325:      0.15453705     -0.09985629j   Residual Norm: 0.00002704                              
               <<x;x>>_10.2350:      0.11539247     -0.09982012j   Residual Norm: 0.00001652                              
               <<x;x>>_10.2525:      0.17087690     -0.76254691j   Residual Norm: 0.00001833                              
               <<x;x>>_10.2550:      0.24686397     -0.72931285j   Residual Norm: 0.00002087                              
               <<x;x>>_10.2575:      0.33039076     -0.84893279j   Residual Norm: 0.00002603                              
               <<x;x>>_10.2600:      0.65287113     -0.88574604j   Residual Norm: 0.00003271                              
               <<x;x>>_10.2625:      0.87541576     -0.62123706j   Residual Norm: 0.00003976                              
               <<x;x>>_10.2650:      0.86280522     -0.37775146j   Residual Norm: 0.00004695                              
               <<x;x>>_10.2675:      0.78651508     -0.24134816j   Residual Norm: 0.00005431                              
               <<x;x>>_10.2700:      0.71201433     -0.16755267j   Residual Norm: 0.00006183                              
               <<x;x>>_10.2725:      0.64959608     -0.12577342j   Residual Norm: 0.00006942                              
               <<x;x>>_10.2750:      0.59852999     -0.10156893j   Residual Norm: 0.00007712                              
               <<x;x>>_10.2775:      0.55753164     -0.08698806j   Residual Norm: 0.00008600                              
               <<x;x>>_10.2800:      0.52285983     -0.07577478j   Residual Norm: 0.00009673                              
               <<x;x>>_10.2825:      0.48989460     -0.06816167j   Residual Norm: 0.00010868                              
               <<x;x>>_10.2850:      0.45911696     -0.06544113j   Residual Norm: 0.00013039                              
               <<x;x>>_10.2875:      0.43173728     -0.06573924j   Residual Norm: 0.00017640                              
               <<x;x>>_10.2900:      0.40453981     -0.06627012j   Residual Norm: 0.00022523                              
               <<x;x>>_10.2925:      0.37373324     -0.07041817j   Residual Norm: 0.00025551                              
               <<x;x>>_10.2950:      0.33949594     -0.08207948j   Residual Norm: 0.00027618                              
               <<x;x>>_10.2975:      0.30201128     -0.10609658j   Residual Norm: 0.00029329                              
               <<x;x>>_10.3000:      0.26507145     -0.15283174j   Residual Norm: 0.00030892                              
               <<x;x>>_10.3025:      0.25062878     -0.23580512j   Residual Norm: 0.00033107                              
               <<x;x>>_10.3050:      0.30434804     -0.33268751j   Residual Norm: 0.00038339                              
               <<x;x>>_10.3075:      0.43004904     -0.37492576j   Residual Norm: 0.00045479                              
               <<x;x>>_10.3100:      0.54920101     -0.29862433j   Residual Norm: 0.00049848                              
               <<x;x>>_10.3125:      0.56399928     -0.19026383j   Residual Norm: 0.00052068                              
               <<x;x>>_10.3150:      0.53130621     -0.12512626j   Residual Norm: 0.00053826                              
               <<x;x>>_10.3175:      0.49289941     -0.09165023j   Residual Norm: 0.00055720                              
               <<x;x>>_10.3200:      0.45721813     -0.07501649j   Residual Norm: 0.00056847                              
               <<x;x>>_10.3225:      0.42428605     -0.06847862j   Residual Norm: 0.00056968                              
               <<x;x>>_10.3250:      0.39293734     -0.07005959j   Residual Norm: 0.00056090                              
               <<x;x>>_10.3275:      0.36321344     -0.08112584j   Residual Norm: 0.00053807                              
               <<x;x>>_10.3300:      0.34052188     -0.10395388j   Residual Norm: 0.00049898                              
               <<x;x>>_10.3325:      0.33232871     -0.12837032j   Residual Norm: 0.00046204                              
               <<x;x>>_10.3350:      0.32009056     -0.14961025j   Residual Norm: 0.00045378                              
               <<x;x>>_10.3375:      0.31104155     -0.19922684j   Residual Norm: 0.00045073                              
               <<x;x>>_10.3400:      0.35949687     -0.26665059j   Residual Norm: 0.00044145                              
               <<x;x>>_10.3425:      0.46498305     -0.26088597j   Residual Norm: 0.00042095                              
               <<x;x>>_10.3450:      0.50998635     -0.17897793j   Residual Norm: 0.00038177                              
               <<x;x>>_10.3475:      0.49330840     -0.11713483j   Residual Norm: 0.00035897                              
               <<x;x>>_10.3500:      0.46317848     -0.08676259j   Residual Norm: 0.00040047                              
               <<x;x>>_10.3525:      0.43607932     -0.07636732j   Residual Norm: 0.00051648                              
               <<x;x>>_10.3550:      0.42065376     -0.07701261j   Residual Norm: 0.00063943                              
               <<x;x>>_10.3575:      0.41719626     -0.07079680j   Residual Norm: 0.00066169                              
               <<x;x>>_10.3600:      0.40621227     -0.05594860j   Residual Norm: 0.00057853                              
               <<x;x>>_10.3625:      0.38776546     -0.04589099j   Residual Norm: 0.00048099                              
               <<x;x>>_10.3650:      0.36795490     -0.04141276j   Residual Norm: 0.00045786                              
               <<x;x>>_10.3675:      0.34812705     -0.04084495j   Residual Norm: 0.00056869                              
               <<x;x>>_10.3700:      0.32811231     -0.04387635j   Residual Norm: 0.00081418                              
               <<x;x>>_10.3725:      0.30815316     -0.05165818j   Residual Norm: 0.00117392                              
               <<x;x>>_10.3750:      0.29137895     -0.06557347j   Residual Norm: 0.00159077                              
               <<x;x>>_10.3775:      0.28185364     -0.07947154j   Residual Norm: 0.00188595                              
               <<x;x>>_10.3800:      0.26722210     -0.08939740j   Residual Norm: 0.00201597                              
               <<x;x>>_10.3825:      0.24439780     -0.11437052j   Residual Norm: 0.00239042                              
               <<x;x>>_10.3850:      0.23499567     -0.16821489j   Residual Norm: 0.00291866                              
               <<x;x>>_10.3875:      0.28215520     -0.23505024j   Residual Norm: 0.00288789                              
               <<x;x>>_10.3900:      0.38016630     -0.22808385j   Residual Norm: 0.00276504                              
               <<x;x>>_10.3925:      0.41843952     -0.15532522j   Residual Norm: 0.00325441                              
               <<x;x>>_10.3950:      0.40346115     -0.10094931j   Residual Norm: 0.00430380                              
               <<x;x>>_10.3975:      0.37625531     -0.07255414j   Residual Norm: 0.00578022                              
               <<x;x>>_10.4000:      0.34922602     -0.05899622j   Residual Norm: 0.00770754                              
               <<y;y>>_10.1000:      0.31418234     -0.00510386j   Residual Norm: 0.00005606                              
               <<y;y>>_10.1025:      0.31132898     -0.00541282j   Residual Norm: 0.00004981                              
               <<y;y>>_10.1050:      0.30830009     -0.00577600j   Residual Norm: 0.00004426                              
               <<y;y>>_10.1075:      0.30506513     -0.00620902j   Residual Norm: 0.00003955                              
               <<y;y>>_10.1100:      0.30158512     -0.00673381j   Residual Norm: 0.00003582                              
               <<y;y>>_10.1125:      0.29780957     -0.00738209j   Residual Norm: 0.00003320                              
               <<y;y>>_10.1150:      0.29367232     -0.00820129j   Residual Norm: 0.00003173                              
               <<y;y>>_10.1175:      0.28908661     -0.00926523j   Residual Norm: 0.00003131                              
               <<y;y>>_10.1200:      0.28394347     -0.01069225j   Residual Norm: 0.00003153                              
               <<y;y>>_10.1225:      0.27812364     -0.01265695j   Residual Norm: 0.00003105                              
               <<y;y>>_10.1250:      0.27144033     -0.01535161j   Residual Norm: 0.00002745                              
               <<y;y>>_10.1275:      0.26342813     -0.01923409j   Residual Norm: 0.00002286                              
               <<y;y>>_10.1300:      0.25363843     -0.02544535j   Residual Norm: 0.00002016                              
               <<y;y>>_10.1325:      0.24183169     -0.03609514j   Residual Norm: 0.00001840                              
               <<y;y>>_10.1350:      0.22890649     -0.05560014j   Residual Norm: 0.00001742                              
               <<y;y>>_10.1375:      0.22215041     -0.09212950j   Residual Norm: 0.00001845                              
               <<y;y>>_10.1400:      0.24980656     -0.14491670j   Residual Norm: 0.00002270                              
               <<y;y>>_10.1425:      0.32592791     -0.15421214j   Residual Norm: 0.00003103                              
               <<y;y>>_10.1450:      0.36664823     -0.10391747j   Residual Norm: 0.00004762                              
               <<y;y>>_10.1475:      0.36386559     -0.06276619j   Residual Norm: 0.00007438                              
               <<y;y>>_10.1500:      0.35076352     -0.04053266j   Residual Norm: 0.00009868                              
               <<y;y>>_10.1525:      0.33787404     -0.02867136j   Residual Norm: 0.00011813                              
               <<y;y>>_10.1550:      0.32678015     -0.02195468j   Residual Norm: 0.00013619                              
               <<y;y>>_10.1575:      0.31727752     -0.01792028j   Residual Norm: 0.00015426                              
               <<y;y>>_10.1600:      0.30894955     -0.01538858j   Residual Norm: 0.00017279                              
               <<y;y>>_10.1625:      0.30144613     -0.01375889j   Residual Norm: 0.00019211                              
               <<y;y>>_10.1650:      0.29450626     -0.01270575j   Residual Norm: 0.00021257                              
               <<y;y>>_10.1675:      0.28793797     -0.01204333j   Residual Norm: 0.00023468                              
               <<y;y>>_10.1700:      0.28159714     -0.01166114j   Residual Norm: 0.00025914                              
               <<y;y>>_10.1725:      0.27537164     -0.01149187j   Residual Norm: 0.00028694                              
               <<y;y>>_10.1750:      0.26917027     -0.01149436j   Residual Norm: 0.00031949                              
               <<y;y>>_10.1775:      0.26291489     -0.01164436j   Residual Norm: 0.00035890                              
               <<y;y>>_10.1800:      0.25653484     -0.01192932j   Residual Norm: 0.00040844                              
               <<y;y>>_10.1825:      0.24996251     -0.01234562j   Residual Norm: 0.00047340                              
               <<y;y>>_10.1850:      0.24312967     -0.01289730j   Residual Norm: 0.00056236                              
               <<y;y>>_10.1875:      0.23596401     -0.01359576j   Residual Norm: 0.00068797                              
               <<y;y>>_10.1900:      0.22838559     -0.01446055j   Residual Norm: 0.00085635                              
               <<y;y>>_10.1925:      0.22030265     -0.01552118j   Residual Norm: 0.00099569                              
               <<y;y>>_10.1950:      0.21160650     -0.01682031j   Residual Norm: 0.00090759                              
               <<y;y>>_10.1975:      0.20216479     -0.01841914j   Residual Norm: 0.00066357                              
               <<y;y>>_10.2000:      0.19181221     -0.02040648j   Residual Norm: 0.00046105                              
               <<y;y>>_10.2025:      0.18033771     -0.02291421j   Residual Norm: 0.00032445                              
               <<y;y>>_10.2050:      0.16746677     -0.02614497j   Residual Norm: 0.00023187                              
               <<y;y>>_10.2075:      0.15283991     -0.03042419j   Residual Norm: 0.00016693                              
               <<y;y>>_10.2100:      0.13600177     -0.03629855j   Residual Norm: 0.00012164                              
               <<y;y>>_10.2125:      0.11646370     -0.04467829j   Residual Norm: 0.00009483                              
               <<y;y>>_10.2150:      0.09374854     -0.05678987j   Residual Norm: 0.00008308                              
               <<y;y>>_10.2175:      0.06643235     -0.07482398j   Residual Norm: 0.00006909                              
               <<y;y>>_10.2200:      0.03353633     -0.10547336j   Residual Norm: 0.00005648                              
               <<y;y>>_10.2225:      0.00079252     -0.16191452j   Residual Norm: 0.00005740                              
               <<y;y>>_10.2250:     -0.00072207     -0.25984125j   Residual Norm: 0.00006854                              
               <<y;y>>_10.2275:      0.09754072     -0.34870908j   Residual Norm: 0.00008238                              
               <<y;y>>_10.2300:      0.21367137     -0.29998039j   Residual Norm: 0.00009377                              
               <<y;y>>_10.2325:      0.21753271     -0.21325128j   Residual Norm: 0.00009927                              
               <<y;y>>_10.2350:      0.16749815     -0.17250431j   Residual Norm: 0.00009760                              
               <<y;y>>_10.2375:      0.10297816     -0.17158665j   Residual Norm: 0.00009034                              
               <<y;y>>_10.2400:      0.03068599     -0.20599370j   Residual Norm: 0.00008058                              
               <<y;y>>_10.2425:     -0.04663405     -0.28927908j   Residual Norm: 0.00007096                              
               <<y;y>>_10.2450:     -0.10268719     -0.45876144j   Residual Norm: 0.00006297                              
               <<y;y>>_10.2575:      0.62928492     -0.30984016j   Residual Norm: 0.00005140                              
               <<y;y>>_10.2600:      0.60707167     -0.24724682j   Residual Norm: 0.00004714                              
               <<y;y>>_10.2625:      0.58191692     -0.17914822j   Residual Norm: 0.00004754                              
               <<y;y>>_10.2650:      0.53716556     -0.12974824j   Residual Norm: 0.00005513                              
               <<y;y>>_10.2675:      0.49065733     -0.10318197j   Residual Norm: 0.00006605                              
               <<y;y>>_10.2700:      0.44808570     -0.09231730j   Residual Norm: 0.00007747                              
               <<y;y>>_10.2725:      0.41023621     -0.09487835j   Residual Norm: 0.00008726                              
               <<y;y>>_10.2750:      0.38247420     -0.11257524j   Residual Norm: 0.00009489                              
               <<y;y>>_10.2775:      0.37997430     -0.13502345j   Residual Norm: 0.00010825                              
               <<y;y>>_10.2800:      0.38617181     -0.13242739j   Residual Norm: 0.00014026                              
               <<y;y>>_10.2825:      0.37018538     -0.13079588j   Residual Norm: 0.00018063                              
               <<y;y>>_10.2850:      0.36066987     -0.15793900j   Residual Norm: 0.00020726                              
               <<y;y>>_10.2875:      0.39902842     -0.18331932j   Residual Norm: 0.00021048                              
               <<y;y>>_10.2900:      0.44166953     -0.14742576j   Residual Norm: 0.00019341                              
               <<y;y>>_10.2925:      0.43593265     -0.10009967j   Residual Norm: 0.00016568                              
               <<y;y>>_10.2950:      0.41116994     -0.07349246j   Residual Norm: 0.00014095                              
               <<y;y>>_10.2975:      0.38439960     -0.06193955j   Residual Norm: 0.00013946                              
               <<y;y>>_10.3000:      0.35918931     -0.06041049j   Residual Norm: 0.00017638                              
               <<y;y>>_10.3025:      0.33796689     -0.06769098j   Residual Norm: 0.00024478                              
               <<y;y>>_10.3050:      0.32540401     -0.08022109j   Residual Norm: 0.00033504                              
               <<y;y>>_10.3075:      0.32100766     -0.09059021j   Residual Norm: 0.00041942                              
               <<y;y>>_10.3100:      0.31576881     -0.09445860j   Residual Norm: 0.00043157                              
               <<y;y>>_10.3125:      0.30364782     -0.10784966j   Residual Norm: 0.00041272                              
               <<y;y>>_10.3150:      0.31221191     -0.13805276j   Residual Norm: 0.00045824                              
               <<y;y>>_10.3175:      0.35398055     -0.13904367j   Residual Norm: 0.00055471                              
               <<y;y>>_10.3200:      0.36829389     -0.10145487j   Residual Norm: 0.00064954                              
               <<y;y>>_10.3225:      0.35205283     -0.07401998j   Residual Norm: 0.00071761                              
               <<y;y>>_10.3250:      0.32859901     -0.06330098j   Residual Norm: 0.00075159                              
               <<y;y>>_10.3275:      0.30626285     -0.06528328j   Residual Norm: 0.00074776                              
               <<y;y>>_10.3300:      0.29244339     -0.07783161j   Residual Norm: 0.00071272                              
               <<y;y>>_10.3325:      0.29482263     -0.08633887j   Residual Norm: 0.00070445                              
               <<y;y>>_10.3350:      0.29226755     -0.07874473j   Residual Norm: 0.00080054                              
               <<y;y>>_10.3375:      0.27692820     -0.07676728j   Residual Norm: 0.00095732                              
               <<y;y>>_10.3400:      0.26550060     -0.08509385j   Residual Norm: 0.00108289                              
               <<y;y>>_10.3425:      0.26228073     -0.08793955j   Residual Norm: 0.00106694                              
               <<y;y>>_10.3450:      0.24786423     -0.08331233j   Residual Norm: 0.00088430                              
               <<y;y>>_10.3475:      0.22044698     -0.09005941j   Residual Norm: 0.00068212                              
               <<y;y>>_10.3500:      0.18970188     -0.11776350j   Residual Norm: 0.00056185                              
               <<y;y>>_10.3525:      0.17215699     -0.17780477j   Residual Norm: 0.00054499                              
               <<y;y>>_10.3550:      0.21808892     -0.26114485j   Residual Norm: 0.00062060                              
               <<y;y>>_10.3575:      0.33360593     -0.26144926j   Residual Norm: 0.00077162                              
               <<y;y>>_10.3600:      0.37935743     -0.17829175j   Residual Norm: 0.00098859                              
               <<y;y>>_10.3625:      0.36095176     -0.11773517j   Residual Norm: 0.00126857                              
               <<y;y>>_10.3650:      0.32813236     -0.08810091j   Residual Norm: 0.00161023                              
               <<y;y>>_10.3675:      0.29467910     -0.07674914j   Residual Norm: 0.00200925                              
               <<y;y>>_10.3700:      0.26232740     -0.07807454j   Residual Norm: 0.00245038                              
               <<y;y>>_10.3725:      0.23255065     -0.09276657j   Residual Norm: 0.00289214                              
               <<y;y>>_10.3750:      0.21507404     -0.12273941j   Residual Norm: 0.00326221                              
               <<y;y>>_10.3775:      0.22265737     -0.14780803j   Residual Norm: 0.00359727                              
               <<y;y>>_10.3800:      0.22162899     -0.15197793j   Residual Norm: 0.00435740                              
               <<y;y>>_10.3825:      0.20490210     -0.17832242j   Residual Norm: 0.00578893                              
               <<y;y>>_10.3850:      0.22121833     -0.23363716j   Residual Norm: 0.00713837                              
               <<y;y>>_10.3875:      0.29090005     -0.26312388j   Residual Norm: 0.00739473                              
               <<y;y>>_10.3900:      0.36560698     -0.22238486j   Residual Norm: 0.00742495                              
               <<y;y>>_10.3925:      0.37844693     -0.14921432j   Residual Norm: 0.00850370                              
               <<y;y>>_10.3950:      0.35277171     -0.10171789j   Residual Norm: 0.01030245                              
               <<y;y>>_10.3975:      0.32038387     -0.07804360j   Residual Norm: 0.01249479                              
               <<y;y>>_10.4000:      0.28906092     -0.06827183j   Residual Norm: 0.01503425                              
               <<z;z>>_10.1000:      0.30162379     -0.00840154j   Residual Norm: 0.00004531                              
               <<z;z>>_10.1025:      0.29689450     -0.00915518j   Residual Norm: 0.00004102                              
               <<z;z>>_10.1050:      0.29173593     -0.01005807j   Residual Norm: 0.00003707                              
               <<z;z>>_10.1075:      0.28606404     -0.01115458j   Residual Norm: 0.00003348                              
               <<z;z>>_10.1100:      0.27977075     -0.01250719j   Residual Norm: 0.00003030                              
               <<z;z>>_10.1125:      0.27271530     -0.01420637j   Residual Norm: 0.00002755                              
               <<z;z>>_10.1150:      0.26471215     -0.01638764j   Residual Norm: 0.00002527                              
               <<z;z>>_10.1175:      0.25551694     -0.01926213j   Residual Norm: 0.00002348                              
               <<z;z>>_10.1200:      0.24482160     -0.02316849j   Residual Norm: 0.00002218                              
               <<z;z>>_10.1225:      0.23228775     -0.02860727j   Residual Norm: 0.00002157                              
               <<z;z>>_10.1250:      0.21738363     -0.03613277j   Residual Norm: 0.00002217                              
               <<z;z>>_10.1275:      0.19878365     -0.04706100j   Residual Norm: 0.00002337                              
               <<z;z>>_10.1300:      0.17520801     -0.06466364j   Residual Norm: 0.00002432                              
               <<z;z>>_10.1325:      0.14597443     -0.09499766j   Residual Norm: 0.00002512                              
               <<z;z>>_10.1350:      0.11367134     -0.15074688j   Residual Norm: 0.00002579                              
               <<z;z>>_10.1375:      0.09923764     -0.25537195j   Residual Norm: 0.00002632                              
               <<z;z>>_10.1400:      0.18379754     -0.40666995j   Residual Norm: 0.00002701                              
               <<z;z>>_10.1425:      0.40772229     -0.43303868j   Residual Norm: 0.00002961                              
               <<z;z>>_10.1450:      0.53016121     -0.28824166j   Residual Norm: 0.00003830                              
               <<z;z>>_10.1475:      0.52785918     -0.16967761j   Residual Norm: 0.00005009                              
               <<z;z>>_10.1500:      0.49613249     -0.10541553j   Residual Norm: 0.00005483                              
               <<z;z>>_10.1525:      0.46524539     -0.07091076j   Residual Norm: 0.00005507                              
               <<z;z>>_10.1550:      0.43976290     -0.05114610j   Residual Norm: 0.00005446                              
               <<z;z>>_10.1575:      0.41911857     -0.03904551j   Residual Norm: 0.00005388                              
               <<z;z>>_10.1600:      0.40213853     -0.03121642j   Residual Norm: 0.00005339                              
               <<z;z>>_10.1625:      0.38784256     -0.02592813j   Residual Norm: 0.00005295                              
               <<z;z>>_10.1650:      0.37550954     -0.02223959j   Residual Norm: 0.00005248                              
               <<z;z>>_10.1675:      0.36462018     -0.01960969j   Residual Norm: 0.00005197                              
               <<z;z>>_10.1700:      0.35479687     -0.01771255j   Residual Norm: 0.00005140                              
               <<z;z>>_10.1725:      0.34575888     -0.01634479j   Residual Norm: 0.00005077                              
               <<z;z>>_10.1750:      0.33729128     -0.01537645j   Residual Norm: 0.00005010                              
               <<z;z>>_10.1775:      0.32922356     -0.01472399j   Residual Norm: 0.00004945                              
               <<z;z>>_10.1800:      0.32141466     -0.01433518j   Residual Norm: 0.00004888                              
               <<z;z>>_10.1825:      0.31374173     -0.01418065j   Residual Norm: 0.00004854                              
               <<z;z>>_10.1850:      0.30609136     -0.01424995j   Residual Norm: 0.00004860                              
               <<z;z>>_10.1875:      0.29835160     -0.01455086j   Residual Norm: 0.00004928                              
               <<z;z>>_10.1900:      0.29040396     -0.01511224j   Residual Norm: 0.00005042                              
               <<z;z>>_10.1925:      0.28211410     -0.01599159j   Residual Norm: 0.00004996                              
               <<z;z>>_10.1950:      0.27331987     -0.01729060j   Residual Norm: 0.00004595                              
               <<z;z>>_10.1975:      0.26381555     -0.01918606j   Residual Norm: 0.00004484                              
               <<z;z>>_10.2000:      0.25333201     -0.02199298j   Residual Norm: 0.00004928                              
               <<z;z>>_10.2025:      0.24152164     -0.02630021j   Residual Norm: 0.00005757                              
               <<z;z>>_10.2050:      0.22799943     -0.03327763j   Residual Norm: 0.00006897                              
               <<z;z>>_10.2125:      0.19570473     -0.10688946j   Residual Norm: 0.00011898                              
               <<z;z>>_10.2150:      0.23497767     -0.14320813j   Residual Norm: 0.00013760                              
               <<z;z>>_10.2175:      0.28439474     -0.12257586j   Residual Norm: 0.00015340                              
               <<z;z>>_10.2200:      0.28863029     -0.08399761j   Residual Norm: 0.00016331                              
               <<z;z>>_10.2225:      0.27193197     -0.06343895j   Residual Norm: 0.00016431                              
               <<z;z>>_10.2250:      0.25369564     -0.05773355j   Residual Norm: 0.00015268                              
               <<z;z>>_10.2275:      0.24161258     -0.05805157j   Residual Norm: 0.00012765                              
               <<z;z>>_10.2300:      0.23077356     -0.05394369j   Residual Norm: 0.00010541                              
               <<z;z>>_10.2325:      0.21268782     -0.05035321j   Residual Norm: 0.00009813                              
               <<z;z>>_10.2350:      0.18999522     -0.05226608j   Residual Norm: 0.00009613                              
               <<z;z>>_10.2475:      0.05940716     -0.25003498j   Residual Norm: 0.00006144                              
               <<z;z>>_10.2500:      0.13582274     -0.34345957j   Residual Norm: 0.00004725                              
               <<z;z>>_10.2525:      0.24281163     -0.33461513j   Residual Norm: 0.00003697                              
               <<z;z>>_10.2550:      0.26591252     -0.29578942j   Residual Norm: 0.00003480                              
               <<z;z>>_10.2575:      0.28182702     -0.32081072j   Residual Norm: 0.00003468                              
               <<z;z>>_10.2600:      0.37701972     -0.32566245j   Residual Norm: 0.00003173                              
               <<z;z>>_10.2625:      0.43925398     -0.23334531j   Residual Norm: 0.00002684                              
               <<z;z>>_10.2650:      0.42299858     -0.15030474j   Residual Norm: 0.00002241                              
               <<z;z>>_10.2675:      0.38535530     -0.10468965j   Residual Norm: 0.00002002                              
               <<z;z>>_10.2700:      0.34781989     -0.08134524j   Residual Norm: 0.00001987                              
               <<z;z>>_10.2725:      0.31331871     -0.07010082j   Residual Norm: 0.00002125                              
               <<z;z>>_10.2750:      0.28089161     -0.06660265j   Residual Norm: 0.00002439                              
               <<z;z>>_10.2775:      0.24914751     -0.06973833j   Residual Norm: 0.00003249                              
               <<z;z>>_10.2800:      0.21704243     -0.08100172j   Residual Norm: 0.00005103                              
               <<z;z>>_10.2825:      0.18641929     -0.10584954j   Residual Norm: 0.00008347                              
               <<z;z>>_10.2850:      0.17189643     -0.15070982j   Residual Norm: 0.00013166                              
               <<z;z>>_10.2875:      0.20259324     -0.18869530j   Residual Norm: 0.00019320                              
               <<z;z>>_10.2900:      0.23360162     -0.16672297j   Residual Norm: 0.00025733                              
               <<z;z>>_10.2925:      0.21306074     -0.13592725j   Residual Norm: 0.00031067                              
               <<z;z>>_10.2950:      0.16803444     -0.13086120j   Residual Norm: 0.00034891                              
               <<z;z>>_10.2975:      0.11372023     -0.15214941j   Residual Norm: 0.00037661                              
               <<z;z>>_10.3000:      0.05452032     -0.20706370j   Residual Norm: 0.00040006                              
               <<z;z>>_10.3025:      0.00634330     -0.31747208j   Residual Norm: 0.00042558                              
               <<z;z>>_10.3050:      0.03161303     -0.50191714j   Residual Norm: 0.00046179                              
               <<z;z>>_10.3075:      0.24884062     -0.66852737j   Residual Norm: 0.00050653                              
               <<z;z>>_10.3100:      0.52859131     -0.56633413j   Residual Norm: 0.00054992                              
               <<z;z>>_10.3125:      0.59347214     -0.36229497j   Residual Norm: 0.00058460                              
               <<z;z>>_10.3150:      0.55768915     -0.24136541j   Residual Norm: 0.00058290                              
               <<z;z>>_10.3175:      0.51577417     -0.17435255j   Residual Norm: 0.00053688                              
               <<z;z>>_10.3200:      0.47184243     -0.12900385j   Residual Norm: 0.00052851                              
               <<z;z>>_10.3225:      0.42647286     -0.10348361j   Residual Norm: 0.00056600                              
               <<z;z>>_10.3250:      0.38422534     -0.09368443j   Residual Norm: 0.00060855                              
               <<z;z>>_10.3275:      0.34697756     -0.09766349j   Residual Norm: 0.00063149                              
               <<z;z>>_10.3300:      0.32216426     -0.11503404j   Residual Norm: 0.00062211                              
               <<z;z>>_10.3325:      0.31923811     -0.12800037j   Residual Norm: 0.00061046                              
               <<z;z>>_10.3350:      0.31056738     -0.12216720j   Residual Norm: 0.00066251                              
               <<z;z>>_10.3375:      0.28819038     -0.12773727j   Residual Norm: 0.00074884                              
               <<z;z>>_10.3400:      0.27978502     -0.14800329j   Residual Norm: 0.00079998                              
               <<z;z>>_10.3425:      0.28876806     -0.15071379j   Residual Norm: 0.00075006                              
               <<z;z>>_10.3450:      0.27441853     -0.13509992j   Residual Norm: 0.00062245                              
               <<z;z>>_10.3475:      0.23524142     -0.13865862j   Residual Norm: 0.00056507                              
               <<z;z>>_10.3500:      0.19036085     -0.17639427j   Residual Norm: 0.00061705                              
               <<z;z>>_10.3525:      0.16605087     -0.26417091j   Residual Norm: 0.00071055                              
               <<z;z>>_10.3550:      0.23843048     -0.38755807j   Residual Norm: 0.00079988                              
               <<z;z>>_10.3575:      0.41680370     -0.38565375j   Residual Norm: 0.00087026                              
               <<z;z>>_10.3600:      0.49103497     -0.25744656j   Residual Norm: 0.00091846                              
               <<z;z>>_10.3625:      0.46979374     -0.16252707j   Residual Norm: 0.00094457                              
               <<z;z>>_10.3650:      0.42844214     -0.11274577j   Residual Norm: 0.00094982                              
               <<z;z>>_10.3675:      0.38811455     -0.08770157j   Residual Norm: 0.00093801                              
               <<z;z>>_10.3700:      0.35133434     -0.07620329j   Residual Norm: 0.00092524                              
               <<z;z>>_10.3725:      0.31734833     -0.07393052j   Residual Norm: 0.00097309                              
               <<z;z>>_10.3750:      0.28643848     -0.07970426j   Residual Norm: 0.00121421                              
               <<z;z>>_10.3775:      0.25944662     -0.09029979j   Residual Norm: 0.00160382                              
               <<z;z>>_10.3800:      0.22906515     -0.10557606j   Residual Norm: 0.00177846                              
               <<z;z>>_10.3825:      0.19445929     -0.14068212j   Residual Norm: 0.00172033                              
               <<z;z>>_10.3850:      0.17691365     -0.21348507j   Residual Norm: 0.00161088                              
               <<z;z>>_10.3875:      0.23847178     -0.30892240j   Residual Norm: 0.00150476                              
               <<z;z>>_10.3900:      0.37453445     -0.29929424j   Residual Norm: 0.00146323                              
               <<z;z>>_10.3925:      0.42476479     -0.19952551j   Residual Norm: 0.00160739                              
               <<z;z>>_10.3950:      0.40486451     -0.12757587j   Residual Norm: 0.00201962                              
               <<z;z>>_10.3975:      0.37072668     -0.08964625j   Residual Norm: 0.00277958                              
               <<z;z>>_10.4000:      0.33777203     -0.07018861j   Residual Norm: 0.00400289                              
                                                                                                                          
* Info * Processing 16 Fock builds...                                                                                     
                                                                                                                          
* Info * 204 gerade trial vectors in reduced space                                                                        
* Info * 204 ungerade trial vectors in reduced space                                                                      
                                                                                                                          
* Info * 74.03 MB of memory used for subspace procedure on the master node                                                
* Info * 112.29 GB of memory available for the solver on the master node                                                  
                                                                                                                          
               *** Iteration:   8 * Residuals (Max,Min): 1.23e-03 and 7.47e-06                                            
                                                                                                                          
               Operator:  electric dipole (xyz)                                                                           
                                                                                                                          
               <<x;x>>_10.2150:      0.22665435     -0.07103679j   Residual Norm: 0.00000805                              
               <<x;x>>_10.2175:      0.22518669     -0.07028628j   Residual Norm: 0.00000804                              
               <<x;x>>_10.2200:      0.20877803     -0.06747148j   Residual Norm: 0.00000747                              
               <<x;x>>_10.2825:      0.48989460     -0.06816167j   Residual Norm: 0.00000876                              
               <<x;x>>_10.2850:      0.45911696     -0.06544113j   Residual Norm: 0.00000882                              
               <<x;x>>_10.2875:      0.43173728     -0.06573924j   Residual Norm: 0.00000922                              
               <<x;x>>_10.2900:      0.40453981     -0.06627012j   Residual Norm: 0.00000900                              
               <<x;x>>_10.2925:      0.37373324     -0.07041817j   Residual Norm: 0.00000876                              
               <<x;x>>_10.2950:      0.33949594     -0.08207948j   Residual Norm: 0.00000895                              
               <<x;x>>_10.2975:      0.30201128     -0.10609658j   Residual Norm: 0.00000946                              
               <<x;x>>_10.3000:      0.26507145     -0.15283175j   Residual Norm: 0.00001027                              
               <<x;x>>_10.3025:      0.25062878     -0.23580512j   Residual Norm: 0.00001195                              
               <<x;x>>_10.3050:      0.30434805     -0.33268752j   Residual Norm: 0.00001524                              
               <<x;x>>_10.3075:      0.43004906     -0.37492576j   Residual Norm: 0.00001847                              
               <<x;x>>_10.3100:      0.54920101     -0.29862431j   Residual Norm: 0.00002003                              
               <<x;x>>_10.3125:      0.56399928     -0.19026382j   Residual Norm: 0.00002116                              
               <<x;x>>_10.3150:      0.53130620     -0.12512626j   Residual Norm: 0.00002290                              
               <<x;x>>_10.3175:      0.49289941     -0.09165023j   Residual Norm: 0.00002539                              
               <<x;x>>_10.3200:      0.45721813     -0.07501649j   Residual Norm: 0.00002816                              
               <<x;x>>_10.3225:      0.42428605     -0.06847862j   Residual Norm: 0.00003144                              
               <<x;x>>_10.3250:      0.39293733     -0.07005960j   Residual Norm: 0.00003562                              
               <<x;x>>_10.3275:      0.36321343     -0.08112584j   Residual Norm: 0.00004117                              
               <<x;x>>_10.3300:      0.34052187     -0.10395388j   Residual Norm: 0.00004838                              
               <<x;x>>_10.3325:      0.33232871     -0.12837033j   Residual Norm: 0.00005559                              
               <<x;x>>_10.3350:      0.32009056     -0.14961026j   Residual Norm: 0.00005951                              
               <<x;x>>_10.3375:      0.31104155     -0.19922686j   Residual Norm: 0.00006234                              
               <<x;x>>_10.3400:      0.35949688     -0.26665061j   Residual Norm: 0.00006473                              
               <<x;x>>_10.3425:      0.46498307     -0.26088597j   Residual Norm: 0.00006012                              
               <<x;x>>_10.3450:      0.50998635     -0.17897792j   Residual Norm: 0.00005205                              
               <<x;x>>_10.3475:      0.49330840     -0.11713483j   Residual Norm: 0.00004666                              
               <<x;x>>_10.3500:      0.46317848     -0.08676259j   Residual Norm: 0.00004754                              
               <<x;x>>_10.3525:      0.43607932     -0.07636732j   Residual Norm: 0.00005555                              
               <<x;x>>_10.3550:      0.42065377     -0.07701261j   Residual Norm: 0.00006496                              
               <<x;x>>_10.3575:      0.41719626     -0.07079680j   Residual Norm: 0.00006572                              
               <<x;x>>_10.3600:      0.40621227     -0.05594860j   Residual Norm: 0.00005729                              
               <<x;x>>_10.3625:      0.38776546     -0.04589099j   Residual Norm: 0.00004771                              
               <<x;x>>_10.3650:      0.36795490     -0.04141276j   Residual Norm: 0.00004427                              
               <<x;x>>_10.3675:      0.34812705     -0.04084495j   Residual Norm: 0.00005204                              
               <<x;x>>_10.3700:      0.32811231     -0.04387635j   Residual Norm: 0.00007179                              
               <<x;x>>_10.3725:      0.30815316     -0.05165818j   Residual Norm: 0.00010188                              
               <<x;x>>_10.3750:      0.29137897     -0.06557346j   Residual Norm: 0.00013741                              
               <<x;x>>_10.3775:      0.28185364     -0.07947151j   Residual Norm: 0.00016337                              
               <<x;x>>_10.3800:      0.26722204     -0.08939737j   Residual Norm: 0.00017670                              
               <<x;x>>_10.3825:      0.24439765     -0.11437055j   Residual Norm: 0.00021330                              
               <<x;x>>_10.3850:      0.23499554     -0.16821524j   Residual Norm: 0.00026381                              
               <<x;x>>_10.3875:      0.28215558     -0.23505061j   Residual Norm: 0.00025603                              
               <<x;x>>_10.3900:      0.38016679     -0.22808384j   Residual Norm: 0.00022323                              
               <<x;x>>_10.3925:      0.41843994     -0.15532504j   Residual Norm: 0.00024362                              
               <<x;x>>_10.3950:      0.40346157     -0.10094903j   Residual Norm: 0.00031793                              
               <<x;x>>_10.3975:      0.37625581     -0.07255369j   Residual Norm: 0.00042913                              
               <<x;x>>_10.4000:      0.34922664     -0.05899542j   Residual Norm: 0.00057674                              
               <<y;y>>_10.1525:      0.33787404     -0.02867136j   Residual Norm: 0.00002457                              
               <<y;y>>_10.1550:      0.32678015     -0.02195468j   Residual Norm: 0.00002582                              
               <<y;y>>_10.1575:      0.31727752     -0.01792028j   Residual Norm: 0.00002666                              
               <<y;y>>_10.1600:      0.30894955     -0.01538858j   Residual Norm: 0.00002715                              
               <<y;y>>_10.1625:      0.30144613     -0.01375889j   Residual Norm: 0.00002731                              
               <<y;y>>_10.1650:      0.29450626     -0.01270575j   Residual Norm: 0.00002718                              
               <<y;y>>_10.1675:      0.28793797     -0.01204333j   Residual Norm: 0.00002680                              
               <<y;y>>_10.1700:      0.28159714     -0.01166114j   Residual Norm: 0.00002621                              
               <<y;y>>_10.1725:      0.27537164     -0.01149187j   Residual Norm: 0.00002545                              
               <<y;y>>_10.1750:      0.26917027     -0.01149436j   Residual Norm: 0.00002454                              
               <<y;y>>_10.1775:      0.26291489     -0.01164436j   Residual Norm: 0.00002351                              
               <<y;y>>_10.1800:      0.25653484     -0.01192932j   Residual Norm: 0.00002239                              
               <<y;y>>_10.1825:      0.24996251     -0.01234562j   Residual Norm: 0.00002121                              
               <<y;y>>_10.1850:      0.24312967     -0.01289730j   Residual Norm: 0.00001998                              
               <<y;y>>_10.1875:      0.23596401     -0.01359576j   Residual Norm: 0.00001872                              
               <<y;y>>_10.1900:      0.22838559     -0.01446055j   Residual Norm: 0.00001746                              
               <<y;y>>_10.1925:      0.22030265     -0.01552118j   Residual Norm: 0.00001622                              
               <<y;y>>_10.1950:      0.21160650     -0.01682031j   Residual Norm: 0.00001500                              
               <<y;y>>_10.1975:      0.20216479     -0.01841914j   Residual Norm: 0.00001385                              
               <<y;y>>_10.2000:      0.19181221     -0.02040648j   Residual Norm: 0.00001276                              
               <<y;y>>_10.2025:      0.18033771     -0.02291421j   Residual Norm: 0.00001176                              
               <<y;y>>_10.2050:      0.16746677     -0.02614497j   Residual Norm: 0.00001087                              
               <<y;y>>_10.2075:      0.15283991     -0.03042419j   Residual Norm: 0.00001008                              
               <<y;y>>_10.2100:      0.13600177     -0.03629855j   Residual Norm: 0.00000940                              
               <<y;y>>_10.2775:      0.37997430     -0.13502345j   Residual Norm: 0.00001826                              
               <<y;y>>_10.2800:      0.38617181     -0.13242739j   Residual Norm: 0.00002035                              
               <<y;y>>_10.2825:      0.37018537     -0.13079588j   Residual Norm: 0.00002000                              
               <<y;y>>_10.2850:      0.36066987     -0.15793900j   Residual Norm: 0.00001773                              
               <<y;y>>_10.2875:      0.39902843     -0.18331932j   Residual Norm: 0.00001481                              
               <<y;y>>_10.2900:      0.44166953     -0.14742576j   Residual Norm: 0.00001222                              
               <<y;y>>_10.2925:      0.43593265     -0.10009967j   Residual Norm: 0.00001044                              
               <<y;y>>_10.2950:      0.41116994     -0.07349246j   Residual Norm: 0.00000960                              
               <<y;y>>_10.2975:      0.38439960     -0.06193955j   Residual Norm: 0.00001006                              
               <<y;y>>_10.3000:      0.35918931     -0.06041049j   Residual Norm: 0.00001252                              
               <<y;y>>_10.3025:      0.33796689     -0.06769098j   Residual Norm: 0.00001692                              
               <<y;y>>_10.3050:      0.32540401     -0.08022109j   Residual Norm: 0.00002170                              
               <<y;y>>_10.3075:      0.32100767     -0.09059021j   Residual Norm: 0.00002554                              
               <<y;y>>_10.3100:      0.31576881     -0.09445859j   Residual Norm: 0.00002702                              
               <<y;y>>_10.3125:      0.30364783     -0.10784966j   Residual Norm: 0.00002807                              
               <<y;y>>_10.3150:      0.31221192     -0.13805275j   Residual Norm: 0.00003302                              
               <<y;y>>_10.3175:      0.35398054     -0.13904366j   Residual Norm: 0.00004019                              
               <<y;y>>_10.3200:      0.36829388     -0.10145486j   Residual Norm: 0.00004613                              
               <<y;y>>_10.3225:      0.35205282     -0.07401998j   Residual Norm: 0.00004926                              
               <<y;y>>_10.3250:      0.32859901     -0.06330098j   Residual Norm: 0.00004974                              
               <<y;y>>_10.3275:      0.30626284     -0.06528328j   Residual Norm: 0.00005002                              
               <<y;y>>_10.3300:      0.29244338     -0.07783161j   Residual Norm: 0.00005652                              
               <<y;y>>_10.3325:      0.29482263     -0.08633887j   Residual Norm: 0.00007341                              
               <<y;y>>_10.3350:      0.29226755     -0.07874474j   Residual Norm: 0.00009220                              
               <<y;y>>_10.3375:      0.27692820     -0.07676730j   Residual Norm: 0.00010198                              
               <<y;y>>_10.3400:      0.26550062     -0.08509387j   Residual Norm: 0.00009863                              
               <<y;y>>_10.3425:      0.26228075     -0.08793954j   Residual Norm: 0.00008469                              
               <<y;y>>_10.3450:      0.24786422     -0.08331231j   Residual Norm: 0.00006383                              
               <<y;y>>_10.3475:      0.22044697     -0.09005940j   Residual Norm: 0.00004682                              
               <<y;y>>_10.3500:      0.18970187     -0.11776351j   Residual Norm: 0.00004158                              
               <<y;y>>_10.3525:      0.17215700     -0.17780478j   Residual Norm: 0.00004900                              
               <<y;y>>_10.3550:      0.21808895     -0.26114486j   Residual Norm: 0.00006538                              
               <<y;y>>_10.3575:      0.33360595     -0.26144922j   Residual Norm: 0.00008790                              
               <<y;y>>_10.3600:      0.37935741     -0.17829171j   Residual Norm: 0.00011536                              
               <<y;y>>_10.3625:      0.36095173     -0.11773515j   Residual Norm: 0.00014709                              
               <<y;y>>_10.3650:      0.32813234     -0.08810089j   Residual Norm: 0.00018257                              
               <<y;y>>_10.3675:      0.29467908     -0.07674912j   Residual Norm: 0.00022106                              
               <<y;y>>_10.3700:      0.26232738     -0.07807452j   Residual Norm: 0.00026099                              
               <<y;y>>_10.3725:      0.23255064     -0.09276653j   Residual Norm: 0.00029887                              
               <<y;y>>_10.3750:      0.21507404     -0.12273930j   Residual Norm: 0.00033015                              
               <<y;y>>_10.3775:      0.22265729     -0.14780772j   Residual Norm: 0.00036382                              
               <<y;y>>_10.3800:      0.22162853     -0.15197740j   Residual Norm: 0.00044216                              
               <<y;y>>_10.3825:      0.20490053     -0.17832195j   Residual Norm: 0.00057379                              
               <<y;y>>_10.3850:      0.22121562     -0.23363920j   Residual Norm: 0.00068292                              
               <<y;y>>_10.3875:      0.29090073     -0.26312803j   Residual Norm: 0.00067504                              
               <<y;y>>_10.3900:      0.36560989     -0.22238707j   Residual Norm: 0.00063798                              
               <<y;y>>_10.3925:      0.37845011     -0.14921500j   Residual Norm: 0.00070461                              
               <<y;y>>_10.3950:      0.35277500     -0.10171760j   Residual Norm: 0.00084330                              
               <<y;y>>_10.3975:      0.32038742     -0.07804235j   Residual Norm: 0.00101945                              
               <<y;y>>_10.4000:      0.28906490     -0.06826917j   Residual Norm: 0.00123068                              
               <<z;z>>_10.2125:      0.19570473     -0.10688946j   Residual Norm: 0.00000996                              
               <<z;z>>_10.2150:      0.23497767     -0.14320813j   Residual Norm: 0.00000954                              
               <<z;z>>_10.2175:      0.28439474     -0.12257586j   Residual Norm: 0.00000920                              
               <<z;z>>_10.2200:      0.28863029     -0.08399761j   Residual Norm: 0.00000903                              
               <<z;z>>_10.2225:      0.27193197     -0.06343895j   Residual Norm: 0.00000905                              
               <<z;z>>_10.2250:      0.25369564     -0.05773355j   Residual Norm: 0.00000910                              
               <<z;z>>_10.2275:      0.24161258     -0.05805157j   Residual Norm: 0.00000875                              
               <<z;z>>_10.2300:      0.23077356     -0.05394369j   Residual Norm: 0.00000833                              
               <<z;z>>_10.2850:      0.17189643     -0.15070982j   Residual Norm: 0.00001568                              
               <<z;z>>_10.2875:      0.20259324     -0.18869530j   Residual Norm: 0.00001573                              
               <<z;z>>_10.2900:      0.23360162     -0.16672297j   Residual Norm: 0.00001558                              
               <<z;z>>_10.2925:      0.21306074     -0.13592725j   Residual Norm: 0.00001602                              
               <<z;z>>_10.2950:      0.16803444     -0.13086120j   Residual Norm: 0.00001734                              
               <<z;z>>_10.2975:      0.11372023     -0.15214941j   Residual Norm: 0.00001917                              
               <<z;z>>_10.3000:      0.05452032     -0.20706371j   Residual Norm: 0.00002108                              
               <<z;z>>_10.3025:      0.00634330     -0.31747209j   Residual Norm: 0.00002271                              
               <<z;z>>_10.3050:      0.03161305     -0.50191716j   Residual Norm: 0.00002372                              
               <<z;z>>_10.3075:      0.24884066     -0.66852737j   Residual Norm: 0.00002480                              
               <<z;z>>_10.3100:      0.52859132     -0.56633409j   Residual Norm: 0.00002635                              
               <<z;z>>_10.3125:      0.59347213     -0.36229494j   Residual Norm: 0.00002747                              
               <<z;z>>_10.3150:      0.55768914     -0.24136540j   Residual Norm: 0.00002615                              
               <<z;z>>_10.3175:      0.51577416     -0.17435255j   Residual Norm: 0.00002131                              
               <<z;z>>_10.3200:      0.47184242     -0.12900385j   Residual Norm: 0.00001789                              
               <<z;z>>_10.3225:      0.42647285     -0.10348361j   Residual Norm: 0.00001786                              
               <<z;z>>_10.3250:      0.38422533     -0.09368443j   Residual Norm: 0.00001981                              
               <<z;z>>_10.3275:      0.34697756     -0.09766349j   Residual Norm: 0.00002489                              
               <<z;z>>_10.3300:      0.32216426     -0.11503404j   Residual Norm: 0.00003594                              
               <<z;z>>_10.3325:      0.31923810     -0.12800038j   Residual Norm: 0.00005220                              
               <<z;z>>_10.3350:      0.31056737     -0.12216721j   Residual Norm: 0.00006644                              
               <<z;z>>_10.3375:      0.28819037     -0.12773729j   Residual Norm: 0.00007159                              
               <<z;z>>_10.3400:      0.27978502     -0.14800331j   Residual Norm: 0.00006591                              
               <<z;z>>_10.3425:      0.28876808     -0.15071381j   Residual Norm: 0.00005712                              
               <<z;z>>_10.3450:      0.27441854     -0.13509993j   Residual Norm: 0.00005069                              
               <<z;z>>_10.3475:      0.23524143     -0.13865863j   Residual Norm: 0.00005105                              
               <<z;z>>_10.3500:      0.19036086     -0.17639429j   Residual Norm: 0.00005774                              
               <<z;z>>_10.3525:      0.16605089     -0.26417094j   Residual Norm: 0.00006680                              
               <<z;z>>_10.3550:      0.23843055     -0.38755808j   Residual Norm: 0.00007596                              
               <<z;z>>_10.3575:      0.41680376     -0.38565369j   Residual Norm: 0.00008438                              
               <<z;z>>_10.3600:      0.49103497     -0.25744650j   Residual Norm: 0.00009182                              
               <<z;z>>_10.3625:      0.46979372     -0.16252704j   Residual Norm: 0.00009823                              
               <<z;z>>_10.3650:      0.42844213     -0.11274575j   Residual Norm: 0.00010364                              
               <<z;z>>_10.3675:      0.38811454     -0.08770155j   Residual Norm: 0.00010816                              
               <<z;z>>_10.3700:      0.35133434     -0.07620328j   Residual Norm: 0.00011241                              
               <<z;z>>_10.3725:      0.31734833     -0.07393051j   Residual Norm: 0.00011928                              
               <<z;z>>_10.3750:      0.28643850     -0.07970424j   Residual Norm: 0.00013783                              
               <<z;z>>_10.3775:      0.25944663     -0.09029975j   Residual Norm: 0.00017279                              
               <<z;z>>_10.3800:      0.22906516     -0.10557601j   Residual Norm: 0.00020003                              
               <<z;z>>_10.3825:      0.19445930     -0.14068207j   Residual Norm: 0.00021132                              
               <<z;z>>_10.3850:      0.17691367     -0.21348498j   Residual Norm: 0.00021855                              
               <<z;z>>_10.3875:      0.23847175     -0.30892225j   Residual Norm: 0.00022400                              
               <<z;z>>_10.3900:      0.37453435     -0.29929410j   Residual Norm: 0.00022711                              
               <<z;z>>_10.3925:      0.42476465     -0.19952540j   Residual Norm: 0.00023444                              
               <<z;z>>_10.3950:      0.40486437     -0.12757577j   Residual Norm: 0.00024964                              
               <<z;z>>_10.3975:      0.37072655     -0.08964612j   Residual Norm: 0.00028244                              
               <<z;z>>_10.4000:      0.33777190     -0.07018837j   Residual Norm: 0.00035051                              
                                                                                                                          
* Info * Processing 8 Fock builds...                                                                                      
                                                                                                                          
* Info * 212 gerade trial vectors in reduced space                                                                        
* Info * 212 ungerade trial vectors in reduced space                                                                      
                                                                                                                          
* Info * 74.89 MB of memory used for subspace procedure on the master node                                                
* Info * 112.29 GB of memory available for the solver on the master node                                                  
                                                                                                                          
               *** Iteration:   9 * Residuals (Max,Min): 1.10e-02 and 7.47e-06                                            
                                                                                                                          
               Operator:  electric dipole (xyz)                                                                           
                                                                                                                          
               <<x;x>>_10.3725:      0.30815316     -0.05165818j   Residual Norm: 0.00018059                              
               <<x;x>>_10.3750:      0.29137897     -0.06557347j   Residual Norm: 0.00026794                              
               <<x;x>>_10.3775:      0.28185364     -0.07947151j   Residual Norm: 0.00035786                              
               <<x;x>>_10.3800:      0.26722204     -0.08939737j   Residual Norm: 0.00046143                              
               <<x;x>>_10.3825:      0.24439765     -0.11437055j   Residual Norm: 0.00066761                              
               <<x;x>>_10.3850:      0.23499554     -0.16821523j   Residual Norm: 0.00092625                              
               <<x;x>>_10.3875:      0.28215557     -0.23505061j   Residual Norm: 0.00098511                              
               <<x;x>>_10.3900:      0.38016679     -0.22808384j   Residual Norm: 0.00094640                              
               <<x;x>>_10.3925:      0.41843993     -0.15532504j   Residual Norm: 0.00126035                              
               <<x;x>>_10.3950:      0.40346156     -0.10094904j   Residual Norm: 0.00210145                              
               <<x;x>>_10.3975:      0.37625580     -0.07255370j   Residual Norm: 0.00368386                              
               <<x;x>>_10.4000:      0.34922664     -0.05899544j   Residual Norm: 0.00620917                              
               <<y;y>>_10.3375:      0.27692820     -0.07676730j   Residual Norm: 0.00009881                              
               <<y;y>>_10.3600:      0.37935741     -0.17829171j   Residual Norm: 0.00015220                              
               <<y;y>>_10.3625:      0.36095173     -0.11773515j   Residual Norm: 0.00020334                              
               <<y;y>>_10.3650:      0.32813234     -0.08810089j   Residual Norm: 0.00026653                              
               <<y;y>>_10.3675:      0.29467908     -0.07674912j   Residual Norm: 0.00034366                              
               <<y;y>>_10.3700:      0.26232738     -0.07807452j   Residual Norm: 0.00043571                              
               <<y;y>>_10.3725:      0.23255064     -0.09276653j   Residual Norm: 0.00054035                              
               <<y;y>>_10.3750:      0.21507404     -0.12273930j   Residual Norm: 0.00065364                              
               <<y;y>>_10.3775:      0.22265729     -0.14780773j   Residual Norm: 0.00080955                              
               <<y;y>>_10.3800:      0.22162853     -0.15197740j   Residual Norm: 0.00114613                              
               <<y;y>>_10.3825:      0.20490056     -0.17832195j   Residual Norm: 0.00173445                              
               <<y;y>>_10.3850:      0.22121566     -0.23363917j   Residual Norm: 0.00239736                              
               <<y;y>>_10.3875:      0.29090071     -0.26312797j   Residual Norm: 0.00276380                              
               <<y;y>>_10.3900:      0.36560984     -0.22238704j   Residual Norm: 0.00301368                              
               <<y;y>>_10.3925:      0.37845006     -0.14921500j   Residual Norm: 0.00385232                              
               <<y;y>>_10.3950:      0.35277495     -0.10171763j   Residual Norm: 0.00551192                              
               <<y;y>>_10.3975:      0.32038737     -0.07804240j   Residual Norm: 0.00807621                              
               <<y;y>>_10.4000:      0.28906488     -0.06826926j   Residual Norm: 0.01104604                              
               <<z;z>>_10.3650:      0.42844213     -0.11274575j   Residual Norm: 0.00021005                              
               <<z;z>>_10.3675:      0.38811454     -0.08770155j   Residual Norm: 0.00024580                              
               <<z;z>>_10.3700:      0.35133434     -0.07620328j   Residual Norm: 0.00028403                              
               <<z;z>>_10.3725:      0.31734833     -0.07393051j   Residual Norm: 0.00032691                              
               <<z;z>>_10.3750:      0.28643850     -0.07970424j   Residual Norm: 0.00039189                              
               <<z;z>>_10.3775:      0.25944663     -0.09029975j   Residual Norm: 0.00051232                              
               <<z;z>>_10.3800:      0.22906516     -0.10557602j   Residual Norm: 0.00065093                              
               <<z;z>>_10.3825:      0.19445930     -0.14068207j   Residual Norm: 0.00076209                              
               <<z;z>>_10.3850:      0.17691367     -0.21348498j   Residual Norm: 0.00086770                              
               <<z;z>>_10.3875:      0.23847175     -0.30892226j   Residual Norm: 0.00098225                              
               <<z;z>>_10.3900:      0.37453436     -0.29929410j   Residual Norm: 0.00108347                              
               <<z;z>>_10.3925:      0.42476466     -0.19952539j   Residual Norm: 0.00115109                              
               <<z;z>>_10.3950:      0.40486437     -0.12757577j   Residual Norm: 0.00118862                              
               <<z;z>>_10.3975:      0.37072655     -0.08964612j   Residual Norm: 0.00126654                              
               <<z;z>>_10.4000:      0.33777190     -0.07018837j   Residual Norm: 0.00154407                              
                                                                                                                          
* Info * Processing 4 Fock builds...                                                                                      
                                                                                                                          
* Info * 216 gerade trial vectors in reduced space                                                                        
* Info * 216 ungerade trial vectors in reduced space                                                                      
                                                                                                                          
* Info * 75.33 MB of memory used for subspace procedure on the master node                                                
* Info * 112.29 GB of memory available for the solver on the master node                                                  
                                                                                                                          
               *** Iteration:   10 * Residuals (Max,Min): 9.93e-05 and 7.47e-06                                           
                                                                                                                          
               Operator:  electric dipole (xyz)                                                                           
                                                                                                                          
               <<x;x>>_10.3725:      0.30815316     -0.05165818j   Residual Norm: 0.00000802                              
               <<x;x>>_10.3750:      0.29137897     -0.06557347j   Residual Norm: 0.00000883                              
               <<x;x>>_10.3775:      0.28185364     -0.07947151j   Residual Norm: 0.00000917                              
               <<x;x>>_10.3800:      0.26722204     -0.08939737j   Residual Norm: 0.00000845                              
               <<x;x>>_10.3825:      0.24439765     -0.11437055j   Residual Norm: 0.00000818                              
               <<x;x>>_10.3850:      0.23499554     -0.16821524j   Residual Norm: 0.00000902                              
               <<x;x>>_10.3875:      0.28215557     -0.23505061j   Residual Norm: 0.00000960                              
               <<x;x>>_10.3900:      0.38016679     -0.22808384j   Residual Norm: 0.00001056                              
               <<x;x>>_10.3925:      0.41843993     -0.15532504j   Residual Norm: 0.00001265                              
               <<x;x>>_10.3950:      0.40346157     -0.10094903j   Residual Norm: 0.00001464                              
               <<x;x>>_10.3975:      0.37625580     -0.07255369j   Residual Norm: 0.00001793                              
               <<x;x>>_10.4000:      0.34922663     -0.05899542j   Residual Norm: 0.00002473                              
               <<y;y>>_10.3600:      0.37935741     -0.17829171j   Residual Norm: 0.00000897                              
               <<y;y>>_10.3625:      0.36095173     -0.11773515j   Residual Norm: 0.00001025                              
               <<y;y>>_10.3650:      0.32813234     -0.08810089j   Residual Norm: 0.00001162                              
               <<y;y>>_10.3675:      0.29467908     -0.07674912j   Residual Norm: 0.00001296                              
               <<y;y>>_10.3700:      0.26232738     -0.07807452j   Residual Norm: 0.00001413                              
               <<y;y>>_10.3725:      0.23255064     -0.09276653j   Residual Norm: 0.00001490                              
               <<y;y>>_10.3750:      0.21507404     -0.12273930j   Residual Norm: 0.00001500                              
               <<y;y>>_10.3775:      0.22265729     -0.14780772j   Residual Norm: 0.00001477                              
               <<y;y>>_10.3800:      0.22162853     -0.15197740j   Residual Norm: 0.00001599                              
               <<y;y>>_10.3825:      0.20490054     -0.17832195j   Residual Norm: 0.00001881                              
               <<y;y>>_10.3850:      0.22121563     -0.23363920j   Residual Norm: 0.00002002                              
               <<y;y>>_10.3875:      0.29090073     -0.26312802j   Residual Norm: 0.00001666                              
               <<y;y>>_10.3900:      0.36560988     -0.22238706j   Residual Norm: 0.00001293                              
               <<y;y>>_10.3925:      0.37845010     -0.14921499j   Residual Norm: 0.00001388                              
               <<y;y>>_10.3950:      0.35277498     -0.10171760j   Residual Norm: 0.00001740                              
               <<y;y>>_10.3975:      0.32038740     -0.07804236j   Residual Norm: 0.00002291                              
               <<y;y>>_10.4000:      0.28906488     -0.06826918j   Residual Norm: 0.00003278                              
               <<z;z>>_10.3650:      0.42844213     -0.11274575j   Residual Norm: 0.00000852                              
               <<z;z>>_10.3675:      0.38811454     -0.08770155j   Residual Norm: 0.00000861                              
               <<z;z>>_10.3700:      0.35133434     -0.07620328j   Residual Norm: 0.00000863                              
               <<z;z>>_10.3725:      0.31734833     -0.07393051j   Residual Norm: 0.00000864                              
               <<z;z>>_10.3750:      0.28643850     -0.07970424j   Residual Norm: 0.00000907                              
               <<z;z>>_10.3775:      0.25944663     -0.09029975j   Residual Norm: 0.00001038                              
               <<z;z>>_10.3800:      0.22906516     -0.10557601j   Residual Norm: 0.00001153                              
               <<z;z>>_10.3825:      0.19445930     -0.14068207j   Residual Norm: 0.00001190                              
               <<z;z>>_10.3850:      0.17691367     -0.21348498j   Residual Norm: 0.00001202                              
               <<z;z>>_10.3875:      0.23847175     -0.30892225j   Residual Norm: 0.00001196                              
               <<z;z>>_10.3900:      0.37453435     -0.29929410j   Residual Norm: 0.00001156                              
               <<z;z>>_10.3925:      0.42476465     -0.19952540j   Residual Norm: 0.00001116                              
               <<z;z>>_10.3950:      0.40486437     -0.12757577j   Residual Norm: 0.00001128                              
               <<z;z>>_10.3975:      0.37072655     -0.08964612j   Residual Norm: 0.00001295                              
               <<z;z>>_10.4000:      0.33777190     -0.07018837j   Residual Norm: 0.00001763                              
                                                                                                                          
* Info * Checkpoint written to file: esca-nexafs_rsp.h5                                                                   
                                                                                                                          
* Info * Time spent in writing checkpoint file: 0.02 sec                                                                  
                                                                                                                          
               *** Complex response converged in 10 iterations. Time: 110.15 sec                                          
                                                                                                                          
                                                                                                                          
* Info * Response solution vectors written to file: esca-nexafs.h5                                                        
                                                                                                                          
               Response Functions at Given Frequencies                                                                    
               =======================================                                                                    
                                                                                                                          
               Dipole  Dipole   Frequency            Real        Imaginary                                                
               -----------------------------------------------------------                                                
               <<  x  ;  x  >>    10.1000      0.19774467     -0.01919894j                                                
               <<  x  ;  y  >>    10.1000     -0.04927046     -0.00551969j                                                
               <<  x  ;  z  >>    10.1000     -0.09229425     -0.00944737j                                                
               <<  y  ;  x  >>    10.1000     -0.04927046     -0.00551969j                                                
               <<  y  ;  y  >>    10.1000      0.31418234     -0.00510386j                                                
               <<  y  ;  z  >>    10.1000     -0.02513040     -0.00313242j                                                
               <<  z  ;  x  >>    10.1000     -0.09229425     -0.00944737j                                                
               <<  z  ;  y  >>    10.1000     -0.02513040     -0.00313242j                                                
               <<  z  ;  z  >>    10.1000      0.30162379     -0.00840154j                                                
                                                                                                                          
               Dipole  Dipole   Frequency            Real        Imaginary                                                
               -----------------------------------------------------------                                                
               <<  x  ;  x  >>    10.1025      0.18687768     -0.02135126j                                                
               <<  x  ;  y  >>    10.1025     -0.05240791     -0.00623548j                                                
               <<  x  ;  z  >>    10.1025     -0.09766402     -0.01066734j                                                
               <<  y  ;  x  >>    10.1025     -0.05240791     -0.00623548j                                                
               <<  y  ;  y  >>    10.1025      0.31132898     -0.00541282j                                                
               <<  y  ;  z  >>    10.1025     -0.02691190     -0.00354599j                                                
               <<  z  ;  x  >>    10.1025     -0.09766402     -0.01066734j                                                
               <<  z  ;  y  >>    10.1025     -0.02691190     -0.00354599j                                                
               <<  z  ;  z  >>    10.1025      0.29689450     -0.00915518j                                                
                                                                                                                          
               Dipole  Dipole   Frequency            Real        Imaginary                                                
               -----------------------------------------------------------                                                
               <<  x  ;  x  >>    10.1050      0.17478367     -0.02394456j                                                
               <<  x  ;  y  >>    10.1050     -0.05595365     -0.00710108j                                                
               <<  x  ;  z  >>    10.1050     -0.10372961     -0.01214165j                                                
               <<  y  ;  x  >>    10.1050     -0.05595365     -0.00710108j                                                
               <<  y  ;  y  >>    10.1050      0.30830009     -0.00577600j                                                
               <<  y  ;  z  >>    10.1050     -0.02892931     -0.00404636j                                                
               <<  z  ;  x  >>    10.1050     -0.10372961     -0.01214165j                                                
               <<  z  ;  y  >>    10.1050     -0.02892931     -0.00404636j                                                
               <<  z  ;  z  >>    10.1050      0.29173593     -0.01005807j                                                
                                                                                                                          
               Dipole  Dipole   Frequency            Real        Imaginary                                                
               -----------------------------------------------------------                                                
               <<  x  ;  x  >>    10.1075      0.16121426     -0.02711082j                                                
               <<  x  ;  y  >>    10.1075     -0.05999204     -0.00816154j                                                
               <<  x  ;  z  >>    10.1075     -0.11063427     -0.01394666j                                                
               <<  y  ;  x  >>    10.1075     -0.05999204     -0.00816154j                                                
               <<  y  ;  y  >>    10.1075      0.30506513     -0.00620902j                                                
               <<  y  ;  z  >>    10.1075     -0.03123152     -0.00465961j                                                
               <<  z  ;  x  >>    10.1075     -0.11063427     -0.01394666j                                                
               <<  z  ;  y  >>    10.1075     -0.03123152     -0.00465961j                                                
               <<  z  ;  z  >>    10.1075      0.28606404     -0.01115458j                                                
                                                                                                                          
               Dipole  Dipole   Frequency            Real        Imaginary                                                
               -----------------------------------------------------------                                                
               <<  x  ;  x  >>    10.1100      0.14584974     -0.03103597j                                                
               <<  x  ;  y  >>    10.1100     -0.06463180     -0.00948035j                                                
               <<  x  ;  z  >>    10.1100     -0.11856251     -0.01618998j                                                
               <<  y  ;  x  >>    10.1100     -0.06463180     -0.00948035j                                                
               <<  y  ;  y  >>    10.1100      0.30158512     -0.00673381j                                                
               <<  y  ;  z  >>    10.1100     -0.03388153     -0.00542253j                                                
               <<  z  ;  x  >>    10.1100     -0.11856251     -0.01618998j                                                
               <<  z  ;  y  >>    10.1100     -0.03388153     -0.00542253j                                                
               <<  z  ;  z  >>    10.1100      0.27977075     -0.01250719j                                                
                                                                                                                          
               Dipole  Dipole   Frequency            Real        Imaginary                                                
               -----------------------------------------------------------                                                
               <<  x  ;  x  >>    10.1125      0.12827300     -0.03598938j                                                
               <<  x  ;  y  >>    10.1125     -0.07001493     -0.01114951j                                                
               <<  x  ;  z  >>    10.1125     -0.12775525     -0.01902754j                                                
               <<  y  ;  x  >>    10.1125     -0.07001493     -0.01114951j                                                
               <<  y  ;  y  >>    10.1125      0.29780957     -0.00738209j                                                
               <<  y  ;  z  >>    10.1125     -0.03696158     -0.00638841j                                                
               <<  z  ;  x  >>    10.1125     -0.12775525     -0.01902754j                                                
               <<  z  ;  y  >>    10.1125     -0.03696158     -0.00638841j                                                
               <<  z  ;  z  >>    10.1125      0.27271530     -0.01420637j                                                
                                                                                                                          
               Dipole  Dipole   Frequency            Real        Imaginary                                                
               -----------------------------------------------------------                                                
               <<  x  ;  x  >>    10.1150      0.10793379     -0.04237467j                                                
               <<  x  ;  y  >>    10.1150     -0.07632884     -0.01330695j                                                
               <<  x  ;  z  >>    10.1150     -0.13853044     -0.02269301j                                                
               <<  y  ;  x  >>    10.1150     -0.07632884     -0.01330695j                                                
               <<  y  ;  y  >>    10.1150      0.29367232     -0.00820129j                                                
               <<  y  ;  z  >>    10.1150     -0.04058026     -0.00763716j                                                
               <<  z  ;  x  >>    10.1150     -0.13853044     -0.02269301j                                                
               <<  z  ;  y  >>    10.1150     -0.04058026     -0.00763716j                                                
               <<  z  ;  z  >>    10.1150      0.26471215     -0.01638764j                                                
                                                                                                                          
               Dipole  Dipole   Frequency            Real        Imaginary                                                
               -----------------------------------------------------------                                                
               <<  x  ;  x  >>    10.1175      0.08410676     -0.05082094j                                                
               <<  x  ;  y  >>    10.1175     -0.08382076     -0.01616767j                                                
               <<  x  ;  z  >>    10.1175     -0.15130747     -0.02755063j                                                
               <<  y  ;  x  >>    10.1175     -0.08382076     -0.01616767j                                                
               <<  y  ;  y  >>    10.1175      0.28908661     -0.00926523j                                                
               <<  y  ;  z  >>    10.1175     -0.04488083     -0.00929330j                                                
               <<  z  ;  x  >>    10.1175     -0.15130747     -0.02755063j                                                
               <<  z  ;  y  >>    10.1175     -0.04488083     -0.00929330j                                                
               <<  z  ;  z  >>    10.1175      0.25551694     -0.01926213j                                                
                                                                                                                          
               Dipole  Dipole   Frequency            Real        Imaginary                                                
               -----------------------------------------------------------                                                
               <<  x  ;  x  >>    10.1200      0.05587735     -0.06233741j                                                
               <<  x  ;  y  >>    10.1200     -0.09280246     -0.02007667j                                                
               <<  x  ;  z  >>    10.1200     -0.16661533     -0.03418475j                                                
               <<  y  ;  x  >>    10.1200     -0.09280246     -0.02007667j                                                
               <<  y  ;  y  >>    10.1200      0.28394347     -0.01069225j                                                
               <<  y  ;  z  >>    10.1200     -0.05004394     -0.01155665j                                                
               <<  z  ;  x  >>    10.1200     -0.16661533     -0.03418475j                                                
               <<  z  ;  y  >>    10.1200     -0.05004394     -0.01155665j                                                
               <<  z  ;  z  >>    10.1200      0.24482160     -0.02316849j                                                
                                                                                                                          
               Dipole  Dipole   Frequency            Real        Imaginary                                                
               -----------------------------------------------------------                                                
               <<  x  ;  x  >>    10.1225      0.02224229     -0.07841548j                                                
               <<  x  ;  y  >>    10.1225     -0.10361560     -0.02554369j                                                
               <<  x  ;  z  >>    10.1225     -0.18503476     -0.04345909j                                                
               <<  y  ;  x  >>    10.1225     -0.10361560     -0.02554369j                                                
               <<  y  ;  y  >>    10.1225      0.27812364     -0.01265695j                                                
               <<  y  ;  z  >>    10.1225     -0.05626773     -0.01472248j                                                
               <<  z  ;  x  >>    10.1225     -0.18503476     -0.04345909j                                                
               <<  z  ;  y  >>    10.1225     -0.05626773     -0.01472248j                                                
               <<  z  ;  z  >>    10.1225      0.23228775     -0.02860727j                                                
                                                                                                                          
               Dipole  Dipole   Frequency            Real        Imaginary                                                
               -----------------------------------------------------------                                                
               <<  x  ;  x  >>    10.1250     -0.01837783     -0.10070268j                                                
               <<  x  ;  y  >>    10.1250     -0.11679875     -0.03313085j                                                
               <<  x  ;  z  >>    10.1250     -0.20748014     -0.05632898j                                                
               <<  y  ;  x  >>    10.1250     -0.11679875     -0.03313085j                                                
               <<  y  ;  y  >>    10.1250      0.27144033     -0.01535161j                                                
               <<  y  ;  z  >>    10.1250     -0.06386439     -0.01911680j                                                
               <<  z  ;  x  >>    10.1250     -0.20748014     -0.05632898j                                                
               <<  z  ;  y  >>    10.1250     -0.06386439     -0.01911680j                                                
               <<  z  ;  z  >>    10.1250      0.21738363     -0.03613277j                                                
                                                                                                                          
               Dipole  Dipole   Frequency            Real        Imaginary                                                
               -----------------------------------------------------------                                                
               <<  x  ;  x  >>    10.1275     -0.06993481     -0.13311762j                                                
               <<  x  ;  y  >>    10.1275     -0.13370311     -0.04417687j                                                
               <<  x  ;  z  >>    10.1275     -0.23623796     -0.07506495j                                                
               <<  y  ;  x  >>    10.1275     -0.13370311     -0.04417687j                                                
               <<  y  ;  y  >>    10.1275      0.26342813     -0.01923409j                                                
               <<  y  ;  z  >>    10.1275     -0.07361619     -0.02551540j                                                
               <<  z  ;  x  >>    10.1275     -0.23623796     -0.07506495j                                                
               <<  z  ;  y  >>    10.1275     -0.07361619     -0.02551540j                                                
               <<  z  ;  z  >>    10.1275      0.19878365     -0.04706100j                                                
                                                                                                                          
               Dipole  Dipole   Frequency            Real        Imaginary                                                
               -----------------------------------------------------------                                                
               <<  x  ;  x  >>    10.1300     -0.13623995     -0.18541399j                                                
               <<  x  ;  y  >>    10.1300     -0.15563085     -0.06201687j                                                
               <<  x  ;  z  >>    10.1300     -0.27351430     -0.10531559j                                                
               <<  y  ;  x  >>    10.1300     -0.15563085     -0.06201687j                                                
               <<  y  ;  y  >>    10.1300      0.25363843     -0.02544535j                                                
               <<  y  ;  z  >>    10.1300     -0.08627733     -0.03584981j                                                
               <<  z  ;  x  >>    10.1300     -0.27351430     -0.10531559j                                                
               <<  z  ;  y  >>    10.1300     -0.08627733     -0.03584981j                                                
               <<  z  ;  z  >>    10.1300      0.17520801     -0.06466364j                                                
                                                                                                                          
               Dipole  Dipole   Frequency            Real        Imaginary                                                
               -----------------------------------------------------------                                                
               <<  x  ;  x  >>    10.1325     -0.21931930     -0.27564161j                                                
               <<  x  ;  y  >>    10.1325     -0.18327275     -0.09282084j                                                
               <<  x  ;  z  >>    10.1325     -0.32048222     -0.15753640j                                                
               <<  y  ;  x  >>    10.1325     -0.18327275     -0.09282084j                                                
               <<  y  ;  y  >>    10.1325      0.24183169     -0.03609514j                                                
               <<  y  ;  z  >>    10.1325     -0.10224830     -0.05369415j                                                
               <<  z  ;  x  >>    10.1325     -0.32048222     -0.15753640j                                                
               <<  z  ;  y  >>    10.1325     -0.10224830     -0.05369415j                                                
               <<  z  ;  z  >>    10.1325      0.14597443     -0.09499766j                                                
                                                                                                                          
               Dipole  Dipole   Frequency            Real        Imaginary                                                
               -----------------------------------------------------------                                                
               <<  x  ;  x  >>    10.1350     -0.31145356     -0.44159602j                                                
               <<  x  ;  y  >>    10.1350     -0.21398864     -0.14950792j                                                
               <<  x  ;  z  >>    10.1350     -0.37266875     -0.25362190j                                                
               <<  y  ;  x  >>    10.1350     -0.21398864     -0.14950792j                                                
               <<  y  ;  y  >>    10.1350      0.22890649     -0.05560014j                                                
               <<  y  ;  z  >>    10.1350     -0.11999988     -0.08653245j                                                
               <<  z  ;  x  >>    10.1350     -0.37266875     -0.25362190j                                                
               <<  z  ;  y  >>    10.1350     -0.11999988     -0.08653245j                                                
               <<  z  ;  z  >>    10.1350      0.11367134     -0.15074688j                                                
                                                                                                                          
               Dipole  Dipole   Frequency            Real        Imaginary                                                
               -----------------------------------------------------------                                                
               <<  x  ;  x  >>    10.1375     -0.35024035     -0.75318690j                                                
               <<  x  ;  y  >>    10.1375     -0.22644636     -0.25597467j                                                
               <<  x  ;  z  >>    10.1375     -0.39392322     -0.43406996j                                                
               <<  y  ;  x  >>    10.1375     -0.22644636     -0.25597467j                                                
               <<  y  ;  y  >>    10.1375      0.22215041     -0.09212950j                                                
               <<  y  ;  z  >>    10.1375     -0.12717469     -0.14820786j                                                
               <<  z  ;  x  >>    10.1375     -0.39392322     -0.43406996j                                                
               <<  z  ;  y  >>    10.1375     -0.12717469     -0.14820786j                                                
               <<  z  ;  z  >>    10.1375      0.09923764     -0.25537195j                                                
                                                                                                                          
               Dipole  Dipole   Frequency            Real        Imaginary                                                
               -----------------------------------------------------------                                                
               <<  x  ;  x  >>    10.1400     -0.09392854     -1.20384805j                                                
               <<  x  ;  y  >>    10.1400     -0.13800765     -0.40997630j                                                
               <<  x  ;  z  >>    10.1400     -0.24419968     -0.69507665j                                                
               <<  y  ;  x  >>    10.1400     -0.13800765     -0.40997630j                                                
               <<  y  ;  y  >>    10.1400      0.24980656     -0.14491670j                                                
               <<  y  ;  z  >>    10.1400     -0.07590130     -0.23742010j                                                
               <<  z  ;  x  >>    10.1400     -0.24419968     -0.69507665j                                                
               <<  z  ;  y  >>    10.1400     -0.07590130     -0.23742010j                                                
               <<  z  ;  z  >>    10.1400      0.18379754     -0.40666995j                                                
                                                                                                                          
               Dipole  Dipole   Frequency            Real        Imaginary                                                
               -----------------------------------------------------------                                                
               <<  x  ;  x  >>    10.1425      0.57779181     -1.28221306j                                                
               <<  x  ;  y  >>    10.1425      0.09245422     -0.43671443j                                                
               <<  x  ;  z  >>    10.1425      0.14619847     -0.74041222j                                                
               <<  y  ;  x  >>    10.1425      0.09245422     -0.43671443j                                                
               <<  y  ;  y  >>    10.1425      0.32592791     -0.15421214j                                                
               <<  y  ;  z  >>    10.1425      0.05764451     -0.25291030j                                                
               <<  z  ;  x  >>    10.1425      0.14619847     -0.74041222j                                                
               <<  z  ;  y  >>    10.1425      0.05764451     -0.25291030j                                                
               <<  z  ;  z  >>    10.1425      0.40772229     -0.43303868j                                                
                                                                                                                          
               Dipole  Dipole   Frequency            Real        Imaginary                                                
               -----------------------------------------------------------                                                
               <<  x  ;  x  >>    10.1450      0.94720487     -0.85049865j                                                
               <<  x  ;  y  >>    10.1450      0.21960775     -0.28909083j                                                
               <<  x  ;  z  >>    10.1450      0.36150843     -0.49025964j                                                
               <<  y  ;  x  >>    10.1450      0.21960775     -0.28909083j                                                
               <<  y  ;  y  >>    10.1450      0.36664823     -0.10391747j                                                
               <<  y  ;  z  >>    10.1450      0.13134465     -0.16739496j                                                
               <<  z  ;  x  >>    10.1450      0.36150843     -0.49025964j                                                
               <<  z  ;  y  >>    10.1450      0.13134465     -0.16739496j                                                
               <<  z  ;  z  >>    10.1450      0.53016121     -0.28824166j                                                
                                                                                                                          
               Dipole  Dipole   Frequency            Real        Imaginary                                                
               -----------------------------------------------------------                                                
               <<  x  ;  x  >>    10.1475      0.94501925     -0.49694483j                                                
               <<  x  ;  y  >>    10.1475      0.21976952     -0.16818012j                                                
               <<  x  ;  z  >>    10.1475      0.36159311     -0.28537858j                                                
               <<  y  ;  x  >>    10.1475      0.21976952     -0.16818012j                                                
               <<  y  ;  y  >>    10.1475      0.36386559     -0.06276619j                                                
               <<  y  ;  z  >>    10.1475      0.13147939     -0.09735421j                                                
               <<  z  ;  x  >>    10.1475      0.36159311     -0.28537858j                                                
               <<  z  ;  y  >>    10.1475      0.13147939     -0.09735421j                                                
               <<  z  ;  z  >>    10.1475      0.52785918     -0.16967761j                                                
                                                                                                                          
               Dipole  Dipole   Frequency            Real        Imaginary                                                
               -----------------------------------------------------------                                                
               <<  x  ;  x  >>    10.1500      0.85528829     -0.30519419j                                                
               <<  x  ;  y  >>    10.1500      0.19003802     -0.10257294j                                                
               <<  x  ;  z  >>    10.1500      0.31100270     -0.17422155j                                                
               <<  y  ;  x  >>    10.1500      0.19003802     -0.10257294j                                                
               <<  y  ;  y  >>    10.1500      0.35076352     -0.04053266j                                                
               <<  y  ;  z  >>    10.1500      0.11429594     -0.05935035j                                                
               <<  z  ;  x  >>    10.1500      0.31100270     -0.17422155j                                                
               <<  z  ;  y  >>    10.1500      0.11429594     -0.05935035j                                                
               <<  z  ;  z  >>    10.1500      0.49613249     -0.10541553j                                                
                                                                                                                          
               Dipole  Dipole   Frequency            Real        Imaginary                                                
               -----------------------------------------------------------                                                
               <<  x  ;  x  >>    10.1525      0.76820819     -0.20209693j                                                
               <<  x  ;  y  >>    10.1525      0.16124720     -0.06726466j                                                
               <<  x  ;  z  >>    10.1525      0.26199012     -0.11441441j                                                
               <<  y  ;  x  >>    10.1525      0.16124720     -0.06726466j                                                
               <<  y  ;  y  >>    10.1525      0.33787404     -0.02867136j                                                
               <<  y  ;  z  >>    10.1525      0.09765579     -0.03889912j                                                
               <<  z  ;  x  >>    10.1525      0.26199012     -0.11441441j                                                
               <<  z  ;  y  >>    10.1525      0.09765579     -0.03889912j                                                
               <<  z  ;  z  >>    10.1525      0.46524539     -0.07091076j                                                
                                                                                                                          
               Dipole  Dipole   Frequency            Real        Imaginary                                                
               -----------------------------------------------------------                                                
               <<  x  ;  x  >>    10.1550      0.69739151     -0.14289924j                                                
               <<  x  ;  y  >>    10.1550      0.13805332     -0.04695669j                                                
               <<  x  ;  z  >>    10.1550      0.22244543     -0.08003099j                                                
               <<  y  ;  x  >>    10.1550      0.13805332     -0.04695669j                                                
               <<  y  ;  y  >>    10.1550      0.32678015     -0.02195468j                                                
               <<  y  ;  z  >>    10.1550      0.08425612     -0.02713839j                                                
               <<  z  ;  x  >>    10.1550      0.22244543     -0.08003099j                                                
               <<  z  ;  y  >>    10.1550      0.08425612     -0.02713839j                                                
               <<  z  ;  z  >>    10.1550      0.43976290     -0.05114610j                                                
                                                                                                                          
               Dipole  Dipole   Frequency            Real        Imaginary                                                
               -----------------------------------------------------------                                                
               <<  x  ;  x  >>    10.1575      0.64116285     -0.10651219j                                                
               <<  x  ;  y  >>    10.1575      0.11988707     -0.03443947j                                                
               <<  x  ;  z  >>    10.1575      0.19140249     -0.05885339j                                                
               <<  y  ;  x  >>    10.1575      0.11988707     -0.03443947j                                                
               <<  y  ;  y  >>    10.1575      0.31727752     -0.01792028j                                                
               <<  y  ;  z  >>    10.1575      0.07376675     -0.01989184j                                                
               <<  z  ;  x  >>    10.1575      0.19140249     -0.05885339j                                                
               <<  z  ;  y  >>    10.1575      0.07376675     -0.01989184j                                                
               <<  z  ;  z  >>    10.1575      0.41911857     -0.03904551j                                                
                                                                                                                          
               Dipole  Dipole   Frequency            Real        Imaginary                                                
               -----------------------------------------------------------                                                
               <<  x  ;  x  >>    10.1600      0.59603943     -0.08282243j                                                
               <<  x  ;  y  >>    10.1600      0.10556170     -0.02625506j                                                
               <<  x  ;  z  >>    10.1600      0.16684859     -0.04502161j                                                
               <<  y  ;  x  >>    10.1600      0.10556170     -0.02625506j                                                
               <<  y  ;  y  >>    10.1600      0.30894955     -0.01538858j                                                
               <<  y  ;  z  >>    10.1600      0.06549965     -0.01515645j                                                
               <<  z  ;  x  >>    10.1600      0.16684859     -0.04502161j                                                
               <<  z  ;  y  >>    10.1600      0.06549965     -0.01515645j                                                
               <<  z  ;  z  >>    10.1600      0.40213853     -0.03121642j                                                
                                                                                                                          
               Dipole  Dipole   Frequency            Real        Imaginary                                                
               -----------------------------------------------------------                                                
               <<  x  ;  x  >>    10.1625      0.55911804     -0.06666767j                                                
               <<  x  ;  y  >>    10.1625      0.09408910     -0.02063777j                                                
               <<  x  ;  z  >>    10.1625      0.14710748     -0.03554351j                                                
               <<  y  ;  x  >>    10.1625      0.09408910     -0.02063777j                                                
               <<  y  ;  y  >>    10.1625      0.30144613     -0.01375889j                                                
               <<  y  ;  z  >>    10.1625      0.05888174     -0.01190959j                                                
               <<  z  ;  x  >>    10.1625      0.14710748     -0.03554351j                                                
               <<  z  ;  y  >>    10.1625      0.05888174     -0.01190959j                                                
               <<  z  ;  z  >>    10.1625      0.38784256     -0.02592813j                                                
                                                                                                                          
               Dipole  Dipole   Frequency            Real        Imaginary                                                
               -----------------------------------------------------------                                                
               <<  x  ;  x  >>    10.1650      0.52827050     -0.05523751j                                                
               <<  x  ;  y  >>    10.1650      0.08474669     -0.01662564j                                                
               <<  x  ;  z  >>    10.1650      0.13095280     -0.02878906j                                                
               <<  y  ;  x  >>    10.1650      0.08474669     -0.01662564j                                                
               <<  y  ;  y  >>    10.1650      0.29450626     -0.01270575j                                                
               <<  y  ;  z  >>    10.1650      0.05349362     -0.00959431j                                                
               <<  z  ;  x  >>    10.1650      0.13095280     -0.02878906j                                                
               <<  z  ;  y  >>    10.1650      0.05349362     -0.00959431j                                                
               <<  z  ;  z  >>    10.1650      0.37550954     -0.02223959j                                                
                                                                                                                          
               Dipole  Dipole   Frequency            Real        Imaginary                                                
               -----------------------------------------------------------                                                
               <<  x  ;  x  >>    10.1675      0.50197363     -0.04691171j                                                
               <<  x  ;  y  >>    10.1675      0.07701945     -0.01366327j                                                
               <<  x  ;  z  >>    10.1675      0.11750979     -0.02381717j                                                
               <<  y  ;  x  >>    10.1675      0.07701945     -0.01366327j                                                
               <<  y  ;  y  >>    10.1675      0.28793797     -0.01204333j                                                
               <<  y  ;  z  >>    10.1675      0.04903595     -0.00788920j                                                
               <<  z  ;  x  >>    10.1675      0.11750979     -0.02381717j                                                
               <<  z  ;  y  >>    10.1675      0.04903595     -0.00788920j                                                
               <<  z  ;  z  >>    10.1675      0.36462018     -0.01960969j                                                
                                                                                                                          
               Dipole  Dipole   Frequency            Real        Imaginary                                                
               -----------------------------------------------------------                                                
               <<  x  ;  x  >>    10.1700      0.47913094     -0.04070935j                                                
               <<  x  ;  y  >>    10.1700      0.07053906     -0.01141352j                                                
               <<  x  ;  z  >>    10.1700      0.10615227     -0.02005651j                                                
               <<  y  ;  x  >>    10.1700      0.07053906     -0.01141352j                                                
               <<  y  ;  y  >>    10.1700      0.28159714     -0.01166114j                                                
               <<  y  ;  z  >>    10.1700      0.04529419     -0.00659938j                                                
               <<  z  ;  x  >>    10.1700      0.10615227     -0.02005651j                                                
               <<  z  ;  y  >>    10.1700      0.04529419     -0.00659938j                                                
               <<  z  ;  z  >>    10.1700      0.35479687     -0.01771255j                                                
                                                                                                                          
               Dipole  Dipole   Frequency            Real        Imaginary                                                
               -----------------------------------------------------------                                                
               <<  x  ;  x  >>    10.1725      0.45894015     -0.03601176j                                                
               <<  x  ;  y  >>    10.1725      0.06503887     -0.00966259j                                                
               <<  x  ;  z  >>    10.1725      0.09642627     -0.01714471j                                                
               <<  y  ;  x  >>    10.1725      0.06503887     -0.00966259j                                                
               <<  y  ;  y  >>    10.1725      0.27537164     -0.01149187j                                                
               <<  y  ;  z  >>    10.1725      0.04211242     -0.00560154j                                                
               <<  z  ;  x  >>    10.1725      0.09642627     -0.01714471j                                                
               <<  z  ;  y  >>    10.1725      0.04211242     -0.00560154j                                                
               <<  z  ;  z  >>    10.1725      0.34575888     -0.01634479j                                                
                                                                                                                          
               Dipole  Dipole   Frequency            Real        Imaginary                                                
               -----------------------------------------------------------                                                
               <<  x  ;  x  >>    10.1750      0.44080222     -0.03241529j                                                
               <<  x  ;  y  >>    10.1750      0.06032302     -0.00826971j                                                
               <<  x  ;  z  >>    10.1750      0.08799779     -0.01484284j                                                
               <<  y  ;  x  >>    10.1750      0.06032302     -0.00826971j                                                
               <<  y  ;  y  >>    10.1750      0.26917027     -0.01149436j                                                
               <<  y  ;  z  >>    10.1750      0.03937545     -0.00481473j                                                
               <<  z  ;  x  >>    10.1750      0.08799779     -0.01484284j                                                
               <<  z  ;  y  >>    10.1750      0.03937545     -0.00481473j                                                
               <<  z  ;  z  >>    10.1750      0.33729128     -0.01537645j                                                
                                                                                                                          
               Dipole  Dipole   Frequency            Real        Imaginary                                                
               -----------------------------------------------------------                                                
               <<  x  ;  x  >>    10.1775      0.42425976     -0.02964952j                                                
               <<  x  ;  y  >>    10.1775      0.05624566     -0.00713891j                                                
               <<  x  ;  z  >>    10.1775      0.08061780     -0.01298752j                                                
               <<  y  ;  x  >>    10.1775      0.05624566     -0.00713891j                                                
               <<  y  ;  y  >>    10.1775      0.26291489     -0.01164436j                                                
               <<  y  ;  z  >>    10.1775      0.03699667     -0.00418415j                                                
               <<  z  ;  x  >>    10.1775      0.08061780     -0.01298752j                                                
               <<  z  ;  y  >>    10.1775      0.03699667     -0.00418415j                                                
               <<  z  ;  z  >>    10.1775      0.32922356     -0.01472399j                                                
                                                                                                                          
               Dipole  Dipole   Frequency            Real        Imaginary                                                
               -----------------------------------------------------------                                                
               <<  x  ;  x  >>    10.1800      0.40895501     -0.02752978j                                                
               <<  x  ;  y  >>    10.1800      0.05269700     -0.00620265j                                                
               <<  x  ;  z  >>    10.1800      0.07409871     -0.01146282j                                                
               <<  y  ;  x  >>    10.1800      0.05269700     -0.00620265j                                                
               <<  y  ;  y  >>    10.1800      0.25653484     -0.01192932j                                                
               <<  y  ;  z  >>    10.1800      0.03490994     -0.00367159j                                                
               <<  z  ;  x  >>    10.1800      0.07409871     -0.01146282j                                                
               <<  z  ;  y  >>    10.1800      0.03490994     -0.00367159j                                                
               <<  z  ;  z  >>    10.1800      0.32141466     -0.01433518j                                                
                                                                                                                          
               Dipole  Dipole   Frequency            Real        Imaginary                                                
               -----------------------------------------------------------                                                
               <<  x  ;  x  >>    10.1825      0.39460066     -0.02592897j                                                
               <<  x  ;  y  >>    10.1825      0.04959388     -0.00541181j                                                
               <<  x  ;  z  >>    10.1825      0.06829874     -0.01018293j                                                
               <<  y  ;  x  >>    10.1825      0.04959388     -0.00541181j                                                
               <<  y  ;  y  >>    10.1825      0.24996251     -0.01234562j                                                
               <<  y  ;  z  >>    10.1825      0.03306395     -0.00324969j                                                
               <<  z  ;  x  >>    10.1825      0.06829874     -0.01018293j                                                
               <<  z  ;  y  >>    10.1825      0.03306395     -0.00324969j                                                
               <<  z  ;  z  >>    10.1825      0.31374173     -0.01418065j                                                
                                                                                                                          
               Dipole  Dipole   Frequency            Real        Imaginary                                                
               -----------------------------------------------------------                                                
               <<  x  ;  x  >>    10.1850      0.38095903     -0.02476032j                                                
               <<  x  ;  y  >>    10.1850      0.04687327     -0.00472944j                                                
               <<  x  ;  z  >>    10.1850      0.06311153     -0.00908068j                                                
               <<  y  ;  x  >>    10.1850      0.04687327     -0.00472944j                                                
               <<  y  ;  y  >>    10.1850      0.24312967     -0.01289730j                                                
               <<  y  ;  z  >>    10.1850      0.03141842     -0.00289829j                                                
               <<  z  ;  x  >>    10.1850      0.06311153     -0.00908068j                                                
               <<  z  ;  y  >>    10.1850      0.03141842     -0.00289829j                                                
               <<  z  ;  z  >>    10.1850      0.30609136     -0.01424995j                                                
                                                                                                                          
               Dipole  Dipole   Frequency            Real        Imaginary                                                
               -----------------------------------------------------------                                                
               <<  x  ;  x  >>    10.1875      0.36782651     -0.02396722j                                                
               <<  x  ;  y  >>    10.1875      0.04448794     -0.00412653j                                                
               <<  x  ;  z  >>    10.1875      0.05845956     -0.00809917j                                                
               <<  y  ;  x  >>    10.1875      0.04448794     -0.00412653j                                                
               <<  y  ;  y  >>    10.1875      0.23596401     -0.01359576j                                                
               <<  y  ;  z  >>    10.1875      0.02994140     -0.00260198j                                                
               <<  z  ;  x  >>    10.1875      0.05845956     -0.00809917j                                                
               <<  z  ;  y  >>    10.1875      0.02994140     -0.00260198j                                                
               <<  z  ;  z  >>    10.1875      0.29835160     -0.01455086j                                                
                                                                                                                          
               Dipole  Dipole   Frequency            Real        Imaginary                                                
               -----------------------------------------------------------                                                
               <<  x  ;  x  >>    10.1900      0.35502146     -0.02351757j                                                
               <<  x  ;  y  >>    10.1900      0.04240353     -0.00357923j                                                
               <<  x  ;  z  >>    10.1900      0.05429066     -0.00718458j                                                
               <<  y  ;  x  >>    10.1900      0.04240353     -0.00357923j                                                
               <<  y  ;  y  >>    10.1900      0.22838559     -0.01446055j                                                
               <<  y  ;  z  >>    10.1900      0.02860745     -0.00234822j                                                
               <<  z  ;  x  >>    10.1900      0.05429066     -0.00718458j                                                
               <<  z  ;  y  >>    10.1900      0.02860745     -0.00234822j                                                
               <<  z  ;  z  >>    10.1900      0.29040396     -0.01511224j                                                
                                                                                                                          
               Dipole  Dipole   Frequency            Real        Imaginary                                                
               -----------------------------------------------------------                                                
               <<  x  ;  x  >>    10.1925      0.34237382     -0.02340208j                                                
               <<  x  ;  y  >>    10.1925      0.04059674     -0.00306674j                                                
               <<  x  ;  z  >>    10.1925      0.05057718     -0.00627820j                                                
               <<  y  ;  x  >>    10.1925      0.04059674     -0.00306674j                                                
               <<  y  ;  y  >>    10.1925      0.22030265     -0.01552118j                                                
               <<  y  ;  z  >>    10.1925      0.02739644     -0.00212576j                                                
               <<  z  ;  x  >>    10.1925      0.05057718     -0.00627820j                                                
               <<  z  ;  y  >>    10.1925      0.02739644     -0.00212576j                                                
               <<  z  ;  z  >>    10.1925      0.28211410     -0.01599159j                                                
                                                                                                                          
               Dipole  Dipole   Frequency            Real        Imaginary                                                
               -----------------------------------------------------------                                                
               <<  x  ;  x  >>    10.1950      0.32971539     -0.02363654j                                                
               <<  x  ;  y  >>    10.1950      0.03905446     -0.00256978j                                                
               <<  x  ;  z  >>    10.1950      0.04731799     -0.00530549j                                                
               <<  y  ;  x  >>    10.1950      0.03905446     -0.00256978j                                                
               <<  y  ;  y  >>    10.1950      0.21160650     -0.01682031j                                                
               <<  y  ;  z  >>    10.1950      0.02629288     -0.00192262j                                                
               <<  z  ;  x  >>    10.1950      0.04731799     -0.00530549j                                                
               <<  z  ;  y  >>    10.1950      0.02629288     -0.00192262j                                                
               <<  z  ;  z  >>    10.1950      0.27331987     -0.01729060j                                                
                                                                                                                          
               Dipole  Dipole   Frequency            Real        Imaginary                                                
               -----------------------------------------------------------                                                
               <<  x  ;  x  >>    10.1975      0.31686965     -0.02426997j                                                
               <<  x  ;  y  >>    10.1975      0.03777374     -0.00206949j                                                
               <<  x  ;  z  >>    10.1975      0.04454349     -0.00415745j                                                
               <<  y  ;  x  >>    10.1975      0.03777374     -0.00206949j                                                
               <<  y  ;  y  >>    10.1975      0.20216479     -0.01841914j                                                
               <<  y  ;  z  >>    10.1975      0.02528568     -0.00172300j                                                
               <<  z  ;  x  >>    10.1975      0.04454349     -0.00415745j                                                
               <<  z  ;  y  >>    10.1975      0.02528568     -0.00172300j                                                
               <<  z  ;  z  >>    10.1975      0.26381555     -0.01918606j                                                
                                                                                                                          
               Dipole  Dipole   Frequency            Real        Imaginary                                                
               -----------------------------------------------------------                                                
               <<  x  ;  x  >>    10.2000      0.30364061     -0.02540361j                                                
               <<  x  ;  y  >>    10.2000      0.03676288     -0.00154737j                                                
               <<  x  ;  z  >>    10.2000      0.04232358     -0.00265521j                                                
               <<  y  ;  x  >>    10.2000      0.03676288     -0.00154737j                                                
               <<  y  ;  y  >>    10.2000      0.19181221     -0.02040648j                                                
               <<  y  ;  z  >>    10.2000      0.02436809     -0.00150123j                                                
               <<  z  ;  x  >>    10.2000      0.04232358     -0.00265521j                                                
               <<  z  ;  y  >>    10.2000      0.02436809     -0.00150123j                                                
               <<  z  ;  z  >>    10.2000      0.25333201     -0.02199298j                                                
                                                                                                                          
               Dipole  Dipole   Frequency            Real        Imaginary                                                
               -----------------------------------------------------------                                                
               <<  x  ;  x  >>    10.2025      0.28980269     -0.02723264j                                                
               <<  x  ;  y  >>    10.2025      0.03604459     -0.00098730j                                                
               <<  x  ;  z  >>    10.2025      0.04077356     -0.00047553j                                                
               <<  y  ;  x  >>    10.2025      0.03604459     -0.00098730j                                                
               <<  y  ;  y  >>    10.2025      0.18033771     -0.02291421j                                                
               <<  y  ;  z  >>    10.2025      0.02353641     -0.00120854j                                                
               <<  z  ;  x  >>    10.2025      0.04077356     -0.00047553j                                                
               <<  z  ;  y  >>    10.2025      0.02353641     -0.00120854j                                                
               <<  z  ;  z  >>    10.2025      0.24152164     -0.02630021j                                                
                                                                                                                          
               Dipole  Dipole   Frequency            Real        Imaginary                                                
               -----------------------------------------------------------                                                
               <<  x  ;  x  >>    10.2050      0.27510579     -0.03014040j                                                
               <<  x  ;  y  >>    10.2050      0.03566543     -0.00038425j                                                
               <<  x  ;  z  >>    10.2050      0.04003014      0.00301647j                                                
               <<  y  ;  x  >>    10.2050      0.03566543     -0.00038425j                                                
               <<  y  ;  y  >>    10.2050      0.16746677     -0.02614497j                                                
               <<  y  ;  z  >>    10.2050      0.02278105     -0.00074193j                                                
               <<  z  ;  x  >>    10.2050      0.04003014      0.00301647j                                                
               <<  z  ;  y  >>    10.2050      0.02278105     -0.00074193j                                                
               <<  z  ;  z  >>    10.2050      0.22799943     -0.03327763j                                                
                                                                                                                          
               Dipole  Dipole   Frequency            Real        Imaginary                                                
               -----------------------------------------------------------                                                
               <<  x  ;  x  >>    10.2075      0.25937047     -0.03491407j                                                
               <<  x  ;  y  >>    10.2075      0.03572895      0.00023025j                                                
               <<  x  ;  z  >>    10.2075      0.04005760      0.00915244j                                                
               <<  y  ;  x  >>    10.2075      0.03572895      0.00023025j                                                
               <<  y  ;  y  >>    10.2075      0.15283991     -0.03042419j                                                
               <<  y  ;  z  >>    10.2075      0.02203850      0.00012990j                                                
               <<  z  ;  x  >>    10.2075      0.04005760      0.00915244j                                                
               <<  z  ;  y  >>    10.2075      0.02203850      0.00012990j                                                
               <<  z  ;  z  >>    10.2075      0.21270009     -0.04538573j                                                
                                                                                                                          
               Dipole  Dipole   Frequency            Real        Imaginary                                                
               -----------------------------------------------------------                                                
               <<  x  ;  x  >>    10.2100      0.24303542     -0.04315829j                                                
               <<  x  ;  y  >>    10.2100      0.03653359      0.00073875j                                                
               <<  x  ;  z  >>    10.2100      0.03961013      0.02069958j                                                
               <<  y  ;  x  >>    10.2100      0.03653359      0.00073875j                                                
               <<  y  ;  y  >>    10.2100      0.13600177     -0.03629855j                                                
               <<  y  ;  z  >>    10.2100      0.02095593      0.00190854j                                                
               <<  z  ;  x  >>    10.2100      0.03961013      0.02069958j                                                
               <<  z  ;  y  >>    10.2100      0.02095593      0.00190854j                                                
               <<  z  ;  z  >>    10.2100      0.19780078     -0.06773651j                                                
                                                                                                                          
               Dipole  Dipole   Frequency            Real        Imaginary                                                
               -----------------------------------------------------------                                                
               <<  x  ;  x  >>    10.2125      0.22946351     -0.05698127j                                                
               <<  x  ;  y  >>    10.2125      0.03910108      0.00109004j                                                
               <<  x  ;  z  >>    10.2125      0.03192688      0.04122254j                                                
               <<  y  ;  x  >>    10.2125      0.03910108      0.00109004j                                                
               <<  y  ;  y  >>    10.2125      0.11646370     -0.04467829j                                                
               <<  y  ;  z  >>    10.2125      0.01793776      0.00518526j                                                
               <<  z  ;  x  >>    10.2125      0.03192688      0.04122254j                                                
               <<  z  ;  y  >>    10.2125      0.01793776      0.00518526j                                                
               <<  z  ;  z  >>    10.2125      0.19570473     -0.10688946j                                                
                                                                                                                          
               Dipole  Dipole   Frequency            Real        Imaginary                                                
               -----------------------------------------------------------                                                
               <<  x  ;  x  >>    10.2150      0.22665435     -0.07103679j                                                
               <<  x  ;  y  >>    10.2150      0.04556809      0.00322163j                                                
               <<  x  ;  z  >>    10.2150      0.00152803      0.06020567j                                                
               <<  y  ;  x  >>    10.2150      0.04556809      0.00322163j                                                
               <<  y  ;  y  >>    10.2150      0.09374854     -0.05678987j                                                
               <<  y  ;  z  >>    10.2150      0.00943752      0.00729256j                                                
               <<  z  ;  x  >>    10.2150      0.00152803      0.06020567j                                                
               <<  z  ;  y  >>    10.2150      0.00943752      0.00729256j                                                
               <<  z  ;  z  >>    10.2150      0.23497767     -0.14320813j                                                
                                                                                                                          
               Dipole  Dipole   Frequency            Real        Imaginary                                                
               -----------------------------------------------------------                                                
               <<  x  ;  x  >>    10.2175      0.22518669     -0.07028628j                                                
               <<  x  ;  y  >>    10.2175      0.05429231      0.01195517j                                                
               <<  x  ;  z  >>    10.2175     -0.03485675      0.04864638j                                                
               <<  y  ;  x  >>    10.2175      0.05429231      0.01195517j                                                
               <<  y  ;  y  >>    10.2175      0.06643235     -0.07482398j                                                
               <<  y  ;  z  >>    10.2175     -0.00103976      0.00113709j                                                
               <<  z  ;  x  >>    10.2175     -0.03485675      0.04864638j                                                
               <<  z  ;  y  >>    10.2175     -0.00103976      0.00113709j                                                
               <<  z  ;  z  >>    10.2175      0.28439474     -0.12257586j                                                
                                                                                                                          
               Dipole  Dipole   Frequency            Real        Imaginary                                                
               -----------------------------------------------------------                                                
               <<  x  ;  x  >>    10.2200      0.20877803     -0.06747148j                                                
               <<  x  ;  y  >>    10.2200      0.06167875      0.02772057j                                                
               <<  x  ;  z  >>    10.2200     -0.04761840      0.02798657j                                                
               <<  y  ;  x  >>    10.2200      0.06167875      0.02772057j                                                
               <<  y  ;  y  >>    10.2200      0.03353633     -0.10547336j                                                
               <<  y  ;  z  >>    10.2200     -0.00692252     -0.01016291j                                                
               <<  z  ;  x  >>    10.2200     -0.04761840      0.02798657j                                                
               <<  z  ;  y  >>    10.2200     -0.00692252     -0.01016291j                                                
               <<  z  ;  z  >>    10.2200      0.28863029     -0.08399761j                                                
                                                                                                                          
               Dipole  Dipole   Frequency            Real        Imaginary                                                
               -----------------------------------------------------------                                                
               <<  x  ;  x  >>    10.2225      0.18545420     -0.07589926j                                                
               <<  x  ;  y  >>    10.2225      0.06641240      0.05429135j                                                
               <<  x  ;  z  >>    10.2225     -0.05059313      0.01854281j                                                
               <<  y  ;  x  >>    10.2225      0.06641240      0.05429135j                                                
               <<  y  ;  y  >>    10.2225      0.00079252     -0.16191452j                                                
               <<  y  ;  z  >>    10.2225     -0.00959685     -0.02546478j                                                
               <<  z  ;  x  >>    10.2225     -0.05059313      0.01854281j                                                
               <<  z  ;  y  >>    10.2225     -0.00959685     -0.02546478j                                                
               <<  z  ;  z  >>    10.2225      0.27193197     -0.06343895j                                                
                                                                                                                          
               Dipole  Dipole   Frequency            Real        Imaginary                                                
               -----------------------------------------------------------                                                
               <<  x  ;  x  >>    10.2250      0.16731229     -0.09821137j                                                
               <<  x  ;  y  >>    10.2250      0.05437455      0.09936711j                                                
               <<  x  ;  z  >>    10.2250     -0.05728601      0.01972223j                                                
               <<  y  ;  x  >>    10.2250      0.05437455      0.09936711j                                                
               <<  y  ;  y  >>    10.2250     -0.00072207     -0.25984125j                                                
               <<  y  ;  z  >>    10.2250     -0.00342691     -0.04897491j                                                
               <<  z  ;  x  >>    10.2250     -0.05728601      0.01972223j                                                
               <<  z  ;  y  >>    10.2250     -0.00342691     -0.04897491j                                                
               <<  z  ;  z  >>    10.2250      0.25369564     -0.05773355j                                                
                                                                                                                          
               Dipole  Dipole   Frequency            Real        Imaginary                                                
               -----------------------------------------------------------                                                
               <<  x  ;  x  >>    10.2275      0.17116946     -0.12106147j                                                
               <<  x  ;  y  >>    10.2275     -0.00779853      0.13855679j                                                
               <<  x  ;  z  >>    10.2275     -0.07826942      0.02203716j                                                
               <<  y  ;  x  >>    10.2275     -0.00779853      0.13855679j                                                
               <<  y  ;  y  >>    10.2275      0.09754072     -0.34870908j                                                
               <<  y  ;  z  >>    10.2275      0.02815428     -0.06881854j                                                
               <<  z  ;  x  >>    10.2275     -0.07826942      0.02203716j                                                
               <<  z  ;  y  >>    10.2275      0.02815428     -0.06881854j                                                
               <<  z  ;  z  >>    10.2275      0.24161258     -0.05805157j                                                
                                                                                                                          
               Dipole  Dipole   Frequency            Real        Imaginary                                                
               -----------------------------------------------------------                                                
               <<  x  ;  x  >>    10.2300      0.17735888     -0.11375505j                                                
               <<  x  ;  y  >>    10.2300     -0.08093646      0.10927423j                                                
               <<  x  ;  z  >>    10.2300     -0.10451652      0.00818155j                                                
               <<  y  ;  x  >>    10.2300     -0.08093646      0.10927423j                                                
               <<  y  ;  y  >>    10.2300      0.21367137     -0.29998039j                                                
               <<  y  ;  z  >>    10.2300      0.06542203     -0.05352670j                                                
               <<  z  ;  x  >>    10.2300     -0.10451652      0.00818155j                                                
               <<  z  ;  y  >>    10.2300      0.06542203     -0.05352670j                                                
               <<  z  ;  z  >>    10.2300      0.23077356     -0.05394369j                                                
                                                                                                                          
               Dipole  Dipole   Frequency            Real        Imaginary                                                
               -----------------------------------------------------------                                                
               <<  x  ;  x  >>    10.2325      0.15453705     -0.09985629j                                                
               <<  x  ;  y  >>    10.2325     -0.10274442      0.05907870j                                                
               <<  x  ;  z  >>    10.2325     -0.12116371     -0.01152199j                                                
               <<  y  ;  x  >>    10.2325     -0.10274442      0.05907870j                                                
               <<  y  ;  y  >>    10.2325      0.21753271     -0.21325128j                                                
               <<  y  ;  z  >>    10.2325      0.07706662     -0.02699966j                                                
               <<  z  ;  x  >>    10.2325     -0.12116371     -0.01152199j                                                
               <<  z  ;  y  >>    10.2325      0.07706662     -0.02699966j                                                
               <<  z  ;  z  >>    10.2325      0.21268782     -0.05035321j                                                
                                                                                                                          
               Dipole  Dipole   Frequency            Real        Imaginary                                                
               -----------------------------------------------------------                                                
               <<  x  ;  x  >>    10.2350      0.11539247     -0.09982012j                                                
               <<  x  ;  y  >>    10.2350     -0.10259401      0.02730529j                                                
               <<  x  ;  z  >>    10.2350     -0.13598407     -0.02874721j                                                
               <<  y  ;  x  >>    10.2350     -0.10259401      0.02730529j                                                
               <<  y  ;  y  >>    10.2350      0.16749815     -0.17250431j                                                
               <<  y  ;  z  >>    10.2350      0.07810956     -0.00870564j                                                
               <<  z  ;  x  >>    10.2350     -0.13598407     -0.02874721j                                                
               <<  z  ;  y  >>    10.2350      0.07810956     -0.00870564j                                                
               <<  z  ;  z  >>    10.2350      0.18999522     -0.05226608j                                                
                                                                                                                          
               Dipole  Dipole   Frequency            Real        Imaginary                                                
               -----------------------------------------------------------                                                
               <<  x  ;  x  >>    10.2375      0.06781628     -0.11367022j                                                
               <<  x  ;  y  >>    10.2375     -0.10100752      0.00836414j                                                
               <<  x  ;  z  >>    10.2375     -0.15489615     -0.04671734j                                                
               <<  y  ;  x  >>    10.2375     -0.10100753      0.00836414j                                                
               <<  y  ;  y  >>    10.2375      0.10297816     -0.17158665j                                                
               <<  y  ;  z  >>    10.2375      0.07911501      0.00507419j                                                
               <<  z  ;  x  >>    10.2375     -0.15489615     -0.04671734j                                                
               <<  z  ;  y  >>    10.2375      0.07911501      0.00507419j                                                
               <<  z  ;  z  >>    10.2375      0.16408475     -0.06011918j                                                
                                                                                                                          
               Dipole  Dipole   Frequency            Real        Imaginary                                                
               -----------------------------------------------------------                                                
               <<  x  ;  x  >>    10.2400      0.01154873     -0.14313820j                                                
               <<  x  ;  y  >>    10.2400     -0.10277821     -0.00512795j                                                
               <<  x  ;  z  >>    10.2400     -0.18022519     -0.07053613j                                                
               <<  y  ;  x  >>    10.2400     -0.10277821     -0.00512795j                                                
               <<  y  ;  y  >>    10.2400      0.03068599     -0.20599370j                                                
               <<  y  ;  z  >>    10.2400      0.08246395      0.02006982j                                                
               <<  z  ;  x  >>    10.2400     -0.18022519     -0.07053613j                                                
               <<  z  ;  y  >>    10.2400      0.08246395      0.02006982j                                                
               <<  z  ;  z  >>    10.2400      0.13430846     -0.07569533j                                                
                                                                                                                          
               Dipole  Dipole   Frequency            Real        Imaginary                                                
               -----------------------------------------------------------                                                
               <<  x  ;  x  >>    10.2425     -0.05509674     -0.19692489j                                                
               <<  x  ;  y  >>    10.2425     -0.10912317     -0.01749565j                                                
               <<  x  ;  z  >>    10.2425     -0.21292396     -0.10785081j                                                
               <<  y  ;  x  >>    10.2425     -0.10912317     -0.01749565j                                                
               <<  y  ;  y  >>    10.2425     -0.04663405     -0.28927908j                                                
               <<  y  ;  z  >>    10.2425      0.08713771      0.04295488j                                                
               <<  z  ;  x  >>    10.2425     -0.21292396     -0.10785081j                                                
               <<  z  ;  y  >>    10.2425      0.08713771      0.04295489j                                                
               <<  z  ;  z  >>    10.2425      0.10023699     -0.10431520j                                                
                                                                                                                          
               Dipole  Dipole   Frequency            Real        Imaginary                                                
               -----------------------------------------------------------                                                
               <<  x  ;  x  >>    10.2450     -0.12790152     -0.29584705j                                                
               <<  x  ;  y  >>    10.2450     -0.12173018     -0.03250039j                                                
               <<  x  ;  z  >>    10.2450     -0.24932494     -0.17303317j                                                
               <<  y  ;  x  >>    10.2450     -0.12173018     -0.03250040j                                                
               <<  y  ;  y  >>    10.2450     -0.10268719     -0.45876144j                                                
               <<  y  ;  z  >>    10.2450      0.08432763      0.08402459j                                                
               <<  z  ;  x  >>    10.2450     -0.24932494     -0.17303317j                                                
               <<  z  ;  y  >>    10.2450      0.08432763      0.08402459j                                                
               <<  z  ;  z  >>    10.2450      0.06640185     -0.15762455j                                                
                                                                                                                          
               Dipole  Dipole   Frequency            Real        Imaginary                                                
               -----------------------------------------------------------                                                
               <<  x  ;  x  >>    10.2475     -0.17008213     -0.47524578j                                                
               <<  x  ;  y  >>    10.2475     -0.14357291     -0.06012868j                                                
               <<  x  ;  z  >>    10.2475     -0.26355338     -0.28782859j                                                
               <<  y  ;  x  >>    10.2475     -0.14357291     -0.06012868j                                                
               <<  y  ;  y  >>    10.2475     -0.01577590     -0.73701567j                                                
               <<  y  ;  z  >>    10.2475      0.03868686      0.14401786j                                                
               <<  z  ;  x  >>    10.2475     -0.26355338     -0.28782859j                                                
               <<  z  ;  y  >>    10.2475      0.03868686      0.14401786j                                                
               <<  z  ;  z  >>    10.2475      0.05940716     -0.25003498j                                                
                                                                                                                          
               Dipole  Dipole   Frequency            Real        Imaginary                                                
               -----------------------------------------------------------                                                
               <<  x  ;  x  >>    10.2500     -0.06225723     -0.70814685j                                                
               <<  x  ;  y  >>    10.2500     -0.15256219     -0.12371094j                                                
               <<  x  ;  z  >>    10.2500     -0.18108776     -0.42821741j                                                
               <<  y  ;  x  >>    10.2500     -0.15256219     -0.12371094j                                                
               <<  y  ;  y  >>    10.2500      0.36084651     -0.87886747j                                                
               <<  y  ;  z  >>    10.2500     -0.07488987      0.14205460j                                                
               <<  z  ;  x  >>    10.2500     -0.18108776     -0.42821741j                                                
               <<  z  ;  y  >>    10.2500     -0.07488987      0.14205460j                                                
               <<  z  ;  z  >>    10.2500      0.13582274     -0.34345957j                                                
                                                                                                                          
               Dipole  Dipole   Frequency            Real        Imaginary                                                
               -----------------------------------------------------------                                                
               <<  x  ;  x  >>    10.2525      0.17087690     -0.76254691j                                                
               <<  x  ;  y  >>    10.2525     -0.10799906     -0.17396859j                                                
               <<  x  ;  z  >>    10.2525     -0.02923350     -0.45185859j                                                
               <<  y  ;  x  >>    10.2525     -0.10799906     -0.17396859j                                                
               <<  y  ;  y  >>    10.2525      0.65309912     -0.65486337j                                                
               <<  y  ;  z  >>    10.2525     -0.12880783      0.04992260j                                                
               <<  z  ;  x  >>    10.2525     -0.02923350     -0.45185859j                                                
               <<  z  ;  y  >>    10.2525     -0.12880783      0.04992260j                                                
               <<  z  ;  z  >>    10.2525      0.24281163     -0.33461513j                                                
                                                                                                                          
               Dipole  Dipole   Frequency            Real        Imaginary                                                
               -----------------------------------------------------------                                                
               <<  x  ;  x  >>    10.2550      0.24686397     -0.72931285j                                                
               <<  x  ;  y  >>    10.2550     -0.08242443     -0.19605353j                                                
               <<  x  ;  z  >>    10.2550      0.02201849     -0.42388463j                                                
               <<  y  ;  x  >>    10.2550     -0.08242443     -0.19605353j                                                
               <<  y  ;  y  >>    10.2550      0.67691854     -0.42248582j                                                
               <<  y  ;  z  >>    10.2550     -0.12252123     -0.02603250j                                                
               <<  z  ;  x  >>    10.2550      0.02201849     -0.42388463j                                                
               <<  z  ;  y  >>    10.2550     -0.12252123     -0.02603250j                                                
               <<  z  ;  z  >>    10.2550      0.26591252     -0.29578942j                                                
                                                                                                                          
               Dipole  Dipole   Frequency            Real        Imaginary                                                
               -----------------------------------------------------------                                                
               <<  x  ;  x  >>    10.2575      0.33039076     -0.84893279j                                                
               <<  x  ;  y  >>    10.2575     -0.04308832     -0.25627684j                                                
               <<  x  ;  z  >>    10.2575      0.07461927     -0.48802130j                                                
               <<  y  ;  x  >>    10.2575     -0.04308832     -0.25627684j                                                
               <<  y  ;  y  >>    10.2575      0.62928492     -0.30984016j                                                
               <<  y  ;  z  >>    10.2575     -0.08718162     -0.09574818j                                                
               <<  z  ;  x  >>    10.2575      0.07461927     -0.48802130j                                                
               <<  z  ;  y  >>    10.2575     -0.08718162     -0.09574818j                                                
               <<  z  ;  z  >>    10.2575      0.28182702     -0.32081072j                                                
                                                                                                                          
               Dipole  Dipole   Frequency            Real        Imaginary                                                
               -----------------------------------------------------------                                                
               <<  x  ;  x  >>    10.2600      0.65287113     -0.88574604j                                                
               <<  x  ;  y  >>    10.2600      0.07893403     -0.27907718j                                                
               <<  x  ;  z  >>    10.2600      0.26558722     -0.50631988j                                                
               <<  y  ;  x  >>    10.2600      0.07893403     -0.27907718j                                                
               <<  y  ;  y  >>    10.2600      0.60707167     -0.24724682j                                                
               <<  y  ;  z  >>    10.2600     -0.00267942     -0.12712731j                                                
               <<  z  ;  x  >>    10.2600      0.26558722     -0.50631988j                                                
               <<  z  ;  y  >>    10.2600     -0.00267942     -0.12712731j                                                
               <<  z  ;  z  >>    10.2600      0.37701972     -0.32566245j                                                
                                                                                                                          
               Dipole  Dipole   Frequency            Real        Imaginary                                                
               -----------------------------------------------------------                                                
               <<  x  ;  x  >>    10.2625      0.87541576     -0.62123706j                                                
               <<  x  ;  y  >>    10.2625      0.16526744     -0.19370521j                                                
               <<  x  ;  z  >>    10.2625      0.39925279     -0.35102660j                                                
               <<  y  ;  x  >>    10.2625      0.16526744     -0.19370521j                                                
               <<  y  ;  y  >>    10.2625      0.58191692     -0.17914822j                                                
               <<  y  ;  z  >>    10.2625      0.05900157     -0.08755717j                                                
               <<  z  ;  x  >>    10.2625      0.39925279     -0.35102660j                                                
               <<  z  ;  y  >>    10.2625      0.05900157     -0.08755717j                                                
               <<  z  ;  z  >>    10.2625      0.43925398     -0.23334531j                                                
                                                                                                                          
               Dipole  Dipole   Frequency            Real        Imaginary                                                
               -----------------------------------------------------------                                                
               <<  x  ;  x  >>    10.2650      0.86280522     -0.37775146j                                                
               <<  x  ;  y  >>    10.2650      0.16952409     -0.11301483j                                                
               <<  x  ;  z  >>    10.2650      0.39739919     -0.20826151j                                                
               <<  y  ;  x  >>    10.2650      0.16952409     -0.11301483j                                                
               <<  y  ;  y  >>    10.2650      0.53716556     -0.12974824j                                                
               <<  y  ;  z  >>    10.2650      0.07110794     -0.04635562j                                                
               <<  z  ;  x  >>    10.2650      0.39739919     -0.20826151j                                                
               <<  z  ;  y  >>    10.2650      0.07110794     -0.04635562j                                                
               <<  z  ;  z  >>    10.2650      0.42299858     -0.15030474j                                                
                                                                                                                          
               Dipole  Dipole   Frequency            Real        Imaginary                                                
               -----------------------------------------------------------                                                
               <<  x  ;  x  >>    10.2675      0.78651508     -0.24134816j                                                
               <<  x  ;  y  >>    10.2675      0.15102556     -0.06741833j                                                
               <<  x  ;  z  >>    10.2675      0.35939713     -0.12754346j                                                
               <<  y  ;  x  >>    10.2675      0.15102556     -0.06741833j                                                
               <<  y  ;  y  >>    10.2675      0.49065733     -0.10318197j                                                
               <<  y  ;  z  >>    10.2675      0.06864914     -0.02296234j                                                
               <<  z  ;  x  >>    10.2675      0.35939713     -0.12754346j                                                
               <<  z  ;  y  >>    10.2675      0.06864914     -0.02296234j                                                
               <<  z  ;  z  >>    10.2675      0.38535530     -0.10468965j                                                
                                                                                                                          
               Dipole  Dipole   Frequency            Real        Imaginary                                                
               -----------------------------------------------------------                                                
               <<  x  ;  x  >>    10.2700      0.71201433     -0.16755267j                                                
               <<  x  ;  y  >>    10.2700      0.13255608     -0.04173139j                                                
               <<  x  ;  z  >>    10.2700      0.32323797     -0.08286229j                                                
               <<  y  ;  x  >>    10.2700      0.13255608     -0.04173139j                                                
               <<  y  ;  y  >>    10.2700      0.44808570     -0.09231730j                                                
               <<  y  ;  z  >>    10.2700      0.06547872     -0.00943900j                                                
               <<  z  ;  x  >>    10.2700      0.32323797     -0.08286229j                                                
               <<  z  ;  y  >>    10.2700      0.06547872     -0.00943900j                                                
               <<  z  ;  z  >>    10.2700      0.34781989     -0.08134524j                                                
                                                                                                                          
               Dipole  Dipole   Frequency            Real        Imaginary                                                
               -----------------------------------------------------------                                                
               <<  x  ;  x  >>    10.2725      0.64959608     -0.12577342j                                                
               <<  x  ;  y  >>    10.2725      0.11745299     -0.02484546j                                                
               <<  x  ;  z  >>    10.2725      0.29496911     -0.05621772j                                                
               <<  y  ;  x  >>    10.2725      0.11745299     -0.02484546j                                                
               <<  y  ;  y  >>    10.2725      0.41023621     -0.09487835j                                                
               <<  y  ;  z  >>    10.2725      0.06424819      0.00026827j                                                
               <<  z  ;  x  >>    10.2725      0.29496911     -0.05621772j                                                
               <<  z  ;  y  >>    10.2725      0.06424819      0.00026827j                                                
               <<  z  ;  z  >>    10.2725      0.31331871     -0.07010082j                                                
                                                                                                                          
               Dipole  Dipole   Frequency            Real        Imaginary                                                
               -----------------------------------------------------------                                                
               <<  x  ;  x  >>    10.2750      0.59852999     -0.10156893j                                                
               <<  x  ;  y  >>    10.2750      0.10335048     -0.01082642j                                                
               <<  x  ;  z  >>    10.2750      0.27415402     -0.03887081j                                                
               <<  y  ;  x  >>    10.2750      0.10335048     -0.01082642j                                                
               <<  y  ;  y  >>    10.2750      0.38247420     -0.11257524j                                                
               <<  y  ;  z  >>    10.2750      0.06481410      0.00969844j                                                
               <<  z  ;  x  >>    10.2750      0.27415402     -0.03887081j                                                
               <<  z  ;  y  >>    10.2750      0.06481410      0.00969844j                                                
               <<  z  ;  z  >>    10.2750      0.28089161     -0.06660265j                                                
                                                                                                                          
               Dipole  Dipole   Frequency            Real        Imaginary                                                
               -----------------------------------------------------------                                                
               <<  x  ;  x  >>    10.2775      0.55753164     -0.08698806j                                                
               <<  x  ;  y  >>    10.2775      0.08447508     -0.00066233j                                                
               <<  x  ;  z  >>    10.2775      0.25981345     -0.02605230j                                                
               <<  y  ;  x  >>    10.2775      0.08447508     -0.00066233j                                                
               <<  y  ;  y  >>    10.2775      0.37997430     -0.13502345j                                                
               <<  y  ;  z  >>    10.2775      0.06590392      0.02057458j                                                
               <<  z  ;  x  >>    10.2775      0.25981345     -0.02605230j                                                
               <<  z  ;  y  >>    10.2775      0.06590392      0.02057458j                                                
               <<  z  ;  z  >>    10.2775      0.24914751     -0.06973833j                                                
                                                                                                                          
               Dipole  Dipole   Frequency            Real        Imaginary                                                
               -----------------------------------------------------------                                                
               <<  x  ;  x  >>    10.2800      0.52285983     -0.07577478j                                                
               <<  x  ;  y  >>    10.2800      0.06490066     -0.00326564j                                                
               <<  x  ;  z  >>    10.2800      0.25038093     -0.01416200j                                                
               <<  y  ;  x  >>    10.2800      0.06490066     -0.00326564j                                                
               <<  y  ;  y  >>    10.2800      0.38617181     -0.13242739j                                                
               <<  y  ;  z  >>    10.2800      0.06835403      0.03381451j                                                
               <<  z  ;  x  >>    10.2800      0.25038093     -0.01416200j                                                
               <<  z  ;  y  >>    10.2800      0.06835403      0.03381451j                                                
               <<  z  ;  z  >>    10.2800      0.21704243     -0.08100172j                                                
                                                                                                                          
               Dipole  Dipole   Frequency            Real        Imaginary                                                
               -----------------------------------------------------------                                                
               <<  x  ;  x  >>    10.2825      0.48989460     -0.06816167j                                                
               <<  x  ;  y  >>    10.2825      0.05473171     -0.01324071j                                                
               <<  x  ;  z  >>    10.2825      0.24360166     -0.00109389j                                                
               <<  y  ;  x  >>    10.2825      0.05473171     -0.01324071j                                                
               <<  y  ;  y  >>    10.2825      0.37018537     -0.13079588j                                                
               <<  y  ;  z  >>    10.2825      0.07150339      0.05720700j                                                
               <<  z  ;  x  >>    10.2825      0.24360166     -0.00109389j                                                
               <<  z  ;  y  >>    10.2825      0.07150339      0.05720700j                                                
               <<  z  ;  z  >>    10.2825      0.18641929     -0.10584954j                                                
                                                                                                                          
               Dipole  Dipole   Frequency            Real        Imaginary                                                
               -----------------------------------------------------------                                                
               <<  x  ;  x  >>    10.2850      0.45911696     -0.06544113j                                                
               <<  x  ;  y  >>    10.2850      0.05327888     -0.02528740j                                                
               <<  x  ;  z  >>    10.2850      0.23581303      0.01490727j                                                
               <<  y  ;  x  >>    10.2850      0.05327888     -0.02528740j                                                
               <<  y  ;  y  >>    10.2850      0.36066987     -0.15793900j                                                
               <<  y  ;  z  >>    10.2850      0.05837244      0.09900654j                                                
               <<  z  ;  x  >>    10.2850      0.23581303      0.01490727j                                                
               <<  z  ;  y  >>    10.2850      0.05837244      0.09900654j                                                
               <<  z  ;  z  >>    10.2850      0.17189643     -0.15070982j                                                
                                                                                                                          
               Dipole  Dipole   Frequency            Real        Imaginary                                                
               -----------------------------------------------------------                                                
               <<  x  ;  x  >>    10.2875      0.43173728     -0.06573924j                                                
               <<  x  ;  y  >>    10.2875      0.06404362     -0.03355149j                                                
               <<  x  ;  z  >>    10.2875      0.22026308      0.02838754j                                                
               <<  y  ;  x  >>    10.2875      0.06404362     -0.03355149j                                                
               <<  y  ;  y  >>    10.2875      0.39902843     -0.18331932j                                                
               <<  y  ;  z  >>    10.2875     -0.00267466      0.13127690j                                                
               <<  z  ;  x  >>    10.2875      0.22026308      0.02838754j                                                
               <<  z  ;  y  >>    10.2875     -0.00267466      0.13127690j                                                
               <<  z  ;  z  >>    10.2875      0.20259324     -0.18869530j                                                
                                                                                                                          
               Dipole  Dipole   Frequency            Real        Imaginary                                                
               -----------------------------------------------------------                                                
               <<  x  ;  x  >>    10.2900      0.40453981     -0.06627012j                                                
               <<  x  ;  y  >>    10.2900      0.07609457     -0.02654109j                                                
               <<  x  ;  z  >>    10.2900      0.20688860      0.02787875j                                                
               <<  y  ;  x  >>    10.2900      0.07609457     -0.02654109j                                                
               <<  y  ;  y  >>    10.2900      0.44166953     -0.14742576j                                                
               <<  y  ;  z  >>    10.2900     -0.06738808      0.09864209j                                                
               <<  z  ;  x  >>    10.2900      0.20688860      0.02787875j                                                
               <<  z  ;  y  >>    10.2900     -0.06738808      0.09864209j                                                
               <<  z  ;  z  >>    10.2900      0.23360162     -0.16672297j                                                
                                                                                                                          
               Dipole  Dipole   Frequency            Real        Imaginary                                                
               -----------------------------------------------------------                                                
               <<  x  ;  x  >>    10.2925      0.37373324     -0.07041817j                                                
               <<  x  ;  y  >>    10.2925      0.07767358     -0.01610533j                                                
               <<  x  ;  z  >>    10.2925      0.20732494      0.02532439j                                                
               <<  y  ;  x  >>    10.2925      0.07767358     -0.01610533j                                                
               <<  y  ;  y  >>    10.2925      0.43593265     -0.10009967j                                                
               <<  y  ;  z  >>    10.2925     -0.08460572      0.05107017j                                                
               <<  z  ;  x  >>    10.2925      0.20732494      0.02532439j                                                
               <<  z  ;  y  >>    10.2925     -0.08460572      0.05107017j                                                
               <<  z  ;  z  >>    10.2925      0.21306074     -0.13592725j                                                
                                                                                                                          
               Dipole  Dipole   Frequency            Real        Imaginary                                                
               -----------------------------------------------------------                                                
               <<  x  ;  x  >>    10.2950      0.33949594     -0.08207948j                                                
               <<  x  ;  y  >>    10.2950      0.07545528     -0.00973905j                                                
               <<  x  ;  z  >>    10.2950      0.21563656      0.02889693j                                                
               <<  y  ;  x  >>    10.2950      0.07545528     -0.00973905j                                                
               <<  y  ;  y  >>    10.2950      0.41116994     -0.07349246j                                                
               <<  y  ;  z  >>    10.2950     -0.08399239      0.01969896j                                                
               <<  z  ;  x  >>    10.2950      0.21563656      0.02889693j                                                
               <<  z  ;  y  >>    10.2950     -0.08399239      0.01969896j                                                
               <<  z  ;  z  >>    10.2950      0.16803444     -0.13086120j                                                
                                                                                                                          
               Dipole  Dipole   Frequency            Real        Imaginary                                                
               -----------------------------------------------------------                                                
               <<  x  ;  x  >>    10.2975      0.30201128     -0.10609658j                                                
               <<  x  ;  y  >>    10.2975      0.07364870     -0.00643971j                                                
               <<  x  ;  z  >>    10.2975      0.22911289      0.03913962j                                                
               <<  y  ;  x  >>    10.2975      0.07364870     -0.00643971j                                                
               <<  y  ;  y  >>    10.2975      0.38439960     -0.06193955j                                                
               <<  y  ;  z  >>    10.2975     -0.08295747     -0.00310611j                                                
               <<  z  ;  x  >>    10.2975      0.22911289      0.03913962j                                                
               <<  z  ;  y  >>    10.2975     -0.08295747     -0.00310611j                                                
               <<  z  ;  z  >>    10.2975      0.11372023     -0.15214941j                                                
                                                                                                                          
               Dipole  Dipole   Frequency            Real        Imaginary                                                
               -----------------------------------------------------------                                                
               <<  x  ;  x  >>    10.3000      0.26507145     -0.15283175j                                                
               <<  x  ;  y  >>    10.3000      0.07444672     -0.00522327j                                                
               <<  x  ;  z  >>    10.3000      0.24936999      0.05865401j                                                
               <<  y  ;  x  >>    10.3000      0.07444672     -0.00522327j                                                
               <<  y  ;  y  >>    10.3000      0.35918931     -0.06041049j                                                
               <<  y  ;  z  >>    10.3000     -0.08411219     -0.02717365j                                                
               <<  z  ;  x  >>    10.3000      0.24936999      0.05865401j                                                
               <<  z  ;  y  >>    10.3000     -0.08411219     -0.02717365j                                                
               <<  z  ;  z  >>    10.3000      0.05452032     -0.20706371j                                                
                                                                                                                          
               Dipole  Dipole   Frequency            Real        Imaginary                                                
               -----------------------------------------------------------                                                
               <<  x  ;  x  >>    10.3025      0.25062878     -0.23580512j                                                
               <<  x  ;  y  >>    10.3025      0.08274790     -0.00311651j                                                
               <<  x  ;  z  >>    10.3025      0.28063084      0.10024380j                                                
               <<  y  ;  x  >>    10.3025      0.08274790     -0.00311651j                                                
               <<  y  ;  y  >>    10.3025      0.33796689     -0.06769098j                                                
               <<  y  ;  z  >>    10.3025     -0.08164505     -0.06138838j                                                
               <<  z  ;  x  >>    10.3025      0.28063084      0.10024380j                                                
               <<  z  ;  y  >>    10.3025     -0.08164505     -0.06138838j                                                
               <<  z  ;  z  >>    10.3025      0.00634330     -0.31747209j                                                
                                                                                                                          
               Dipole  Dipole   Frequency            Real        Imaginary                                                
               -----------------------------------------------------------                                                
               <<  x  ;  x  >>    10.3050      0.30434805     -0.33268752j                                                
               <<  x  ;  y  >>    10.3050      0.09786974      0.01779320j                                                
               <<  x  ;  z  >>    10.3050      0.29939371      0.20664452j                                                
               <<  y  ;  x  >>    10.3050      0.09786974      0.01779320j                                                
               <<  y  ;  y  >>    10.3050      0.32540401     -0.08022109j                                                
               <<  y  ;  z  >>    10.3050     -0.05807599     -0.10662350j                                                
               <<  z  ;  x  >>    10.3050      0.29939371      0.20664452j                                                
               <<  z  ;  y  >>    10.3050     -0.05807599     -0.10662350j                                                
               <<  z  ;  z  >>    10.3050      0.03161305     -0.50191716j                                                
                                                                                                                          
               Dipole  Dipole   Frequency            Real        Imaginary                                                
               -----------------------------------------------------------                                                
               <<  x  ;  x  >>    10.3075      0.43004906     -0.37492576j                                                
               <<  x  ;  y  >>    10.3075      0.07936332      0.05769036j                                                
               <<  x  ;  z  >>    10.3075      0.18068551      0.34519774j                                                
               <<  y  ;  x  >>    10.3075      0.07936332      0.05769036j                                                
               <<  y  ;  y  >>    10.3075      0.32100767     -0.09059021j                                                
               <<  y  ;  z  >>    10.3075      0.00670235     -0.13779682j                                                
               <<  z  ;  x  >>    10.3075      0.18068551      0.34519774j                                                
               <<  z  ;  y  >>    10.3075      0.00670235     -0.13779682j                                                
               <<  z  ;  z  >>    10.3075      0.24884066     -0.66852737j                                                
                                                                                                                          
               Dipole  Dipole   Frequency            Real        Imaginary                                                
               -----------------------------------------------------------                                                
               <<  x  ;  x  >>    10.3100      0.54920101     -0.29862431j                                                
               <<  x  ;  y  >>    10.3100      0.03591449      0.05777405j                                                
               <<  x  ;  z  >>    10.3100     -0.01174044      0.30558093j                                                
               <<  y  ;  x  >>    10.3100      0.03591449      0.05777405j                                                
               <<  y  ;  y  >>    10.3100      0.31576881     -0.09445859j                                                
               <<  y  ;  z  >>    10.3100      0.08000959     -0.10365479j                                                
               <<  z  ;  x  >>    10.3100     -0.01174044      0.30558093j                                                
               <<  z  ;  y  >>    10.3100      0.08000959     -0.10365479j                                                
               <<  z  ;  z  >>    10.3100      0.52859132     -0.56633409j                                                
                                                                                                                          
               Dipole  Dipole   Frequency            Real        Imaginary                                                
               -----------------------------------------------------------                                                
               <<  x  ;  x  >>    10.3125      0.56399928     -0.19026382j                                                
               <<  x  ;  y  >>    10.3125      0.01991046      0.03623370j                                                
               <<  x  ;  z  >>    10.3125     -0.07106300      0.18277868j                                                
               <<  y  ;  x  >>    10.3125      0.01991046      0.03623370j                                                
               <<  y  ;  y  >>    10.3125      0.30364783     -0.10784966j                                                
               <<  y  ;  z  >>    10.3125      0.09971236     -0.04095755j                                                
               <<  z  ;  x  >>    10.3125     -0.07106300      0.18277868j                                                
               <<  z  ;  y  >>    10.3125      0.09971236     -0.04095755j                                                
               <<  z  ;  z  >>    10.3125      0.59347213     -0.36229494j                                                
                                                                                                                          
               Dipole  Dipole   Frequency            Real        Imaginary                                                
               -----------------------------------------------------------                                                
               <<  x  ;  x  >>    10.3150      0.53130620     -0.12512626j                                                
               <<  x  ;  y  >>    10.3150      0.01869242      0.02328867j                                                
               <<  x  ;  z  >>    10.3150     -0.05921113      0.10441206j                                                
               <<  y  ;  x  >>    10.3150      0.01869242      0.02328867j                                                
               <<  y  ;  y  >>    10.3150      0.31221192     -0.13805275j                                                
               <<  y  ;  z  >>    10.3150      0.08111572      0.00828521j                                                
               <<  z  ;  x  >>    10.3150     -0.05921113      0.10441206j                                                
               <<  z  ;  y  >>    10.3150      0.08111572      0.00828521j                                                
               <<  z  ;  z  >>    10.3150      0.55768914     -0.24136540j                                                
                                                                                                                          
               Dipole  Dipole   Frequency            Real        Imaginary                                                
               -----------------------------------------------------------                                                
               <<  x  ;  x  >>    10.3175      0.49289941     -0.09165023j                                                
               <<  x  ;  y  >>    10.3175      0.01887467      0.01625762j                                                
               <<  x  ;  z  >>    10.3175     -0.03551695      0.06398468j                                                
               <<  y  ;  x  >>    10.3175      0.01887467      0.01625762j                                                
               <<  y  ;  y  >>    10.3175      0.35398054     -0.13904366j                                                
               <<  y  ;  z  >>    10.3175      0.04140135      0.02548910j                                                
               <<  z  ;  x  >>    10.3175     -0.03551695      0.06398468j                                                
               <<  z  ;  y  >>    10.3175      0.04140135      0.02548910j                                                
               <<  z  ;  z  >>    10.3175      0.51577416     -0.17435255j                                                
                                                                                                                          
               Dipole  Dipole   Frequency            Real        Imaginary                                                
               -----------------------------------------------------------                                                
               <<  x  ;  x  >>    10.3200      0.45721813     -0.07501649j                                                
               <<  x  ;  y  >>    10.3200      0.02026610      0.01134415j                                                
               <<  x  ;  z  >>    10.3200     -0.01506147      0.04360311j                                                
               <<  y  ;  x  >>    10.3200      0.02026610      0.01134415j                                                
               <<  y  ;  y  >>    10.3200      0.36829388     -0.10145486j                                                
               <<  y  ;  z  >>    10.3200      0.01665956      0.01348433j                                                
               <<  z  ;  x  >>    10.3200     -0.01506147      0.04360311j                                                
               <<  z  ;  y  >>    10.3200      0.01665956      0.01348433j                                                
               <<  z  ;  z  >>    10.3200      0.47184242     -0.12900385j                                                
                                                                                                                          
               Dipole  Dipole   Frequency            Real        Imaginary                                                
               -----------------------------------------------------------                                                
               <<  x  ;  x  >>    10.3225      0.42428605     -0.06847862j                                                
               <<  x  ;  y  >>    10.3225      0.02260693      0.00939771j                                                
               <<  x  ;  z  >>    10.3225      0.00067694      0.03317585j                                                
               <<  y  ;  x  >>    10.3225      0.02260693      0.00939771j                                                
               <<  y  ;  y  >>    10.3225      0.35205282     -0.07401998j                                                
               <<  y  ;  z  >>    10.3225      0.00862437      0.00042916j                                                
               <<  z  ;  x  >>    10.3225      0.00067694      0.03317585j                                                
               <<  z  ;  y  >>    10.3225      0.00862437      0.00042916j                                                
               <<  z  ;  z  >>    10.3225      0.42647285     -0.10348361j                                                
                                                                                                                          
               Dipole  Dipole   Frequency            Real        Imaginary                                                
               -----------------------------------------------------------                                                
               <<  x  ;  x  >>    10.3250      0.39293733     -0.07005960j                                                
               <<  x  ;  y  >>    10.3250      0.02462847      0.01076733j                                                
               <<  x  ;  z  >>    10.3250      0.01268488      0.02920253j                                                
               <<  y  ;  x  >>    10.3250      0.02462847      0.01076733j                                                
               <<  y  ;  y  >>    10.3250      0.32859901     -0.06330098j                                                
               <<  y  ;  z  >>    10.3250      0.00501740     -0.01035668j                                                
               <<  z  ;  x  >>    10.3250      0.01268488      0.02920253j                                                
               <<  z  ;  y  >>    10.3250      0.00501740     -0.01035668j                                                
               <<  z  ;  z  >>    10.3250      0.38422533     -0.09368443j                                                
                                                                                                                          
               Dipole  Dipole   Frequency            Real        Imaginary                                                
               -----------------------------------------------------------                                                
               <<  x  ;  x  >>    10.3275      0.36321343     -0.08112584j                                                
               <<  x  ;  y  >>    10.3275      0.02446509      0.01663397j                                                
               <<  x  ;  z  >>    10.3275      0.02005374      0.03171526j                                                
               <<  y  ;  x  >>    10.3275      0.02446509      0.01663397j                                                
               <<  y  ;  y  >>    10.3275      0.30626284     -0.06528328j                                                
               <<  y  ;  z  >>    10.3275      0.00346204     -0.02387413j                                                
               <<  z  ;  x  >>    10.3275      0.02005374      0.03171526j                                                
               <<  z  ;  y  >>    10.3275      0.00346204     -0.02387413j                                                
               <<  z  ;  z  >>    10.3275      0.34697756     -0.09766349j                                                
                                                                                                                          
               Dipole  Dipole   Frequency            Real        Imaginary                                                
               -----------------------------------------------------------                                                
               <<  x  ;  x  >>    10.3300      0.34052187     -0.10395388j                                                
               <<  x  ;  y  >>    10.3300      0.01523684      0.02730700j                                                
               <<  x  ;  z  >>    10.3300      0.01548601      0.04017937j                                                
               <<  y  ;  x  >>    10.3300      0.01523684      0.02730700j                                                
               <<  y  ;  y  >>    10.3300      0.29244338     -0.07783161j                                                
               <<  y  ;  z  >>    10.3300      0.01080706     -0.04340243j                                                
               <<  z  ;  x  >>    10.3300      0.01548601      0.04017937j                                                
               <<  z  ;  y  >>    10.3300      0.01080706     -0.04340243j                                                
               <<  z  ;  z  >>    10.3300      0.32216426     -0.11503404j                                                
                                                                                                                          
               Dipole  Dipole   Frequency            Real        Imaginary                                                
               -----------------------------------------------------------                                                
               <<  x  ;  x  >>    10.3325      0.33232871     -0.12837033j                                                
               <<  x  ;  y  >>    10.3325     -0.01123743      0.02772839j                                                
               <<  x  ;  z  >>    10.3325     -0.00994848      0.03629202j                                                
               <<  y  ;  x  >>    10.3325     -0.01123743      0.02772839j                                                
               <<  y  ;  y  >>    10.3325      0.29482263     -0.08633887j                                                
               <<  y  ;  z  >>    10.3325      0.03638806     -0.05480064j                                                
               <<  z  ;  x  >>    10.3325     -0.00994848      0.03629202j                                                
               <<  z  ;  y  >>    10.3325      0.03638806     -0.05480064j                                                
               <<  z  ;  z  >>    10.3325      0.31923810     -0.12800038j                                                
                                                                                                                          
               Dipole  Dipole   Frequency            Real        Imaginary                                                
               -----------------------------------------------------------                                                
               <<  x  ;  x  >>    10.3350      0.32009056     -0.14961026j                                                
               <<  x  ;  y  >>    10.3350     -0.03291779      0.00249102j                                                
               <<  x  ;  z  >>    10.3350     -0.02998188      0.00070366j                                                
               <<  y  ;  x  >>    10.3350     -0.03291779      0.00249102j                                                
               <<  y  ;  y  >>    10.3350      0.29226755     -0.07874474j                                                
               <<  y  ;  z  >>    10.3350      0.05702356     -0.04544210j                                                
               <<  z  ;  x  >>    10.3350     -0.02998188      0.00070366j                                                
               <<  z  ;  y  >>    10.3350      0.05702356     -0.04544210j                                                
               <<  z  ;  z  >>    10.3350      0.31056737     -0.12216721j                                                
                                                                                                                          
               Dipole  Dipole   Frequency            Real        Imaginary                                                
               -----------------------------------------------------------                                                
               <<  x  ;  x  >>    10.3375      0.31104155     -0.19922686j                                                
               <<  x  ;  y  >>    10.3375     -0.03450719     -0.03193941j                                                
               <<  x  ;  z  >>    10.3375     -0.02335271     -0.04990197j                                                
               <<  y  ;  x  >>    10.3375     -0.03450719     -0.03193941j                                                
               <<  y  ;  y  >>    10.3375      0.27692820     -0.07676730j                                                
               <<  y  ;  z  >>    10.3375      0.06554740     -0.04060031j                                                
               <<  z  ;  x  >>    10.3375     -0.02335271     -0.04990197j                                                
               <<  z  ;  y  >>    10.3375      0.06554740     -0.04060031j                                                
               <<  z  ;  z  >>    10.3375      0.28819037     -0.12773729j                                                
                                                                                                                          
               Dipole  Dipole   Frequency            Real        Imaginary                                                
               -----------------------------------------------------------                                                
               <<  x  ;  x  >>    10.3400      0.35949688     -0.26665061j                                                
               <<  x  ;  y  >>    10.3400     -0.01307996     -0.06348837j                                                
               <<  x  ;  z  >>    10.3400      0.02247389     -0.09838438j                                                
               <<  y  ;  x  >>    10.3400     -0.01307996     -0.06348837j                                                
               <<  y  ;  y  >>    10.3400      0.26550062     -0.08509387j                                                
               <<  y  ;  z  >>    10.3400      0.08397874     -0.04373176j                                                
               <<  z  ;  x  >>    10.3400      0.02247389     -0.09838438j                                                
               <<  z  ;  y  >>    10.3400      0.08397874     -0.04373176j                                                
               <<  z  ;  z  >>    10.3400      0.27978502     -0.14800331j                                                
                                                                                                                          
               Dipole  Dipole   Frequency            Real        Imaginary                                                
               -----------------------------------------------------------                                                
               <<  x  ;  x  >>    10.3425      0.46498307     -0.26088597j                                                
               <<  x  ;  y  >>    10.3425      0.02408093     -0.06814408j                                                
               <<  x  ;  z  >>    10.3425      0.09952564     -0.09888053j                                                
               <<  y  ;  x  >>    10.3425      0.02408093     -0.06814408j                                                
               <<  y  ;  y  >>    10.3425      0.26228075     -0.08793954j                                                
               <<  y  ;  z  >>    10.3425      0.11766954     -0.03152320j                                                
               <<  z  ;  x  >>    10.3425      0.09952564     -0.09888053j                                                
               <<  z  ;  y  >>    10.3425      0.11766954     -0.03152320j                                                
               <<  z  ;  z  >>    10.3425      0.28876808     -0.15071381j                                                
                                                                                                                          
               Dipole  Dipole   Frequency            Real        Imaginary                                                
               -----------------------------------------------------------                                                
               <<  x  ;  x  >>    10.3450      0.50998635     -0.17897792j                                                
               <<  x  ;  y  >>    10.3450      0.04084387     -0.04960514j                                                
               <<  x  ;  z  >>    10.3450      0.14334152     -0.05311503j                                                
               <<  y  ;  x  >>    10.3450      0.04084387     -0.04960514j                                                
               <<  y  ;  y  >>    10.3450      0.24786422     -0.08331231j                                                
               <<  y  ;  z  >>    10.3450      0.14205129      0.00143289j                                                
               <<  z  ;  x  >>    10.3450      0.14334152     -0.05311503j                                                
               <<  z  ;  y  >>    10.3450      0.14205129      0.00143289j                                                
               <<  z  ;  z  >>    10.3450      0.27441854     -0.13509993j                                                
                                                                                                                          
               Dipole  Dipole   Frequency            Real        Imaginary                                                
               -----------------------------------------------------------                                                
               <<  x  ;  x  >>    10.3475      0.49330840     -0.11713483j                                                
               <<  x  ;  y  >>    10.3475      0.03785217     -0.03863496j                                                
               <<  x  ;  z  >>    10.3475      0.15441704     -0.01266228j                                                
               <<  y  ;  x  >>    10.3475      0.03785217     -0.03863496j                                                
               <<  y  ;  y  >>    10.3475      0.22044697     -0.09005940j                                                
               <<  y  ;  z  >>    10.3475      0.15678989      0.03900593j                                                
               <<  z  ;  x  >>    10.3475      0.15441704     -0.01266228j                                                
               <<  z  ;  y  >>    10.3475      0.15678989      0.03900593j                                                
               <<  z  ;  z  >>    10.3475      0.23524143     -0.13865863j                                                
                                                                                                                          
               Dipole  Dipole   Frequency            Real        Imaginary                                                
               -----------------------------------------------------------                                                
               <<  x  ;  x  >>    10.3500      0.46317848     -0.08676259j                                                
               <<  x  ;  y  >>    10.3500      0.03028148     -0.04129616j                                                
               <<  x  ;  z  >>    10.3500      0.15817578      0.01996167j                                                
               <<  y  ;  x  >>    10.3500      0.03028148     -0.04129616j                                                
               <<  y  ;  y  >>    10.3500      0.18970187     -0.11776351j                                                
               <<  y  ;  z  >>    10.3500      0.17008260      0.08860435j                                                
               <<  z  ;  x  >>    10.3500      0.15817578      0.01996167j                                                
               <<  z  ;  y  >>    10.3500      0.17008260      0.08860435j                                                
               <<  z  ;  z  >>    10.3500      0.19036086     -0.17639429j                                                
                                                                                                                          
               Dipole  Dipole   Frequency            Real        Imaginary                                                
               -----------------------------------------------------------                                                
               <<  x  ;  x  >>    10.3525      0.43607932     -0.07636732j                                                
               <<  x  ;  y  >>    10.3525      0.02782058     -0.05882834j                                                
               <<  x  ;  z  >>    10.3525      0.15635789      0.05781920j                                                
               <<  y  ;  x  >>    10.3525      0.02782058     -0.05882834j                                                
               <<  y  ;  y  >>    10.3525      0.17215700     -0.17780478j                                                
               <<  y  ;  z  >>    10.3525      0.16761751      0.17013146j                                                
               <<  z  ;  x  >>    10.3525      0.15635789      0.05781920j                                                
               <<  z  ;  y  >>    10.3525      0.16761751      0.17013146j                                                
               <<  z  ;  z  >>    10.3525      0.16605089     -0.26417094j                                                
                                                                                                                          
               Dipole  Dipole   Frequency            Real        Imaginary                                                
               -----------------------------------------------------------                                                
               <<  x  ;  x  >>    10.3550      0.42065377     -0.07701261j                                                
               <<  x  ;  y  >>    10.3550      0.04959805     -0.08615388j                                                
               <<  x  ;  z  >>    10.3550      0.12770472      0.10156834j                                                
               <<  y  ;  x  >>    10.3550      0.04959805     -0.08615388j                                                
               <<  y  ;  y  >>    10.3550      0.21808895     -0.26114486j                                                
               <<  y  ;  z  >>    10.3550      0.08813723      0.27595860j                                                
               <<  z  ;  x  >>    10.3550      0.12770472      0.10156834j                                                
               <<  z  ;  y  >>    10.3550      0.08813723      0.27595860j                                                
               <<  z  ;  z  >>    10.3550      0.23843055     -0.38755808j                                                
                                                                                                                          
               Dipole  Dipole   Frequency            Real        Imaginary                                                
               -----------------------------------------------------------                                                
               <<  x  ;  x  >>    10.3575      0.41719626     -0.07079680j                                                
               <<  x  ;  y  >>    10.3575      0.09800103     -0.08341574j                                                
               <<  x  ;  z  >>    10.3575      0.06929102      0.10557161j                                                
               <<  y  ;  x  >>    10.3575      0.09800103     -0.08341574j                                                
               <<  y  ;  y  >>    10.3575      0.33360595     -0.26144922j                                                
               <<  y  ;  z  >>    10.3575     -0.07646056      0.27699684j                                                
               <<  z  ;  x  >>    10.3575      0.06929102      0.10557161j                                                
               <<  z  ;  y  >>    10.3575     -0.07646056      0.27699684j                                                
               <<  z  ;  z  >>    10.3575      0.41680376     -0.38565369j                                                
                                                                                                                          
               Dipole  Dipole   Frequency            Real        Imaginary                                                
               -----------------------------------------------------------                                                
               <<  x  ;  x  >>    10.3600      0.40621227     -0.05594860j                                                
               <<  x  ;  y  >>    10.3600      0.12209605     -0.04990267j                                                
               <<  x  ;  z  >>    10.3600      0.04347844      0.07069464j                                                
               <<  y  ;  x  >>    10.3600      0.12209605     -0.04990267j                                                
               <<  y  ;  y  >>    10.3600      0.37935741     -0.17829171j                                                
               <<  y  ;  z  >>    10.3600     -0.15577776      0.17324791j                                                
               <<  z  ;  x  >>    10.3600      0.04347844      0.07069464j                                                
               <<  z  ;  y  >>    10.3600     -0.15577776      0.17324791j                                                
               <<  z  ;  z  >>    10.3600      0.49103497     -0.25744650j                                                
                                                                                                                          
               Dipole  Dipole   Frequency            Real        Imaginary                                                
               -----------------------------------------------------------                                                
               <<  x  ;  x  >>    10.3625      0.38776546     -0.04589099j                                                
               <<  x  ;  y  >>    10.3625      0.12414811     -0.02397378j                                                
               <<  x  ;  z  >>    10.3625      0.04745577      0.04519505j                                                
               <<  y  ;  x  >>    10.3625      0.12414811     -0.02397378j                                                
               <<  y  ;  y  >>    10.3625      0.36095173     -0.11773515j                                                
               <<  y  ;  z  >>    10.3625     -0.15752943      0.09488997j                                                
               <<  z  ;  x  >>    10.3625      0.04745577      0.04519505j                                                
               <<  z  ;  y  >>    10.3625     -0.15752943      0.09488997j                                                
               <<  z  ;  z  >>    10.3625      0.46979372     -0.16252704j                                                
                                                                                                                          
               Dipole  Dipole   Frequency            Real        Imaginary                                                
               -----------------------------------------------------------                                                
               <<  x  ;  x  >>    10.3650      0.36795490     -0.04141276j                                                
               <<  x  ;  y  >>    10.3650      0.12270933     -0.00801312j                                                
               <<  x  ;  z  >>    10.3650      0.05863592      0.03306749j                                                
               <<  y  ;  x  >>    10.3650      0.12270933     -0.00801312j                                                
               <<  y  ;  y  >>    10.3650      0.32813234     -0.08810089j                                                
               <<  y  ;  z  >>    10.3650     -0.14372695      0.05140959j                                                
               <<  z  ;  x  >>    10.3650      0.05863592      0.03306749j                                                
               <<  z  ;  y  >>    10.3650     -0.14372695      0.05140959j                                                
               <<  z  ;  z  >>    10.3650      0.42844213     -0.11274575j                                                
                                                                                                                          
               Dipole  Dipole   Frequency            Real        Imaginary                                                
               -----------------------------------------------------------                                                
               <<  x  ;  x  >>    10.3675      0.34812705     -0.04084495j                                                
               <<  x  ;  y  >>    10.3675      0.12323779      0.00375010j                                                
               <<  x  ;  z  >>    10.3675      0.07070262      0.02868113j                                                
               <<  y  ;  x  >>    10.3675      0.12323779      0.00375010j                                                
               <<  y  ;  y  >>    10.3675      0.29467908     -0.07674912j                                                
               <<  y  ;  z  >>    10.3675     -0.13225855      0.02554609j                                                
               <<  z  ;  x  >>    10.3675      0.07070262      0.02868113j                                                
               <<  z  ;  y  >>    10.3675     -0.13225855      0.02554609j                                                
               <<  z  ;  z  >>    10.3675      0.38811454     -0.08770155j                                                
                                                                                                                          
               Dipole  Dipole   Frequency            Real        Imaginary                                                
               -----------------------------------------------------------                                                
               <<  x  ;  x  >>    10.3700      0.32811231     -0.04387635j                                                
               <<  x  ;  y  >>    10.3700      0.12653836      0.01559832j                                                
               <<  x  ;  z  >>    10.3700      0.08290936      0.02934328j                                                
               <<  y  ;  x  >>    10.3700      0.12653836      0.01559832j                                                
               <<  y  ;  y  >>    10.3700      0.26232738     -0.07807452j                                                
               <<  y  ;  z  >>    10.3700     -0.12574209      0.00669814j                                                
               <<  z  ;  x  >>    10.3700      0.08290936      0.02934328j                                                
               <<  z  ;  y  >>    10.3700     -0.12574209      0.00669814j                                                
               <<  z  ;  z  >>    10.3700      0.35133434     -0.07620328j                                                
                                                                                                                          
               Dipole  Dipole   Frequency            Real        Imaginary                                                
               -----------------------------------------------------------                                                
               <<  x  ;  x  >>    10.3725      0.30815316     -0.05165818j                                                
               <<  x  ;  y  >>    10.3725      0.13134761      0.03155840j                                                
               <<  x  ;  z  >>    10.3725      0.09514621      0.03485449j                                                
               <<  y  ;  x  >>    10.3725      0.13134761      0.03155840j                                                
               <<  y  ;  y  >>    10.3725      0.23255064     -0.09276653j                                                
               <<  y  ;  z  >>    10.3725     -0.12303015     -0.01160940j                                                
               <<  z  ;  x  >>    10.3725      0.09514621      0.03485449j                                                
               <<  z  ;  y  >>    10.3725     -0.12303015     -0.01160940j                                                
               <<  z  ;  z  >>    10.3725      0.31734833     -0.07393051j                                                
                                                                                                                          
               Dipole  Dipole   Frequency            Real        Imaginary                                                
               -----------------------------------------------------------                                                
               <<  x  ;  x  >>    10.3750      0.29137897     -0.06557347j                                                
               <<  x  ;  y  >>    10.3750      0.13134393      0.05458443j                                                
               <<  x  ;  z  >>    10.3750      0.10540111      0.04591326j                                                
               <<  y  ;  x  >>    10.3750      0.13134393      0.05458443j                                                
               <<  y  ;  y  >>    10.3750      0.21507404     -0.12273930j                                                
               <<  y  ;  z  >>    10.3750     -0.11913703     -0.03332399j                                                
               <<  z  ;  x  >>    10.3750      0.10540111      0.04591326j                                                
               <<  z  ;  y  >>    10.3750     -0.11913703     -0.03332399j                                                
               <<  z  ;  z  >>    10.3750      0.28643850     -0.07970424j                                                
                                                                                                                          
               Dipole  Dipole   Frequency            Real        Imaginary                                                
               -----------------------------------------------------------                                                
               <<  x  ;  x  >>    10.3775      0.28185364     -0.07947151j                                                
               <<  x  ;  y  >>    10.3775      0.11862354      0.07379704j                                                
               <<  x  ;  z  >>    10.3775      0.11102577      0.05830219j                                                
               <<  y  ;  x  >>    10.3775      0.11862354      0.07379704j                                                
               <<  y  ;  y  >>    10.3775      0.22265729     -0.14780772j                                                
               <<  y  ;  z  >>    10.3775     -0.10814068     -0.05174179j                                                
               <<  z  ;  x  >>    10.3775      0.11102577      0.05830219j                                                
               <<  z  ;  y  >>    10.3775     -0.10814068     -0.05174179j                                                
               <<  z  ;  z  >>    10.3775      0.25944663     -0.09029975j                                                
                                                                                                                          
               Dipole  Dipole   Frequency            Real        Imaginary                                                
               -----------------------------------------------------------                                                
               <<  x  ;  x  >>    10.3800      0.26722204     -0.08939737j                                                
               <<  x  ;  y  >>    10.3800      0.11314031      0.08056824j                                                
               <<  x  ;  z  >>    10.3800      0.12114579      0.07001862j                                                
               <<  y  ;  x  >>    10.3800      0.11314031      0.08056824j                                                
               <<  y  ;  y  >>    10.3800      0.22162853     -0.15197740j                                                
               <<  y  ;  z  >>    10.3800     -0.10452638     -0.06165562j                                                
               <<  z  ;  x  >>    10.3800      0.12114579      0.07001862j                                                
               <<  z  ;  y  >>    10.3800     -0.10452638     -0.06165562j                                                
               <<  z  ;  z  >>    10.3800      0.22906516     -0.10557601j                                                
                                                                                                                          
               Dipole  Dipole   Frequency            Real        Imaginary                                                
               -----------------------------------------------------------                                                
               <<  x  ;  x  >>    10.3825      0.24439765     -0.11437055j                                                
               <<  x  ;  y  >>    10.3825      0.12006272      0.10201188j                                                
               <<  x  ;  z  >>    10.3825      0.13781064      0.09695796j                                                
               <<  y  ;  x  >>    10.3825      0.12006272      0.10201188j                                                
               <<  y  ;  y  >>    10.3825      0.20490054     -0.17832195j                                                
               <<  y  ;  z  >>    10.3825     -0.11298106     -0.08456558j                                                
               <<  z  ;  x  >>    10.3825      0.13781064      0.09695796j                                                
               <<  z  ;  y  >>    10.3825     -0.11298106     -0.08456558j                                                
               <<  z  ;  z  >>    10.3825      0.19445930     -0.14068207j                                                
                                                                                                                          
               Dipole  Dipole   Frequency            Real        Imaginary                                                
               -----------------------------------------------------------                                                
               <<  x  ;  x  >>    10.3850      0.23499554     -0.16821524j                                                
               <<  x  ;  y  >>    10.3850      0.11037567      0.14951639j                                                
               <<  x  ;  z  >>    10.3850      0.14153033      0.15441562j                                                
               <<  y  ;  x  >>    10.3850      0.11037567      0.14951639j                                                
               <<  y  ;  y  >>    10.3850      0.22121563     -0.23363920j                                                
               <<  y  ;  z  >>    10.3850     -0.11201603     -0.13666145j                                                
               <<  z  ;  x  >>    10.3850      0.14153033      0.15441562j                                                
               <<  z  ;  y  >>    10.3850     -0.11201603     -0.13666145j                                                
               <<  z  ;  z  >>    10.3850      0.17691367     -0.21348498j                                                
                                                                                                                          
               Dipole  Dipole   Frequency            Real        Imaginary                                                
               -----------------------------------------------------------                                                
               <<  x  ;  x  >>    10.3875      0.28215557     -0.23505061j                                                
               <<  x  ;  y  >>    10.3875      0.05086451      0.19634469j                                                
               <<  x  ;  z  >>    10.3875      0.08180788      0.22838680j                                                
               <<  y  ;  x  >>    10.3875      0.05086451      0.19634469j                                                
               <<  y  ;  y  >>    10.3875      0.29090073     -0.26312802j                                                
               <<  y  ;  z  >>    10.3875     -0.05488275     -0.20492569j                                                
               <<  z  ;  x  >>    10.3875      0.08180788      0.22838680j                                                
               <<  z  ;  y  >>    10.3875     -0.05488275     -0.20492569j                                                
               <<  z  ;  z  >>    10.3875      0.23847175     -0.30892225j                                                
                                                                                                                          
               Dipole  Dipole   Frequency            Real        Imaginary                                                
               -----------------------------------------------------------                                                
               <<  x  ;  x  >>    10.3900      0.38016679     -0.22808384j                                                
               <<  x  ;  y  >>    10.3900     -0.03735196      0.17527383j                                                
               <<  x  ;  z  >>    10.3900     -0.03367487      0.21567240j                                                
               <<  y  ;  x  >>    10.3900     -0.03735196      0.17527383j                                                
               <<  y  ;  y  >>    10.3900      0.36560988     -0.22238706j                                                
               <<  y  ;  z  >>    10.3900      0.05407768     -0.19724409j                                                
               <<  z  ;  x  >>    10.3900     -0.03367487      0.21567240j                                                
               <<  z  ;  y  >>    10.3900      0.05407768     -0.19724409j                                                
               <<  z  ;  z  >>    10.3900      0.37453435     -0.29929410j                                                
                                                                                                                          
               Dipole  Dipole   Frequency            Real        Imaginary                                                
               -----------------------------------------------------------                                                
               <<  x  ;  x  >>    10.3925      0.41843993     -0.15532504j                                                
               <<  x  ;  y  >>    10.3925     -0.06706780      0.11021116j                                                
               <<  x  ;  z  >>    10.3925     -0.07642125      0.13581856j                                                
               <<  y  ;  x  >>    10.3925     -0.06706780      0.11021116j                                                
               <<  y  ;  y  >>    10.3925      0.37845010     -0.14921499j                                                
               <<  y  ;  z  >>    10.3925      0.10009530     -0.12554225j                                                
               <<  z  ;  x  >>    10.3925     -0.07642125      0.13581856j                                                
               <<  z  ;  y  >>    10.3925      0.10009530     -0.12554225j                                                
               <<  z  ;  z  >>    10.3925      0.42476465     -0.19952540j                                                
                                                                                                                          
               Dipole  Dipole   Frequency            Real        Imaginary                                                
               -----------------------------------------------------------                                                
               <<  x  ;  x  >>    10.3950      0.40346157     -0.10094903j                                                
               <<  x  ;  y  >>    10.3950     -0.05762984      0.06727944j                                                
               <<  x  ;  z  >>    10.3950     -0.06680957      0.08150060j                                                
               <<  y  ;  x  >>    10.3950     -0.05762984      0.06727944j                                                
               <<  y  ;  y  >>    10.3950      0.35277498     -0.10171760j                                                
               <<  y  ;  z  >>    10.3950      0.09544180     -0.07441649j                                                
               <<  z  ;  x  >>    10.3950     -0.06680957      0.08150060j                                                
               <<  z  ;  y  >>    10.3950      0.09544180     -0.07441649j                                                
               <<  z  ;  z  >>    10.3950      0.40486437     -0.12757577j                                                
                                                                                                                          
               Dipole  Dipole   Frequency            Real        Imaginary                                                
               -----------------------------------------------------------                                                
               <<  x  ;  x  >>    10.3975      0.37625580     -0.07255369j                                                
               <<  x  ;  y  >>    10.3975     -0.04150987      0.04553303j                                                
               <<  x  ;  z  >>    10.3975     -0.04814463      0.05320894j                                                
               <<  y  ;  x  >>    10.3975     -0.04150987      0.04553303j                                                
               <<  y  ;  y  >>    10.3975      0.32038740     -0.07804236j                                                
               <<  y  ;  z  >>    10.3975      0.08034404     -0.04802115j                                                
               <<  z  ;  x  >>    10.3975     -0.04814463      0.05320894j                                                
               <<  z  ;  y  >>    10.3975      0.08034404     -0.04802115j                                                
               <<  z  ;  z  >>    10.3975      0.37072655     -0.08964612j                                                
                                                                                                                          
               Dipole  Dipole   Frequency            Real        Imaginary                                                
               -----------------------------------------------------------                                                
               <<  x  ;  x  >>    10.4000      0.34922663     -0.05899542j                                                
               <<  x  ;  y  >>    10.4000     -0.02644166      0.03546612j                                                
               <<  x  ;  z  >>    10.4000     -0.03096392      0.03860607j                                                
               <<  y  ;  x  >>    10.4000     -0.02644166      0.03546612j                                                
               <<  y  ;  y  >>    10.4000      0.28906488     -0.06826918j                                                
               <<  y  ;  z  >>    10.4000      0.06580923     -0.03534533j                                                
               <<  z  ;  x  >>    10.4000     -0.03096392      0.03860607j                                                
               <<  z  ;  y  >>    10.4000      0.06580923     -0.03534533j                                                
               <<  z  ;  z  >>    10.4000      0.33777190     -0.07018837j                                                
                                                                                                                          
               Linear Absorption Cross-Section                                                                            
               ===============================                                                                            
                                                                                                                          
               Reference: J. Kauczor and P. Norman, J. Chem. Theory Comput. 2014, 10, 2449-2455.                          
                                                                                                                          
               Frequency[a.u.]     Frequency[eV]        sigma(w)[a.u.]                                                    
               -------------------------------------------------------                                                    
               10.1000             274.83500              0.01009673                                                      
               10.1025             274.90303              0.01109201                                                      
               10.1050             274.97106              0.01228684                                                      
               10.1075             275.03909              0.01374067                                                      
               10.1100             275.10711              0.01553725                                                      
               10.1125             275.17514              0.01779786                                                      
               10.1150             275.24317              0.02070421                                                      
               10.1175             275.31120              0.02453945                                                      
               10.1200             275.37923              0.02975782                                                      
               10.1225             275.44726              0.03703073                                                      
               10.1250             275.51529              0.04710063                                                      
               10.1275             275.58331              0.06173181                                                      
               10.1300             275.65134              0.08531418                                                      
               10.1325             275.71937              0.12597416                                                      
               10.1350             275.78740              0.20073103                                                      
               10.1375             275.85543              0.34107444                                                      
               10.1400             275.92346              0.54409730                                                      
               10.1425             275.99148              0.57958353                                                      
               10.1450             276.05951              0.38535192                                                      
               10.1475             276.12754              0.22624135                                                      
               10.1500             276.19557              0.13996956                                                      
               10.1525             276.26360              0.09362074                                                      
               10.1550             276.33163              0.06704828                                                      
               10.1575             276.39966              0.05075748                                                      
               10.1600             276.46768              0.04019518                                                      
               10.1625             276.53571              0.03303780                                                      
               10.1650             276.60374              0.02802111                                                      
               10.1675             276.67177              0.02441719                                                      
               10.1700             276.73980              0.02178652                                                      
               10.1725             276.80783              0.01985326                                                      
               10.1750             276.87586              0.01843916                                                      
               10.1775             276.94388              0.01742696                                                      
               10.1800             277.01191              0.01673932                                                      
               10.1825             277.07994              0.01632666                                                      
               10.1850             277.14797              0.01616016                                                      
               10.1875             277.21600              0.01622836                                                      
               10.1900             277.28403              0.01653651                                                      
               10.1925             277.35205              0.01710900                                                      
               10.1950             277.42008              0.01799592                                                      
               10.1975             277.48811              0.01928697                                                      
               10.2000             277.55614              0.02113993                                                      
               10.2025             277.62417              0.02384083                                                      
               10.2050             277.69220              0.02793802                                                      
               10.2075             277.76023              0.03454738                                                      
               10.2100             277.82825              0.04593755                                                      
               10.2125             277.89628              0.06510197                                                      
               10.2150             277.96431              0.08462864                                                      
               10.2175             278.03234              0.08360350                                                      
               10.2200             278.10037              0.08026768                                                      
               10.2225             278.16840              0.09413303                                                      
               10.2250             278.23642              0.12995329                                                      
               10.2275             278.30445              0.16501029                                                      
               10.2300             278.37248              0.14624383                                                      
               10.2325             278.44051              0.11368240                                                      
               10.2350             278.50854              0.10154946                                                      
               10.2375             278.57657              0.10807869                                                      
               10.2400             278.64460              0.13297385                                                      
               10.2425             278.71262              0.18488170                                                      
               10.2450             278.78065              0.28567465                                                      
               10.2475             278.84868              0.45804409                                                      
               10.2500             278.91671              0.60484171                                                      
               10.2525             278.98474              0.54906545                                                      
               10.2550             279.05277              0.45376877                                                      
               10.2575             279.12079              0.46391135                                                      
               10.2600             279.18882              0.45746089                                                      
               10.2625             279.25685              0.32427575                                                      
               10.2650             279.32488              0.20640000                                                      
               10.2675             279.39291              0.14098650                                                      
               10.2700             279.46094              0.10711561                                                      
               10.2725             279.52897              0.09129640                                                      
               10.2750             279.59699              0.08817604                                                      
               10.2775             279.66502              0.09165413                                                      
               10.2800             279.73305              0.09087641                                                      
               10.2825             279.80108              0.09580270                                                      
               10.2850             279.86911              0.11760730                                                      
               10.2875             279.93714              0.13765557                                                      
               10.2900             280.00516              0.11965514                                                      
               10.2925             280.07319              0.09641120                                                      
               10.2950             280.14122              0.09013709                                                      
               10.2975             280.20925              0.10078304                                                      
               10.3000             280.27728              0.13232951                                                      
               10.3025             280.34531              0.19555365                                                      
               10.3050             280.41334              0.28816440                                                      
               10.3075             280.48136              0.35730322                                                      
               10.3100             280.54939              0.30235699                                                      
               10.3125             280.61742              0.20817592                                                      
               10.3150             280.68545              0.15908256                                                      
               10.3175             280.75348              0.12774186                                                      
               10.3200             280.82151              0.09636284                                                      
               10.3225             280.88953              0.07761444                                                      
               10.3250             280.95756              0.07165656                                                      
               10.3275             281.02559              0.07704921                                                      
               10.3300             281.09362              0.09372312                                                      
               10.3325             281.16165              0.10823945                                                      
               10.3350             281.22968              0.11073373                                                      
               10.3375             281.29771              0.12757396                                                      
               10.3400             281.36573              0.15795208                                                      
               10.3425             281.43376              0.15792437                                                      
               10.3450             281.50179              0.12566130                                                      
               10.3475             281.56982              0.10939079                                                      
               10.3500             281.63785              0.12051150                                                      
               10.3525             281.70588              0.16402742                                                      
               10.3550             281.77390              0.22970501                                                      
               10.3575             281.84193              0.22728599                                                      
               10.3600             281.90996              0.15570489                                                      
               10.3625             281.97799              0.10330946                                                      
               10.3650             282.04602              0.07675451                                                      
               10.3675             282.11405              0.06505904                                                      
               10.3700             282.18208              0.06281102                                                      
               10.3725             282.25010              0.06923106                                                      
               10.3750             282.31813              0.08499716                                                      
               10.3775             282.38616              0.10073919                                                      
               10.3800             282.45419              0.11008272                                                      
               10.3825             282.52222              0.13753692                                                      
               10.3850             282.59025              0.19533280                                                      
               10.3875             282.65827              0.25626707                                                      
               10.3900             282.72630              0.23811933                                                      
               10.3925             282.79433              0.16012564                                                      
               10.3950             282.86236              0.10493280                                                      
               10.3975             282.93039              0.07635405                                                      
               10.4000             282.99842              0.06276983                                                      
                                                                                                                          
!========================================================================================================================!
!                               VeloxChem execution completed at Mon Jun 15 13:22:03 2026.                               !
!========================================================================================================================!
!                                          Total execution time is 116.53 sec.                                           !
!========================================================================================================================!
!                     Rinkevicius, Z.; Li, X.; Vahtras, O.; Ahmadzadeh, K.; Brand, M.; Ringholm, M.;                     !
!                              List, N. H.; Scheurer, M.; Scott, M.; Dreuw, A.; Norman, P.                               !
!                     VeloxChem: A Python-driven Density-functional Theory Program for Spectroscopy                      !
!                                Simulations in High-performance Computing Environments.                                 !
!                                       WIREs Comput Mol Sci 2020, 10 (5), e1457.                                        !
!========================================================================================================================!

